2025-07-10 22:16:27 - nourishly - INFO - :0 - API Request: GET / - 200
2025-07-10 22:16:29 - nourishly - INFO - :0 - API Request: GET /favicon.ico - 404
2025-07-10 22:16:35 - nourishly - INFO - :0 - API Request: GET /admin - 404
2025-07-10 22:16:35 - nourishly - INFO - :0 - API Request: GET /admin/ - 302
2025-07-10 22:16:35 - nourishly - INFO - :0 - API Request: GET /admin/login/ - 200
2025-07-10 22:17:52 - nourishly - INFO - :0 - Creating new user
2025-07-10 22:17:52 - nourishly - INFO - :0 - User created successfully
2025-07-10 22:20:04 - nourishly - INFO - :0 - Updating user
2025-07-10 22:20:04 - nourishly - INFO - :0 - User updated successfully
2025-07-10 22:20:04 - nourishly - INFO - :0 - API Request: POST /admin/login/ - 302
2025-07-10 22:20:04 - nourishly - INFO - :0 - API Request: GET /admin/ - 200
2025-07-10 22:20:09 - nourishly - INFO - :0 - API Request: GET /admin/users/user/ - 200
2025-07-10 22:20:09 - nourishly - INFO - :0 - API Request: GET /admin/jsi18n/ - 200
2025-07-18 14:41:34 - nourishly - INFO - :0 - API Request: GET / - 200
2025-07-18 14:41:34 - nourishly - INFO - :0 - API Request: GET /favicon.ico - 404
2025-07-18 14:52:51 - nourishly - INFO - :0 - API Request: GET / - 200
2025-07-18 14:53:30 - nourishly - INFO - :0 - API Request: GET /wjwkw - 404
2025-07-24 20:49:48 - nourishly - INFO - :0 - Budget Bytes scraper initialized
2025-07-24 20:50:53 - nourishly - ERROR - :0 - Invalid Budget Bytes URL
2025-07-24 21:04:36 - nourishly - INFO - :0 - Scraper configuration validated
2025-07-24 21:06:12 - nourishly - INFO - logger:325 - Budget Bytes scraper initialized
2025-07-24 21:06:25 - nourishly - INFO - logger:325 - Scraper configuration validated
2025-07-24 21:06:33 - nourishly - ERROR - logger:335 - Invalid Budget Bytes URL
2025-07-24 23:08:37 - nourishly - INFO - unknown:0 - Testing logger from test function
2025-07-24 23:08:37 - nourishly - ERROR - unknown:0 - Testing error log
2025-07-24 23:08:37 - nourishly - INFO - budgetbytes:29 - Budget Bytes scraper initialized
2025-07-24 23:08:37 - nourishly - INFO - budgetbytes:96 - Scraper configuration validated
2025-07-24 23:08:37 - nourishly - INFO - unknown:0 - Validation result
2025-07-24 21:09:24 - nourishly - INFO - budgetbytes:96 - Scraper configuration validated
2025-07-24 21:09:46 - nourishly - ERROR - budgetbytes:48 - Invalid Budget Bytes URL
2025-07-24 21:25:13 - nourishly - INFO - budgetbytes:72 - Starting recipe scrape
2025-07-24 21:25:15 - nourishly - ERROR - budgetbytes:258 - Failed to normalize recipe data
2025-07-24 21:25:15 - nourishly - ERROR - budgetbytes:88 - Failed to scrape recipe
2025-07-24 21:26:59 - nourishly - INFO - budgetbytes:73 - Starting recipe scrape
2025-07-24 21:27:01 - nourishly - ERROR - budgetbytes:260 - Failed to normalize recipe data
2025-07-24 21:27:01 - nourishly - ERROR - budgetbytes:89 - Failed to scrape recipe
2025-07-24 21:28:22 - nourishly - INFO - budgetbytes:73 - Starting recipe scrape
2025-07-24 21:28:24 - nourishly - INFO - budgetbytes:248 - Recipe data normalized successfully
2025-07-24 21:28:24 - nourishly - INFO - budgetbytes:79 - Recipe scraped successfully
2025-07-24 21:41:17 - nourishly - INFO - budgetbytes:72 - Starting recipe scrape
2025-07-24 21:41:19 - nourishly - INFO - budgetbytes:266 - Recipe data normalized successfully
2025-07-24 21:41:19 - nourishly - INFO - budgetbytes:78 - Recipe scraped successfully
2025-07-24 21:51:06 - nourishly - INFO - budgetbytes:73 - Starting recipe scrape
2025-07-24 21:51:08 - nourishly - INFO - budgetbytes:267 - Recipe data normalized successfully
2025-07-24 21:51:08 - nourishly - INFO - budgetbytes:79 - Recipe scraped successfully
2025-07-24 21:54:12 - nourishly - INFO - budgetbytes:73 - Starting recipe scrape
2025-07-24 21:54:14 - nourishly - INFO - budgetbytes:267 - Recipe data normalized successfully
2025-07-24 21:54:14 - nourishly - INFO - budgetbytes:79 - Recipe scraped successfully
2025-07-24 22:04:08 - nourishly - INFO - budgetbytes:73 - Starting recipe scrape
2025-07-24 22:04:11 - nourishly - INFO - budgetbytes:274 - Recipe data normalized successfully
2025-07-24 22:04:11 - nourishly - INFO - budgetbytes:79 - Recipe scraped successfully
2025-07-26 17:14:03 - nourishly - INFO - budgetbytes:37 - Budget Bytes scraper initialized
2025-07-26 17:15:52 - nourishly - INFO - budgetbytes:73 - Starting recipe scrape
2025-07-26 17:15:55 - nourishly - DEBUG - budgetbytes:235 - Ingredient parsing completed
2025-07-26 17:15:55 - nourishly - INFO - budgetbytes:274 - Recipe data normalized successfully
2025-07-26 17:15:55 - nourishly - INFO - budgetbytes:79 - Recipe scraped successfully
2025-07-26 17:39:12 - nourishly - INFO - budgetbytes:37 - Budget Bytes scraper initialized
2025-07-26 18:08:33 - nourishly - INFO - budgetbytes:38 - Budget Bytes scraper initialized
2025-07-26 18:08:41 - nourishly - INFO - budgetbytes:74 - Starting recipe scrape
2025-07-26 18:08:44 - nourishly - DEBUG - budgetbytes:236 - Ingredient parsing completed
2025-07-26 18:08:44 - nourishly - DEBUG - budgetbytes:666 - Macros extracted
2025-07-26 18:08:44 - nourishly - INFO - budgetbytes:279 - Recipe data normalized successfully
2025-07-26 18:08:44 - nourishly - INFO - budgetbytes:80 - Recipe scraped successfully
2025-07-26 19:33:56 - nourishly - INFO - budgetbytes:39 - Budget Bytes scraper initialized
2025-07-26 19:35:11 - nourishly - INFO - budgetbytes:39 - Budget Bytes scraper initialized
2025-07-26 19:35:22 - nourishly - INFO - budgetbytes:75 - Starting recipe scrape
2025-07-26 19:35:25 - nourishly - DEBUG - budgetbytes:237 - Ingredient parsing completed
2025-07-26 19:35:25 - nourishly - DEBUG - budgetbytes:712 - Macros extracted
2025-07-26 19:35:25 - nourishly - INFO - budgetbytes:282 - Recipe data normalized successfully
2025-07-26 19:35:25 - nourishly - INFO - budgetbytes:81 - Recipe scraped successfully
2025-07-27 12:35:38 - nourishly - INFO - budgetbytes:41 - Budget Bytes scraper initialized
2025-07-27 12:35:49 - nourishly - INFO - budgetbytes:77 - Starting recipe scrape
2025-07-27 12:35:52 - nourishly - DEBUG - budgetbytes:239 - Ingredient parsing completed
2025-07-27 12:35:52 - nourishly - DEBUG - budgetbytes:712 - Macros extracted
2025-07-27 12:35:52 - nourishly - INFO - budgetbytes:284 - Recipe data normalized successfully
2025-07-27 12:35:52 - nourishly - INFO - budgetbytes:83 - Recipe scraped successfully
2025-07-29 19:10:23 - nourishly - INFO - api_ninja:40 - Initializing API NINJA Nutrition API
2025-07-29 19:11:10 - nourishly - INFO - base:355 - Macro analysis request
2025-07-29 19:11:10 - nourishly - DEBUG - api_ninja:345 - Making API Ninja request
2025-07-29 19:11:11 - nourishly - ERROR - api_ninja:117 - API Ninja unexpected error
2025-07-29 19:18:15 - nourishly - INFO - api_ninja:40 - Initializing API NINJA Nutrition API
2025-07-29 19:18:18 - nourishly - INFO - base:355 - Macro analysis request
2025-07-29 19:18:18 - nourishly - DEBUG - api_ninja:356 - Making API Ninja request
2025-07-29 19:18:19 - nourishly - ERROR - api_ninja:124 - API Ninja unexpected error
2025-07-29 19:20:40 - nourishly - INFO - base:355 - Macro analysis request
2025-07-29 19:20:40 - nourishly - DEBUG - api_ninja:356 - Making API Ninja request
2025-07-29 19:20:41 - nourishly - ERROR - api_ninja:124 - API Ninja unexpected error
2025-07-29 19:22:19 - nourishly - INFO - base:355 - Macro analysis request
2025-07-29 19:22:19 - nourishly - DEBUG - api_ninja:356 - Making API Ninja request
2025-07-29 19:22:20 - nourishly - INFO - base:370 - Macro analysis successful
2025-07-31 18:10:51 - nourishly - INFO - api_ninja:40 - Initializing API NINJA Nutrition API
2025-07-31 18:11:27 - nourishly - INFO - base:355 - Macro analysis request
2025-07-31 18:11:27 - nourishly - DEBUG - api_ninja:356 - Making API Ninja request
2025-07-31 18:11:29 - nourishly - INFO - base:370 - Macro analysis successful
2025-07-31 18:13:13 - nourishly - INFO - base:355 - Macro analysis request
2025-07-31 18:13:13 - nourishly - DEBUG - api_ninja:356 - Making API Ninja request
2025-07-31 18:13:15 - nourishly - INFO - base:370 - Macro analysis successful
2025-07-31 18:14:09 - nourishly - INFO - budgetbytes:41 - Budget Bytes scraper initialized
2025-07-31 18:14:28 - nourishly - INFO - budgetbytes:41 - Budget Bytes scraper initialized
2025-07-31 18:14:36 - nourishly - INFO - budgetbytes:77 - Starting recipe scrape
2025-07-31 18:14:39 - nourishly - DEBUG - budgetbytes:239 - Ingredient parsing completed
2025-07-31 18:14:39 - nourishly - DEBUG - budgetbytes:639 - Macros extracted
2025-07-31 18:14:39 - nourishly - INFO - budgetbytes:284 - Recipe data normalized successfully
2025-07-31 18:14:39 - nourishly - INFO - budgetbytes:83 - Recipe scraped successfully
2025-07-31 18:16:15 - nourishly - INFO - base:355 - Macro analysis request
2025-07-31 18:16:15 - nourishly - DEBUG - api_ninja:356 - Making API Ninja request
2025-07-31 18:16:15 - nourishly - ERROR - api_ninja:274 - API Ninja recipe error
2025-07-31 18:22:52 - nourishly - INFO - api_ninja:40 - Initializing API NINJA Nutrition API
2025-07-31 18:23:23 - nourishly - INFO - base:355 - Macro analysis request
2025-07-31 18:23:23 - nourishly - DEBUG - api_ninja:356 - Making API Ninja request
2025-07-31 18:23:23 - nourishly - ERROR - api_ninja:274 - API Ninja recipe error
2025-07-31 18:26:29 - nourishly - INFO - base:355 - Macro analysis request
2025-07-31 18:26:29 - nourishly - DEBUG - api_ninja:358 - Making API Ninja request
2025-07-31 18:26:29 - nourishly - INFO - base:370 - Macro analysis successful
2025-08-06 20:15:40 - nourishly - INFO - budgetbytes:43 - Budget Bytes scraper initialized
2025-08-06 20:15:40 - nourishly - INFO - budgetbytes:119 - Starting sitemap-based recipe URL discovery
2025-08-06 20:15:40 - nourishly - ERROR - budgetbytes:195 - Unexpected error fetching sitemap
2025-08-06 20:15:40 - nourishly - ERROR - budgetbytes:195 - Unexpected error fetching sitemap
2025-08-06 20:15:40 - nourishly - ERROR - budgetbytes:195 - Unexpected error fetching sitemap
2025-08-06 20:15:40 - nourishly - ERROR - budgetbytes:195 - Unexpected error fetching sitemap
2025-08-06 20:15:40 - nourishly - INFO - budgetbytes:126 - Sitemap discovery failed, falling back to category crawling
2025-08-06 20:15:40 - nourishly - INFO - budgetbytes:361 - Starting category-based recipe discovery (fallback method)
2025-08-06 20:15:40 - nourishly - ERROR - budgetbytes:466 - Failed to crawl category page
2025-08-06 20:15:40 - nourishly - INFO - budgetbytes:384 - Crawled category page
2025-08-06 20:15:40 - nourishly - ERROR - budgetbytes:466 - Failed to crawl category page
2025-08-06 20:15:40 - nourishly - INFO - budgetbytes:384 - Crawled category page
2025-08-06 20:15:40 - nourishly - ERROR - budgetbytes:466 - Failed to crawl category page
2025-08-06 20:15:40 - nourishly - INFO - budgetbytes:384 - Crawled category page
2025-08-06 20:15:40 - nourishly - ERROR - budgetbytes:466 - Failed to crawl category page
2025-08-06 20:15:40 - nourishly - INFO - budgetbytes:384 - Crawled category page
2025-08-06 20:15:40 - nourishly - ERROR - budgetbytes:466 - Failed to crawl category page
2025-08-06 20:15:40 - nourishly - INFO - budgetbytes:384 - Crawled category page
2025-08-06 20:15:40 - nourishly - ERROR - budgetbytes:466 - Failed to crawl category page
2025-08-06 20:15:40 - nourishly - INFO - budgetbytes:384 - Crawled category page
2025-08-06 20:15:40 - nourishly - ERROR - budgetbytes:466 - Failed to crawl category page
2025-08-06 20:15:40 - nourishly - INFO - budgetbytes:384 - Crawled category page
2025-08-06 20:15:40 - nourishly - INFO - budgetbytes:129 - Recipe URL discovery completed
2025-08-06 20:16:32 - nourishly - INFO - budgetbytes:43 - Budget Bytes scraper initialized
2025-08-06 20:16:32 - nourishly - INFO - budgetbytes:229 - Processing sitemap index
2025-08-06 20:16:32 - nourishly - ERROR - budgetbytes:285 - Failed to fetch sub-sitemap
2025-08-06 20:16:32 - nourishly - ERROR - budgetbytes:285 - Failed to fetch sub-sitemap
2025-08-06 20:17:12 - nourishly - INFO - budgetbytes:43 - Budget Bytes scraper initialized
2025-08-06 20:17:12 - nourishly - INFO - budgetbytes:244 - Processing regular sitemap
2025-08-06 20:17:37 - nourishly - INFO - budgetbytes:43 - Budget Bytes scraper initialized
2025-08-06 20:17:47 - nourishly - INFO - budgetbytes:43 - Budget Bytes scraper initialized
2025-08-06 20:17:47 - nourishly - INFO - budgetbytes:119 - Starting sitemap-based recipe URL discovery
2025-08-06 20:17:47 - nourishly - ERROR - budgetbytes:195 - Unexpected error fetching sitemap
2025-08-06 20:17:47 - nourishly - ERROR - budgetbytes:195 - Unexpected error fetching sitemap
2025-08-06 20:17:47 - nourishly - ERROR - budgetbytes:195 - Unexpected error fetching sitemap
2025-08-06 20:17:47 - nourishly - ERROR - budgetbytes:195 - Unexpected error fetching sitemap
2025-08-06 20:17:47 - nourishly - INFO - budgetbytes:126 - Sitemap discovery failed, falling back to category crawling
2025-08-06 20:17:47 - nourishly - INFO - budgetbytes:370 - Starting category-based recipe discovery (fallback method)
2025-08-06 20:17:47 - nourishly - ERROR - budgetbytes:475 - Failed to crawl category page
2025-08-06 20:17:47 - nourishly - INFO - budgetbytes:393 - Crawled category page
2025-08-06 20:17:47 - nourishly - ERROR - budgetbytes:475 - Failed to crawl category page
2025-08-06 20:17:47 - nourishly - INFO - budgetbytes:393 - Crawled category page
2025-08-06 20:17:47 - nourishly - ERROR - budgetbytes:475 - Failed to crawl category page
2025-08-06 20:17:47 - nourishly - INFO - budgetbytes:393 - Crawled category page
2025-08-06 20:17:47 - nourishly - ERROR - budgetbytes:475 - Failed to crawl category page
2025-08-06 20:17:47 - nourishly - INFO - budgetbytes:393 - Crawled category page
2025-08-06 20:17:47 - nourishly - ERROR - budgetbytes:475 - Failed to crawl category page
2025-08-06 20:17:47 - nourishly - INFO - budgetbytes:393 - Crawled category page
2025-08-06 20:17:47 - nourishly - ERROR - budgetbytes:475 - Failed to crawl category page
2025-08-06 20:17:47 - nourishly - INFO - budgetbytes:393 - Crawled category page
2025-08-06 20:17:47 - nourishly - ERROR - budgetbytes:475 - Failed to crawl category page
2025-08-06 20:17:47 - nourishly - INFO - budgetbytes:393 - Crawled category page
2025-08-06 20:17:47 - nourishly - INFO - budgetbytes:129 - Recipe URL discovery completed
2025-08-06 20:18:38 - nourishly - INFO - budgetbytes:43 - Budget Bytes scraper initialized
2025-08-06 20:18:38 - nourishly - INFO - budgetbytes:119 - Starting sitemap-based recipe URL discovery
2025-08-06 20:18:38 - nourishly - ERROR - budgetbytes:195 - Unexpected error fetching sitemap
2025-08-06 20:18:38 - nourishly - ERROR - budgetbytes:195 - Unexpected error fetching sitemap
2025-08-06 20:18:38 - nourishly - ERROR - budgetbytes:195 - Unexpected error fetching sitemap
2025-08-06 20:18:38 - nourishly - ERROR - budgetbytes:195 - Unexpected error fetching sitemap
2025-08-06 20:18:38 - nourishly - INFO - budgetbytes:126 - Sitemap discovery failed, falling back to category crawling
2025-08-06 20:18:38 - nourishly - INFO - budgetbytes:388 - Starting category-based recipe discovery (fallback method)
2025-08-06 20:18:38 - nourishly - ERROR - budgetbytes:493 - Failed to crawl category page
2025-08-06 20:18:38 - nourishly - INFO - budgetbytes:411 - Crawled category page
2025-08-06 20:18:38 - nourishly - ERROR - budgetbytes:493 - Failed to crawl category page
2025-08-06 20:18:38 - nourishly - INFO - budgetbytes:411 - Crawled category page
2025-08-06 20:18:38 - nourishly - ERROR - budgetbytes:493 - Failed to crawl category page
2025-08-06 20:18:38 - nourishly - INFO - budgetbytes:411 - Crawled category page
2025-08-06 20:18:38 - nourishly - ERROR - budgetbytes:493 - Failed to crawl category page
2025-08-06 20:18:38 - nourishly - INFO - budgetbytes:411 - Crawled category page
2025-08-06 20:18:38 - nourishly - ERROR - budgetbytes:493 - Failed to crawl category page
2025-08-06 20:18:38 - nourishly - INFO - budgetbytes:411 - Crawled category page
2025-08-06 20:18:38 - nourishly - ERROR - budgetbytes:493 - Failed to crawl category page
2025-08-06 20:18:38 - nourishly - INFO - budgetbytes:411 - Crawled category page
2025-08-06 20:18:38 - nourishly - ERROR - budgetbytes:493 - Failed to crawl category page
2025-08-06 20:18:38 - nourishly - INFO - budgetbytes:411 - Crawled category page
2025-08-06 20:18:38 - nourishly - INFO - budgetbytes:129 - Recipe URL discovery completed
2025-08-06 20:18:58 - nourishly - INFO - budgetbytes:43 - Budget Bytes scraper initialized
2025-08-06 20:18:58 - nourishly - INFO - budgetbytes:119 - Starting sitemap-based recipe URL discovery
2025-08-06 20:19:00 - nourishly - INFO - budgetbytes:164 - Attempting to fetch sitemap
2025-08-06 20:19:02 - nourishly - INFO - budgetbytes:171 - Successfully fetched sitemap
2025-08-06 20:19:02 - nourishly - INFO - budgetbytes:229 - Processing sitemap index
2025-08-06 20:19:02 - nourishly - INFO - budgetbytes:238 - Found post sitemaps
2025-08-06 20:19:02 - nourishly - ERROR - budgetbytes:304 - Failed to fetch sub-sitemap (Exception)
2025-08-06 20:19:02 - nourishly - WARNING - budgetbytes:251 - Failed to fetch sub-sitemap
2025-08-06 20:19:02 - nourishly - ERROR - budgetbytes:304 - Failed to fetch sub-sitemap (Exception)
2025-08-06 20:19:02 - nourishly - WARNING - budgetbytes:251 - Failed to fetch sub-sitemap
2025-08-06 20:19:04 - nourishly - INFO - budgetbytes:164 - Attempting to fetch sitemap
2025-08-06 20:19:04 - nourishly - INFO - budgetbytes:171 - Successfully fetched sitemap
2025-08-06 20:19:04 - nourishly - INFO - budgetbytes:229 - Processing sitemap index
2025-08-06 20:19:04 - nourishly - INFO - budgetbytes:238 - Found post sitemaps
2025-08-06 20:19:04 - nourishly - ERROR - budgetbytes:304 - Failed to fetch sub-sitemap (Exception)
2025-08-06 20:19:04 - nourishly - WARNING - budgetbytes:251 - Failed to fetch sub-sitemap
2025-08-06 20:19:04 - nourishly - ERROR - budgetbytes:304 - Failed to fetch sub-sitemap (Exception)
2025-08-06 20:19:04 - nourishly - WARNING - budgetbytes:251 - Failed to fetch sub-sitemap
2025-08-06 20:19:06 - nourishly - INFO - budgetbytes:164 - Attempting to fetch sitemap
2025-08-06 20:19:17 - nourishly - INFO - budgetbytes:171 - Successfully fetched sitemap
2025-08-06 20:19:18 - nourishly - INFO - budgetbytes:255 - Processing regular sitemap
2025-08-06 20:19:18 - nourishly - INFO - budgetbytes:175 - Found URLs in sitemap
2025-08-06 20:19:18 - nourishly - INFO - budgetbytes:201 - Filtered recipe URLs
2025-08-06 20:19:18 - nourishly - INFO - budgetbytes:129 - Recipe URL discovery completed
2025-08-06 20:19:37 - nourishly - INFO - budgetbytes:43 - Budget Bytes scraper initialized
2025-08-06 20:19:37 - nourishly - INFO - budgetbytes:119 - Starting sitemap-based recipe URL discovery
2025-08-06 20:19:39 - nourishly - INFO - budgetbytes:164 - Attempting to fetch sitemap
2025-08-06 20:19:40 - nourishly - INFO - budgetbytes:171 - Successfully fetched sitemap
2025-08-06 20:19:40 - nourishly - INFO - budgetbytes:229 - Processing sitemap index
2025-08-06 20:19:40 - nourishly - INFO - budgetbytes:238 - Found post sitemaps
2025-08-06 20:19:40 - nourishly - ERROR - budgetbytes:304 - Failed to fetch sub-sitemap (Exception)
2025-08-06 20:19:40 - nourishly - WARNING - budgetbytes:251 - Failed to fetch sub-sitemap
2025-08-06 20:19:40 - nourishly - ERROR - budgetbytes:304 - Failed to fetch sub-sitemap (Exception)
2025-08-06 20:19:40 - nourishly - WARNING - budgetbytes:251 - Failed to fetch sub-sitemap
2025-08-06 20:19:42 - nourishly - INFO - budgetbytes:164 - Attempting to fetch sitemap
2025-08-06 20:19:42 - nourishly - INFO - budgetbytes:171 - Successfully fetched sitemap
2025-08-06 20:19:42 - nourishly - INFO - budgetbytes:229 - Processing sitemap index
2025-08-06 20:19:42 - nourishly - INFO - budgetbytes:238 - Found post sitemaps
2025-08-06 20:19:42 - nourishly - ERROR - budgetbytes:304 - Failed to fetch sub-sitemap (Exception)
2025-08-06 20:19:42 - nourishly - WARNING - budgetbytes:251 - Failed to fetch sub-sitemap
2025-08-06 20:19:42 - nourishly - ERROR - budgetbytes:304 - Failed to fetch sub-sitemap (Exception)
2025-08-06 20:19:42 - nourishly - WARNING - budgetbytes:251 - Failed to fetch sub-sitemap
2025-08-06 20:19:44 - nourishly - INFO - budgetbytes:164 - Attempting to fetch sitemap
2025-08-06 20:19:44 - nourishly - INFO - budgetbytes:171 - Successfully fetched sitemap
2025-08-06 20:19:44 - nourishly - INFO - budgetbytes:255 - Processing regular sitemap
2025-08-06 20:19:44 - nourishly - INFO - budgetbytes:175 - Found URLs in sitemap
2025-08-06 20:19:44 - nourishly - INFO - budgetbytes:201 - Filtered recipe URLs
2025-08-06 20:19:44 - nourishly - INFO - budgetbytes:129 - Recipe URL discovery completed
2025-08-26 18:36:58 - nourishly - INFO - budgetbytes:43 - Budget Bytes scraper initialized
2025-08-26 18:41:21 - nourishly - INFO - budgetbytes:119 - Starting sitemap-based recipe URL discovery
2025-08-26 18:41:23 - nourishly - INFO - budgetbytes:168 - Attempting to fetch sitemap
2025-08-26 18:41:30 - nourishly - INFO - budgetbytes:179 - Successfully fetched sitemap
2025-08-26 18:41:30 - nourishly - INFO - budgetbytes:245 - Processing sitemap index
2025-08-26 18:41:30 - nourishly - INFO - budgetbytes:254 - Found post sitemaps
2025-08-26 18:41:30 - nourishly - ERROR - budgetbytes:348 - Failed to fetch sub-sitemap (Exception)
2025-08-26 18:41:30 - nourishly - WARNING - budgetbytes:275 - Failed to fetch sub-sitemap
2025-08-26 18:41:30 - nourishly - ERROR - budgetbytes:348 - Failed to fetch sub-sitemap (Exception)
2025-08-26 18:41:30 - nourishly - WARNING - budgetbytes:275 - Failed to fetch sub-sitemap
2025-08-26 18:41:32 - nourishly - INFO - budgetbytes:168 - Attempting to fetch sitemap
2025-08-26 18:41:32 - nourishly - INFO - budgetbytes:179 - Successfully fetched sitemap
2025-08-26 18:41:32 - nourishly - INFO - budgetbytes:245 - Processing sitemap index
2025-08-26 18:41:32 - nourishly - INFO - budgetbytes:254 - Found post sitemaps
2025-08-26 18:41:32 - nourishly - ERROR - budgetbytes:348 - Failed to fetch sub-sitemap (Exception)
2025-08-26 18:41:32 - nourishly - WARNING - budgetbytes:275 - Failed to fetch sub-sitemap
2025-08-26 18:41:32 - nourishly - ERROR - budgetbytes:348 - Failed to fetch sub-sitemap (Exception)
2025-08-26 18:41:32 - nourishly - WARNING - budgetbytes:275 - Failed to fetch sub-sitemap
2025-08-26 18:41:34 - nourishly - INFO - budgetbytes:168 - Attempting to fetch sitemap
2025-08-26 18:41:49 - nourishly - INFO - budgetbytes:179 - Successfully fetched sitemap
2025-08-26 18:41:49 - nourishly - INFO - budgetbytes:279 - Processing regular sitemap
2025-08-26 18:41:49 - nourishly - INFO - budgetbytes:183 - Found URLs in sitemap
2025-08-26 18:41:49 - nourishly - INFO - budgetbytes:215 - Filtered recipe URLs
2025-08-26 18:41:49 - nourishly - INFO - budgetbytes:133 - Recipe URL discovery completed
2025-08-26 19:08:11 - nourishly - INFO - budgetbytes:38 - Budget Bytes scraper initialized
2025-08-26 19:08:59 - nourishly - ERROR - budgetbytes:71 - Invalid Budget Bytes URL
2025-08-26 19:50:40 - nourishly - INFO - budgetbytes:41 - Budget Bytes scraper initialized
2025-08-26 19:51:00 - nourishly - INFO - budgetbytes:77 - Starting recipe scrape
2025-08-26 19:51:03 - nourishly - DEBUG - budgetbytes:812 - Parsing ingredient
2025-08-26 19:51:03 - nourishly - DEBUG - budgetbytes:838 - Failed to parse ingredient with ingredient_parser
2025-08-26 19:51:03 - nourishly - DEBUG - budgetbytes:812 - Parsing ingredient
2025-08-26 19:51:03 - nourishly - DEBUG - budgetbytes:838 - Failed to parse ingredient with ingredient_parser
2025-08-26 19:51:03 - nourishly - DEBUG - budgetbytes:812 - Parsing ingredient
2025-08-26 19:51:03 - nourishly - DEBUG - budgetbytes:838 - Failed to parse ingredient with ingredient_parser
2025-08-26 19:51:03 - nourishly - DEBUG - budgetbytes:812 - Parsing ingredient
2025-08-26 19:51:03 - nourishly - DEBUG - budgetbytes:838 - Failed to parse ingredient with ingredient_parser
2025-08-26 19:51:03 - nourishly - DEBUG - budgetbytes:812 - Parsing ingredient
2025-08-26 19:51:03 - nourishly - DEBUG - budgetbytes:838 - Failed to parse ingredient with ingredient_parser
2025-08-26 19:51:03 - nourishly - DEBUG - budgetbytes:812 - Parsing ingredient
2025-08-26 19:51:03 - nourishly - DEBUG - budgetbytes:838 - Failed to parse ingredient with ingredient_parser
2025-08-26 19:51:03 - nourishly - DEBUG - budgetbytes:812 - Parsing ingredient
2025-08-26 19:51:03 - nourishly - DEBUG - budgetbytes:838 - Failed to parse ingredient with ingredient_parser
2025-08-26 19:51:03 - nourishly - DEBUG - budgetbytes:812 - Parsing ingredient
2025-08-26 19:51:03 - nourishly - DEBUG - budgetbytes:838 - Failed to parse ingredient with ingredient_parser
2025-08-26 19:51:03 - nourishly - DEBUG - budgetbytes:812 - Parsing ingredient
2025-08-26 19:51:03 - nourishly - DEBUG - budgetbytes:838 - Failed to parse ingredient with ingredient_parser
2025-08-26 19:51:03 - nourishly - DEBUG - budgetbytes:676 - Ingredient parsing completed
2025-08-26 19:51:03 - nourishly - DEBUG - budgetbytes:1084 - Macros extracted
2025-08-26 19:51:03 - nourishly - INFO - budgetbytes:721 - Recipe data normalized successfully
2025-08-26 19:51:03 - nourishly - INFO - budgetbytes:82 - Recipe scraped successfully
2025-08-26 19:55:23 - nourishly - INFO - budgetbytes:77 - Starting recipe scrape
2025-08-26 19:55:25 - nourishly - DEBUG - budgetbytes:812 - Parsing ingredient
2025-08-26 19:55:25 - nourishly - DEBUG - budgetbytes:838 - Failed to parse ingredient with ingredient_parser: 1 cup uncooked long grain rice
2025-08-26 19:55:25 - nourishly - DEBUG - budgetbytes:812 - Parsing ingredient
2025-08-26 19:55:25 - nourishly - DEBUG - budgetbytes:838 - Failed to parse ingredient with ingredient_parser: 2 cubes bullion, vegetable, or chicken
2025-08-26 19:55:25 - nourishly - DEBUG - budgetbytes:812 - Parsing ingredient
2025-08-26 19:55:25 - nourishly - DEBUG - budgetbytes:838 - Failed to parse ingredient with ingredient_parser: 1/4 tsp chili powder
2025-08-26 19:55:25 - nourishly - DEBUG - budgetbytes:812 - Parsing ingredient
2025-08-26 19:55:25 - nourishly - DEBUG - budgetbytes:838 - Failed to parse ingredient with ingredient_parser: 1/4 bunch fresh cilantro
2025-08-26 19:55:25 - nourishly - DEBUG - budgetbytes:812 - Parsing ingredient
2025-08-26 19:55:25 - nourishly - DEBUG - budgetbytes:838 - Failed to parse ingredient with ingredient_parser: 6 poblano peppers
2025-08-26 19:55:25 - nourishly - DEBUG - budgetbytes:812 - Parsing ingredient
2025-08-26 19:55:25 - nourishly - DEBUG - budgetbytes:838 - Failed to parse ingredient with ingredient_parser: 4 oz. cheese
2025-08-26 19:55:25 - nourishly - DEBUG - budgetbytes:812 - Parsing ingredient
2025-08-26 19:55:25 - nourishly - DEBUG - budgetbytes:838 - Failed to parse ingredient with ingredient_parser: 3/4 cup divided salsa
2025-08-26 19:55:25 - nourishly - DEBUG - budgetbytes:812 - Parsing ingredient
2025-08-26 19:55:25 - nourishly - DEBUG - budgetbytes:838 - Failed to parse ingredient with ingredient_parser: 1 15oz. can black beans
2025-08-26 19:55:25 - nourishly - DEBUG - budgetbytes:812 - Parsing ingredient
2025-08-26 19:55:25 - nourishly - DEBUG - budgetbytes:838 - Failed to parse ingredient with ingredient_parser: non-stick spray (if needed)
2025-08-26 19:55:25 - nourishly - DEBUG - budgetbytes:676 - Ingredient parsing completed
2025-08-26 19:55:25 - nourishly - DEBUG - budgetbytes:1084 - Macros extracted
2025-08-26 19:55:25 - nourishly - INFO - budgetbytes:721 - Recipe data normalized successfully
2025-08-26 19:55:25 - nourishly - INFO - budgetbytes:82 - Recipe scraped successfully
2025-08-26 19:56:57 - nourishly - INFO - budgetbytes:77 - Starting recipe scrape
2025-08-26 19:57:00 - nourishly - DEBUG - budgetbytes:812 - Parsing ingredient
2025-08-26 19:57:00 - nourishly - DEBUG - budgetbytes:838 - Failed to parse ingredient with ingredient_parser: 1 cup uncooked long grain rice
2025-08-26 19:57:00 - nourishly - DEBUG - budgetbytes:812 - Parsing ingredient
2025-08-26 19:57:00 - nourishly - DEBUG - budgetbytes:838 - Failed to parse ingredient with ingredient_parser: 2 cubes bullion, vegetable, or chicken
2025-08-26 19:57:00 - nourishly - DEBUG - budgetbytes:812 - Parsing ingredient
2025-08-26 19:57:00 - nourishly - DEBUG - budgetbytes:838 - Failed to parse ingredient with ingredient_parser: 1/4 tsp chili powder
2025-08-26 19:57:00 - nourishly - DEBUG - budgetbytes:812 - Parsing ingredient
2025-08-26 19:57:00 - nourishly - DEBUG - budgetbytes:838 - Failed to parse ingredient with ingredient_parser: 1/4 bunch fresh cilantro
2025-08-26 19:57:00 - nourishly - DEBUG - budgetbytes:812 - Parsing ingredient
2025-08-26 19:57:00 - nourishly - DEBUG - budgetbytes:838 - Failed to parse ingredient with ingredient_parser: 6 poblano peppers
2025-08-26 19:57:00 - nourishly - DEBUG - budgetbytes:812 - Parsing ingredient
2025-08-26 19:57:00 - nourishly - DEBUG - budgetbytes:838 - Failed to parse ingredient with ingredient_parser: 4 oz. cheese
2025-08-26 19:57:00 - nourishly - DEBUG - budgetbytes:812 - Parsing ingredient
2025-08-26 19:57:00 - nourishly - DEBUG - budgetbytes:838 - Failed to parse ingredient with ingredient_parser: 3/4 cup divided salsa
2025-08-26 19:57:00 - nourishly - DEBUG - budgetbytes:812 - Parsing ingredient
2025-08-26 19:57:00 - nourishly - DEBUG - budgetbytes:838 - Failed to parse ingredient with ingredient_parser: 1 15oz. can black beans
2025-08-26 19:57:00 - nourishly - DEBUG - budgetbytes:812 - Parsing ingredient
2025-08-26 19:57:00 - nourishly - DEBUG - budgetbytes:838 - Failed to parse ingredient with ingredient_parser: non-stick spray (if needed)
2025-08-26 19:57:00 - nourishly - DEBUG - budgetbytes:676 - Ingredient parsing completed
2025-08-26 19:57:00 - nourishly - DEBUG - budgetbytes:1084 - Macros extracted
2025-08-26 19:57:00 - nourishly - INFO - budgetbytes:721 - Recipe data normalized successfully
2025-08-26 19:57:00 - nourishly - INFO - budgetbytes:82 - Recipe scraped successfully
2025-08-26 19:59:52 - nourishly - INFO - budgetbytes:78 - Starting recipe scrape
2025-08-26 19:59:55 - nourishly - DEBUG - budgetbytes:813 - Parsing ingredient
2025-08-26 19:59:55 - nourishly - DEBUG - budgetbytes:837 - Parsed ingredient using method
2025-08-26 19:59:55 - nourishly - DEBUG - budgetbytes:813 - Parsing ingredient
2025-08-26 19:59:55 - nourishly - DEBUG - budgetbytes:837 - Parsed ingredient using method
2025-08-26 19:59:55 - nourishly - DEBUG - budgetbytes:813 - Parsing ingredient
2025-08-26 19:59:55 - nourishly - DEBUG - budgetbytes:837 - Parsed ingredient using method
2025-08-26 19:59:55 - nourishly - DEBUG - budgetbytes:813 - Parsing ingredient
2025-08-26 19:59:55 - nourishly - DEBUG - budgetbytes:837 - Parsed ingredient using method
2025-08-26 19:59:55 - nourishly - DEBUG - budgetbytes:813 - Parsing ingredient
2025-08-26 19:59:55 - nourishly - DEBUG - budgetbytes:837 - Parsed ingredient using method
2025-08-26 19:59:55 - nourishly - DEBUG - budgetbytes:813 - Parsing ingredient
2025-08-26 19:59:55 - nourishly - DEBUG - budgetbytes:837 - Parsed ingredient using method
2025-08-26 19:59:55 - nourishly - DEBUG - budgetbytes:813 - Parsing ingredient
2025-08-26 19:59:55 - nourishly - DEBUG - budgetbytes:837 - Parsed ingredient using method
2025-08-26 19:59:55 - nourishly - DEBUG - budgetbytes:813 - Parsing ingredient
2025-08-26 19:59:55 - nourishly - DEBUG - budgetbytes:837 - Parsed ingredient using method
2025-08-26 19:59:55 - nourishly - DEBUG - budgetbytes:813 - Parsing ingredient
2025-08-26 19:59:55 - nourishly - DEBUG - budgetbytes:837 - Parsed ingredient using method
2025-08-26 19:59:55 - nourishly - DEBUG - budgetbytes:677 - Ingredient parsing completed
2025-08-26 19:59:55 - nourishly - DEBUG - budgetbytes:1085 - Macros extracted
2025-08-26 19:59:55 - nourishly - INFO - budgetbytes:722 - Recipe data normalized successfully
2025-08-26 19:59:55 - nourishly - INFO - budgetbytes:83 - Recipe scraped successfully
2025-08-27 16:57:08 - nourishly - INFO - budgetbytes:43 - Budget Bytes scraper initialized
2025-08-27 16:57:46 - nourishly - INFO - budgetbytes:79 - Starting recipe scrape
2025-08-27 16:57:48 - nourishly - INFO - budgetbytes:817 - Failed to parse ingredient with ingredient_parser: 2 cubes bullion, vegetable, or chicken
2025-08-27 16:57:48 - nourishly - ERROR - budgetbytes:715 - Failed to normalize recipe data
2025-08-27 17:00:31 - nourishly - INFO - budgetbytes:43 - Budget Bytes scraper initialized
2025-08-27 17:00:34 - nourishly - INFO - budgetbytes:79 - Starting recipe scrape
2025-08-27 17:00:36 - nourishly - INFO - budgetbytes:817 - Failed to parse ingredient with ingredient_parser: 2 cubes bullion, vegetable, or chicken
2025-08-27 17:00:36 - nourishly - ERROR - budgetbytes:715 - Failed to normalize recipe data
2025-08-27 17:01:44 - nourishly - INFO - budgetbytes:79 - Starting recipe scrape
2025-08-27 17:01:46 - nourishly - INFO - budgetbytes:818 - Failed to parse ingredient with ingredient_parser: 2 cubes bullion, vegetable, or chicken
2025-08-27 17:02:00 - nourishly - INFO - budgetbytes:79 - Starting recipe scrape
2025-08-27 17:02:02 - nourishly - INFO - budgetbytes:818 - Failed to parse ingredient with ingredient_parser: 2 cubes bullion, vegetable, or chicken
2025-08-27 17:02:02 - nourishly - ERROR - budgetbytes:716 - Failed to normalize recipe data Failed to extract ingredient information.
2025-08-27 17:03:54 - nourishly - INFO - budgetbytes:79 - Starting recipe scrape
2025-08-27 17:03:56 - nourishly - ERROR - budgetbytes:716 - Failed to normalize recipe data log_debug() takes 1 positional argument but 2 were given
2025-08-27 17:04:25 - nourishly - INFO - budgetbytes:79 - Starting recipe scrape
2025-08-27 17:04:27 - nourishly - INFO - budgetbytes:818 - Failed to parse ingredient with ingredient_parser: 2 cubes bullion, vegetable, or chicken
2025-08-27 17:04:27 - nourishly - ERROR - budgetbytes:716 - Failed to normalize recipe data Failed to extract ingredient information.
2025-08-27 17:06:27 - nourishly - INFO - budgetbytes:79 - Starting recipe scrape
2025-08-27 17:06:30 - nourishly - INFO - budgetbytes:818 - Failed to parse ingredient with ingredient_parser: 2 cubes bullion, vegetable, or chicken
2025-08-27 17:06:30 - nourishly - ERROR - budgetbytes:716 - Failed to normalize recipe data Failed to extract ingredient information.
2025-08-27 17:10:15 - nourishly - INFO - budgetbytes:79 - Starting recipe scrape
2025-08-27 17:10:17 - nourishly - INFO - budgetbytes:818 - Failed to parse ingredient with ingredient_parser: 2 cubes bullion, vegetable, or chicken
2025-08-27 17:10:17 - nourishly - ERROR - budgetbytes:716 - Failed to normalize recipe data Failed to extract ingredient information.
2025-08-27 17:11:51 - nourishly - INFO - budgetbytes:79 - Starting recipe scrape
2025-08-27 17:11:53 - nourishly - INFO - budgetbytes:818 - Failed to parse ingredient with ingredient_parser: non-stick spray (if needed)
2025-08-27 17:11:53 - nourishly - ERROR - budgetbytes:716 - Failed to normalize recipe data Failed to extract ingredient information.
2025-08-27 17:12:31 - nourishly - INFO - budgetbytes:79 - Starting recipe scrape
2025-08-27 17:12:33 - nourishly - INFO - budgetbytes:705 - Recipe data normalized successfully
2025-08-27 17:12:33 - nourishly - INFO - budgetbytes:84 - Recipe scraped successfully
2025-08-27 17:27:41 - nourishly - INFO - budgetbytes:110 - Starting sitemap-based recipe URL discovery
2025-08-27 17:27:43 - nourishly - INFO - budgetbytes:145 - Attempting to fetch sitemap
2025-08-27 17:27:48 - nourishly - INFO - budgetbytes:156 - Successfully fetched sitemap
2025-08-27 17:27:48 - nourishly - INFO - budgetbytes:221 - Processing sitemap index
2025-08-27 17:27:48 - nourishly - INFO - budgetbytes:230 - Found post sitemaps
2025-08-27 17:27:48 - nourishly - ERROR - budgetbytes:324 - Failed to fetch sub-sitemap (Exception)
2025-08-27 17:27:48 - nourishly - WARNING - budgetbytes:251 - Failed to fetch sub-sitemap
2025-08-27 17:27:48 - nourishly - ERROR - budgetbytes:324 - Failed to fetch sub-sitemap (Exception)
2025-08-27 17:27:48 - nourishly - WARNING - budgetbytes:251 - Failed to fetch sub-sitemap
2025-08-27 17:27:50 - nourishly - INFO - budgetbytes:145 - Attempting to fetch sitemap
2025-08-27 17:27:50 - nourishly - INFO - budgetbytes:156 - Successfully fetched sitemap
2025-08-27 17:27:50 - nourishly - INFO - budgetbytes:221 - Processing sitemap index
2025-08-27 17:27:50 - nourishly - INFO - budgetbytes:230 - Found post sitemaps
2025-08-27 17:27:50 - nourishly - ERROR - budgetbytes:324 - Failed to fetch sub-sitemap (Exception)
2025-08-27 17:27:50 - nourishly - WARNING - budgetbytes:251 - Failed to fetch sub-sitemap
2025-08-27 17:27:50 - nourishly - ERROR - budgetbytes:324 - Failed to fetch sub-sitemap (Exception)
2025-08-27 17:27:50 - nourishly - WARNING - budgetbytes:251 - Failed to fetch sub-sitemap
2025-08-27 17:27:52 - nourishly - INFO - budgetbytes:145 - Attempting to fetch sitemap
2025-08-27 17:28:06 - nourishly - INFO - budgetbytes:156 - Successfully fetched sitemap
2025-08-27 17:28:06 - nourishly - INFO - budgetbytes:255 - Processing regular sitemap
2025-08-27 17:28:06 - nourishly - INFO - budgetbytes:160 - Found URLs in sitemap
2025-08-27 17:28:06 - nourishly - INFO - budgetbytes:192 - Filtered recipe URLs
2025-08-27 17:28:06 - nourishly - INFO - budgetbytes:120 - Recipe URL discovery completed
2025-08-27 17:42:34 - nourishly - INFO - budgetbytes:110 - Starting sitemap-based recipe URL discovery
2025-08-27 17:42:36 - nourishly - INFO - budgetbytes:143 - Attempting to fetch sitemap
2025-08-27 17:42:41 - nourishly - INFO - budgetbytes:153 - Successfully fetched sitemap
2025-08-27 17:42:41 - nourishly - INFO - budgetbytes:214 - Processing sitemap index
2025-08-27 17:42:41 - nourishly - ERROR - budgetbytes:258 - Unexpected error parsing sitemap
2025-08-27 17:42:43 - nourishly - INFO - budgetbytes:143 - Attempting to fetch sitemap
2025-08-27 17:42:43 - nourishly - INFO - budgetbytes:153 - Successfully fetched sitemap
2025-08-27 17:42:43 - nourishly - INFO - budgetbytes:214 - Processing sitemap index
2025-08-27 17:42:43 - nourishly - ERROR - budgetbytes:258 - Unexpected error parsing sitemap
2025-08-27 17:42:45 - nourishly - INFO - budgetbytes:143 - Attempting to fetch sitemap
2025-08-27 17:42:58 - nourishly - INFO - budgetbytes:153 - Successfully fetched sitemap
2025-08-27 17:42:58 - nourishly - INFO - budgetbytes:248 - Processing regular sitemap
2025-08-27 17:42:58 - nourishly - ERROR - budgetbytes:258 - Unexpected error parsing sitemap
2025-08-27 17:43:00 - nourishly - INFO - budgetbytes:143 - Attempting to fetch sitemap
2025-08-27 17:43:03 - nourishly - WARNING - budgetbytes:164 - Sitemap request failed https://www.budgetbytes.com/recipe-sitemap.xml
2025-08-27 17:43:03 - nourishly - INFO - budgetbytes:117 - Sitemap discovery failed, falling back to category crawling
2025-08-27 17:43:03 - nourishly - INFO - budgetbytes:415 - Starting category-based recipe discovery (fallback method)
2025-08-27 17:43:03 - nourishly - ERROR - budgetbytes:533 - Failed to crawl category page
2025-08-27 17:43:03 - nourishly - INFO - budgetbytes:440 - Crawled category page
2025-08-27 17:43:03 - nourishly - ERROR - budgetbytes:533 - Failed to crawl category page
2025-08-27 17:43:03 - nourishly - INFO - budgetbytes:440 - Crawled category page
2025-08-27 17:43:03 - nourishly - ERROR - budgetbytes:533 - Failed to crawl category page
2025-08-27 17:43:03 - nourishly - INFO - budgetbytes:440 - Crawled category page
2025-08-27 17:43:03 - nourishly - ERROR - budgetbytes:533 - Failed to crawl category page
2025-08-27 17:43:03 - nourishly - INFO - budgetbytes:440 - Crawled category page
2025-08-27 17:43:03 - nourishly - ERROR - budgetbytes:533 - Failed to crawl category page
2025-08-27 17:43:03 - nourishly - INFO - budgetbytes:440 - Crawled category page
2025-08-27 17:43:03 - nourishly - ERROR - budgetbytes:533 - Failed to crawl category page
2025-08-27 17:43:03 - nourishly - INFO - budgetbytes:440 - Crawled category page
2025-08-27 17:43:03 - nourishly - ERROR - budgetbytes:533 - Failed to crawl category page
2025-08-27 17:43:03 - nourishly - INFO - budgetbytes:440 - Crawled category page
2025-08-27 17:43:03 - nourishly - INFO - budgetbytes:120 - Recipe URL discovery completed
2025-08-27 17:44:51 - nourishly - INFO - budgetbytes:110 - Starting sitemap-based recipe URL discovery
2025-08-27 17:44:53 - nourishly - INFO - budgetbytes:143 - Attempting to fetch sitemap
2025-08-27 17:44:58 - nourishly - INFO - budgetbytes:153 - Successfully fetched sitemap
2025-08-27 17:44:58 - nourishly - INFO - budgetbytes:214 - Processing sitemap index
2025-08-27 17:44:58 - nourishly - ERROR - budgetbytes:258 - Unexpected error parsing sitemap
2025-08-27 17:45:00 - nourishly - INFO - budgetbytes:143 - Attempting to fetch sitemap
2025-08-27 17:45:00 - nourishly - INFO - budgetbytes:153 - Successfully fetched sitemap
2025-08-27 17:45:00 - nourishly - INFO - budgetbytes:214 - Processing sitemap index
2025-08-27 17:45:00 - nourishly - ERROR - budgetbytes:258 - Unexpected error parsing sitemap
2025-08-27 17:45:02 - nourishly - INFO - budgetbytes:143 - Attempting to fetch sitemap
2025-08-27 17:45:14 - nourishly - INFO - budgetbytes:153 - Successfully fetched sitemap
2025-08-27 17:45:14 - nourishly - INFO - budgetbytes:248 - Processing regular sitemap
2025-08-27 17:45:14 - nourishly - ERROR - budgetbytes:258 - Unexpected error parsing sitemap
2025-08-27 17:45:16 - nourishly - INFO - budgetbytes:143 - Attempting to fetch sitemap
2025-08-27 17:45:16 - nourishly - WARNING - budgetbytes:164 - Sitemap request failed https://www.budgetbytes.com/recipe-sitemap.xml
2025-08-27 17:45:16 - nourishly - INFO - budgetbytes:117 - Sitemap discovery failed, falling back to category crawling
2025-08-27 17:45:16 - nourishly - INFO - budgetbytes:415 - Starting category-based recipe discovery (fallback method)
2025-08-27 17:45:16 - nourishly - ERROR - budgetbytes:533 - Failed to crawl category page
2025-08-27 17:45:16 - nourishly - INFO - budgetbytes:440 - Crawled category page
2025-08-27 17:45:16 - nourishly - ERROR - budgetbytes:533 - Failed to crawl category page
2025-08-27 17:45:16 - nourishly - INFO - budgetbytes:440 - Crawled category page
2025-08-27 17:45:16 - nourishly - ERROR - budgetbytes:533 - Failed to crawl category page
2025-08-27 17:45:16 - nourishly - INFO - budgetbytes:440 - Crawled category page
2025-08-27 17:45:16 - nourishly - ERROR - budgetbytes:533 - Failed to crawl category page
2025-08-27 17:45:16 - nourishly - INFO - budgetbytes:440 - Crawled category page
2025-08-27 17:45:16 - nourishly - ERROR - budgetbytes:533 - Failed to crawl category page
2025-08-27 17:45:16 - nourishly - INFO - budgetbytes:440 - Crawled category page
2025-08-27 17:45:16 - nourishly - ERROR - budgetbytes:533 - Failed to crawl category page
2025-08-27 17:45:16 - nourishly - INFO - budgetbytes:440 - Crawled category page
2025-08-27 17:45:16 - nourishly - ERROR - budgetbytes:533 - Failed to crawl category page
2025-08-27 17:45:16 - nourishly - INFO - budgetbytes:440 - Crawled category page
2025-08-27 17:45:16 - nourishly - INFO - budgetbytes:120 - Recipe URL discovery completed
2025-08-27 17:47:23 - nourishly - INFO - budgetbytes:43 - Budget Bytes scraper initialized
2025-08-27 17:47:26 - nourishly - INFO - budgetbytes:110 - Starting sitemap-based recipe URL discovery
2025-08-27 17:47:28 - nourishly - INFO - budgetbytes:143 - Attempting to fetch sitemap
2025-08-27 17:47:30 - nourishly - INFO - budgetbytes:153 - Successfully fetched sitemap
2025-08-27 17:47:30 - nourishly - INFO - budgetbytes:214 - Processing sitemap index
2025-08-27 17:47:30 - nourishly - INFO - budgetbytes:223 - Found post sitemaps
2025-08-27 17:47:30 - nourishly - ERROR - budgetbytes:317 - Failed to fetch sub-sitemap (Exception)
2025-08-27 17:47:30 - nourishly - WARNING - budgetbytes:244 - Failed to fetch sub-sitemap
2025-08-27 17:47:30 - nourishly - ERROR - budgetbytes:317 - Failed to fetch sub-sitemap (Exception)
2025-08-27 17:47:30 - nourishly - WARNING - budgetbytes:244 - Failed to fetch sub-sitemap
2025-08-27 17:47:32 - nourishly - INFO - budgetbytes:143 - Attempting to fetch sitemap
2025-08-27 17:47:33 - nourishly - INFO - budgetbytes:153 - Successfully fetched sitemap
2025-08-27 17:47:33 - nourishly - INFO - budgetbytes:214 - Processing sitemap index
2025-08-27 17:47:33 - nourishly - INFO - budgetbytes:223 - Found post sitemaps
2025-08-27 17:47:33 - nourishly - ERROR - budgetbytes:317 - Failed to fetch sub-sitemap (Exception)
2025-08-27 17:47:33 - nourishly - WARNING - budgetbytes:244 - Failed to fetch sub-sitemap
2025-08-27 17:47:33 - nourishly - ERROR - budgetbytes:317 - Failed to fetch sub-sitemap (Exception)
2025-08-27 17:47:33 - nourishly - WARNING - budgetbytes:244 - Failed to fetch sub-sitemap
2025-08-27 17:47:35 - nourishly - INFO - budgetbytes:143 - Attempting to fetch sitemap
2025-08-27 17:47:47 - nourishly - INFO - budgetbytes:153 - Successfully fetched sitemap
2025-08-27 17:47:47 - nourishly - INFO - budgetbytes:248 - Processing regular sitemap
2025-08-27 17:47:47 - nourishly - INFO - budgetbytes:157 - Found URLs in sitemap
2025-08-27 17:47:47 - nourishly - INFO - budgetbytes:189 - Filtered recipe URLs
2025-08-27 17:47:47 - nourishly - INFO - budgetbytes:120 - Recipe URL discovery completed
2025-08-27 18:01:54 - nourishly - INFO - budgetbytes:43 - Budget Bytes scraper initialized
2025-08-27 18:01:59 - nourishly - INFO - budgetbytes:110 - Starting sitemap-based recipe URL discovery
2025-08-27 18:02:01 - nourishly - INFO - budgetbytes:143 - Attempting to fetch sitemap
2025-08-27 18:02:03 - nourishly - WARNING - budgetbytes:164 - Sitemap request failed https://www.budgetbytes.com/recipe-sitemap.xml
2025-08-27 18:02:03 - nourishly - INFO - budgetbytes:117 - Sitemap discovery failed, falling back to category crawling
2025-08-27 18:02:03 - nourishly - INFO - budgetbytes:415 - Starting category-based recipe discovery (fallback method)
2025-08-27 18:02:03 - nourishly - ERROR - budgetbytes:533 - Failed to crawl category page
2025-08-27 18:02:03 - nourishly - INFO - budgetbytes:440 - Crawled category page
2025-08-27 18:02:03 - nourishly - ERROR - budgetbytes:533 - Failed to crawl category page
2025-08-27 18:02:03 - nourishly - INFO - budgetbytes:440 - Crawled category page
2025-08-27 18:02:03 - nourishly - ERROR - budgetbytes:533 - Failed to crawl category page
2025-08-27 18:02:03 - nourishly - INFO - budgetbytes:440 - Crawled category page
2025-08-27 18:02:03 - nourishly - ERROR - budgetbytes:533 - Failed to crawl category page
2025-08-27 18:02:03 - nourishly - INFO - budgetbytes:440 - Crawled category page
2025-08-27 18:02:03 - nourishly - ERROR - budgetbytes:533 - Failed to crawl category page
2025-08-27 18:02:03 - nourishly - INFO - budgetbytes:440 - Crawled category page
2025-08-27 18:02:03 - nourishly - ERROR - budgetbytes:533 - Failed to crawl category page
2025-08-27 18:02:03 - nourishly - INFO - budgetbytes:440 - Crawled category page
2025-08-27 18:02:03 - nourishly - ERROR - budgetbytes:533 - Failed to crawl category page
2025-08-27 18:02:03 - nourishly - INFO - budgetbytes:440 - Crawled category page
2025-08-27 18:02:03 - nourishly - INFO - budgetbytes:120 - Recipe URL discovery completed
2025-08-27 18:02:59 - nourishly - INFO - budgetbytes:43 - Budget Bytes scraper initialized
2025-08-27 18:03:02 - nourishly - INFO - budgetbytes:110 - Starting sitemap-based recipe URL discovery
2025-08-27 18:03:04 - nourishly - INFO - budgetbytes:143 - Attempting to fetch sitemap
2025-08-27 18:03:11 - nourishly - INFO - budgetbytes:153 - Successfully fetched sitemap
2025-08-27 18:03:11 - nourishly - INFO - budgetbytes:214 - Processing sitemap index
2025-08-27 18:03:11 - nourishly - INFO - budgetbytes:223 - Found post sitemaps
2025-08-27 18:03:11 - nourishly - ERROR - budgetbytes:317 - Failed to fetch sub-sitemap (Exception)
2025-08-27 18:03:11 - nourishly - WARNING - budgetbytes:244 - Failed to fetch sub-sitemap
2025-08-27 18:03:11 - nourishly - ERROR - budgetbytes:317 - Failed to fetch sub-sitemap (Exception)
2025-08-27 18:03:11 - nourishly - WARNING - budgetbytes:244 - Failed to fetch sub-sitemap
2025-08-27 18:03:11 - nourishly - INFO - budgetbytes:117 - Sitemap discovery failed, falling back to category crawling
2025-08-27 18:03:11 - nourishly - INFO - budgetbytes:415 - Starting category-based recipe discovery (fallback method)
2025-08-27 18:03:11 - nourishly - ERROR - budgetbytes:533 - Failed to crawl category page
2025-08-27 18:03:11 - nourishly - INFO - budgetbytes:440 - Crawled category page
2025-08-27 18:03:11 - nourishly - ERROR - budgetbytes:533 - Failed to crawl category page
2025-08-27 18:03:11 - nourishly - INFO - budgetbytes:440 - Crawled category page
2025-08-27 18:03:11 - nourishly - ERROR - budgetbytes:533 - Failed to crawl category page
2025-08-27 18:03:11 - nourishly - INFO - budgetbytes:440 - Crawled category page
2025-08-27 18:03:11 - nourishly - ERROR - budgetbytes:533 - Failed to crawl category page
2025-08-27 18:03:11 - nourishly - INFO - budgetbytes:440 - Crawled category page
2025-08-27 18:03:11 - nourishly - ERROR - budgetbytes:533 - Failed to crawl category page
2025-08-27 18:03:11 - nourishly - INFO - budgetbytes:440 - Crawled category page
2025-08-27 18:03:11 - nourishly - ERROR - budgetbytes:533 - Failed to crawl category page
2025-08-27 18:03:11 - nourishly - INFO - budgetbytes:440 - Crawled category page
2025-08-27 18:03:11 - nourishly - ERROR - budgetbytes:533 - Failed to crawl category page
2025-08-27 18:03:11 - nourishly - INFO - budgetbytes:440 - Crawled category page
2025-08-27 18:03:11 - nourishly - INFO - budgetbytes:120 - Recipe URL discovery completed
2025-08-27 18:04:19 - nourishly - INFO - budgetbytes:43 - Budget Bytes scraper initialized
2025-08-27 18:04:23 - nourishly - INFO - budgetbytes:110 - Starting sitemap-based recipe URL discovery
2025-08-27 18:04:25 - nourishly - INFO - budgetbytes:143 - Attempting to fetch sitemap
2025-08-27 18:04:30 - nourishly - INFO - budgetbytes:153 - Successfully fetched sitemap
2025-08-27 18:04:30 - nourishly - INFO - budgetbytes:214 - Processing sitemap index
2025-08-27 18:04:30 - nourishly - INFO - budgetbytes:223 - Found post sitemaps
2025-08-27 18:04:30 - nourishly - ERROR - budgetbytes:317 - Failed to fetch sub-sitemap (Exception)
2025-08-27 18:04:30 - nourishly - WARNING - budgetbytes:244 - Failed to fetch sub-sitemap
2025-08-27 18:04:30 - nourishly - ERROR - budgetbytes:317 - Failed to fetch sub-sitemap (Exception)
2025-08-27 18:04:30 - nourishly - WARNING - budgetbytes:244 - Failed to fetch sub-sitemap
2025-08-27 18:04:32 - nourishly - INFO - budgetbytes:143 - Attempting to fetch sitemap
2025-08-27 18:04:33 - nourishly - INFO - budgetbytes:153 - Successfully fetched sitemap
2025-08-27 18:04:33 - nourishly - INFO - budgetbytes:214 - Processing sitemap index
2025-08-27 18:04:33 - nourishly - INFO - budgetbytes:223 - Found post sitemaps
2025-08-27 18:04:33 - nourishly - ERROR - budgetbytes:317 - Failed to fetch sub-sitemap (Exception)
2025-08-27 18:04:33 - nourishly - WARNING - budgetbytes:244 - Failed to fetch sub-sitemap
2025-08-27 18:04:33 - nourishly - ERROR - budgetbytes:317 - Failed to fetch sub-sitemap (Exception)
2025-08-27 18:04:33 - nourishly - WARNING - budgetbytes:244 - Failed to fetch sub-sitemap
2025-08-27 18:04:35 - nourishly - INFO - budgetbytes:143 - Attempting to fetch sitemap
2025-08-27 18:04:48 - nourishly - INFO - budgetbytes:153 - Successfully fetched sitemap
2025-08-27 18:04:48 - nourishly - INFO - budgetbytes:248 - Processing regular sitemap
2025-08-27 18:04:48 - nourishly - INFO - budgetbytes:157 - Found URLs in sitemap
2025-08-27 18:04:48 - nourishly - INFO - budgetbytes:189 - Filtered recipe URLs
2025-08-27 18:04:48 - nourishly - INFO - budgetbytes:120 - Recipe URL discovery completed
2025-08-27 18:07:13 - nourishly - INFO - budgetbytes:43 - Budget Bytes scraper initialized
2025-08-27 18:07:17 - nourishly - INFO - budgetbytes:110 - Starting sitemap-based recipe URL discovery
2025-08-27 18:07:19 - nourishly - INFO - budgetbytes:143 - Attempting to fetch sitemap
2025-08-27 18:07:22 - nourishly - INFO - budgetbytes:153 - Successfully fetched sitemap
2025-08-27 18:07:22 - nourishly - INFO - budgetbytes:214 - Processing sitemap index
2025-08-27 18:07:22 - nourishly - INFO - budgetbytes:223 - Found post sitemaps
2025-08-27 18:07:22 - nourishly - ERROR - budgetbytes:317 - Failed to fetch sub-sitemap (Exception)
2025-08-27 18:07:22 - nourishly - WARNING - budgetbytes:244 - Failed to fetch sub-sitemap
2025-08-27 18:07:22 - nourishly - ERROR - budgetbytes:317 - Failed to fetch sub-sitemap (Exception)
2025-08-27 18:07:22 - nourishly - WARNING - budgetbytes:244 - Failed to fetch sub-sitemap
2025-08-27 18:07:24 - nourishly - INFO - budgetbytes:143 - Attempting to fetch sitemap
2025-08-27 18:07:36 - nourishly - INFO - budgetbytes:153 - Successfully fetched sitemap
2025-08-27 18:07:36 - nourishly - INFO - budgetbytes:248 - Processing regular sitemap
2025-08-27 18:07:36 - nourishly - INFO - budgetbytes:157 - Found URLs in sitemap
2025-08-27 18:07:36 - nourishly - INFO - budgetbytes:189 - Filtered recipe URLs
2025-08-27 18:07:36 - nourishly - INFO - budgetbytes:120 - Recipe URL discovery completed
2025-08-27 18:10:21 - nourishly - INFO - budgetbytes:43 - Budget Bytes scraper initialized
2025-08-27 18:10:24 - nourishly - INFO - budgetbytes:110 - Starting sitemap-based recipe URL discovery
2025-08-27 18:10:26 - nourishly - INFO - budgetbytes:143 - Attempting to fetch sitemap
2025-08-27 18:10:47 - nourishly - INFO - budgetbytes:153 - Successfully fetched sitemap
2025-08-27 18:10:47 - nourishly - INFO - budgetbytes:248 - Processing regular sitemap
2025-08-27 18:10:47 - nourishly - INFO - budgetbytes:157 - Found URLs in sitemap
2025-08-27 18:10:47 - nourishly - INFO - budgetbytes:189 - Filtered recipe URLs
2025-08-27 18:10:47 - nourishly - INFO - budgetbytes:120 - Recipe URL discovery completed
2025-08-27 18:24:58 - nourishly - INFO - budgetbytes:43 - Budget Bytes scraper initialized
2025-08-27 18:25:00 - nourishly - INFO - budgetbytes:110 - Starting sitemap-based recipe URL discovery
2025-08-27 18:25:02 - nourishly - INFO - budgetbytes:139 - Attempting to fetch sitemap
2025-08-27 18:25:17 - nourishly - INFO - budgetbytes:149 - Successfully fetched sitemap
2025-08-27 18:25:17 - nourishly - INFO - budgetbytes:227 - Processing regular sitemap
2025-08-27 18:25:17 - nourishly - INFO - budgetbytes:153 - Found URLs in sitemap
2025-08-27 18:25:17 - nourishly - INFO - budgetbytes:185 - Filtered recipe URLs
2025-08-27 18:25:17 - nourishly - INFO - budgetbytes:116 - Recipe URL discovery completed
2025-08-27 19:25:52 - nourishly - INFO - budgetbytes:44 - Budget Bytes scraper initialized
2025-08-27 19:26:09 - nourishly - ERROR - budgetbytes:77 - Invalid Budget Bytes URL
2025-08-27 19:30:27 - nourishly - INFO - budgetbytes:80 - Starting recipe scrape
2025-08-27 19:30:30 - nourishly - ERROR - budgetbytes:318 - Failed to extract ingredients
2025-08-27 19:30:30 - nourishly - ERROR - budgetbytes:371 - Failed to normalize recipe data Failed to extract raw ingredients
2025-08-27 19:34:24 - nourishly - INFO - budgetbytes:80 - Starting recipe scrape
2025-08-27 19:34:27 - nourishly - ERROR - budgetbytes:318 - Failed to extract ingredients
2025-08-27 19:34:27 - nourishly - ERROR - budgetbytes:371 - Failed to normalize recipe data Failed to extract raw ingredients
2025-08-27 19:35:51 - nourishly - INFO - budgetbytes:80 - Starting recipe scrape
2025-08-27 19:35:54 - nourishly - ERROR - budgetbytes:318 - Failed to extract ingredients
2025-08-27 19:35:54 - nourishly - ERROR - budgetbytes:372 - Failed to normalize recipe data Failed to extract raw ingredients
2025-08-27 19:38:20 - nourishly - INFO - budgetbytes:80 - Starting recipe scrape
2025-08-27 19:38:22 - nourishly - ERROR - budgetbytes:318 - Failed to extract ingredients
2025-08-27 19:38:22 - nourishly - ERROR - budgetbytes:372 - Failed to normalize recipe data Failed to extract raw ingredients
2025-08-27 19:41:56 - nourishly - INFO - budgetbytes:80 - Starting recipe scrape
2025-08-27 19:41:59 - nourishly - ERROR - budgetbytes:318 - Failed to extract ingredients
2025-08-27 19:41:59 - nourishly - ERROR - budgetbytes:372 - Failed to normalize recipe data Failed to extract raw ingredients
2025-08-27 19:42:45 - nourishly - INFO - budgetbytes:80 - Starting recipe scrape
2025-08-27 19:42:49 - nourishly - DEBUG - budgetbytes:330 - Ingredient parsing completed
2025-08-27 19:42:49 - nourishly - DEBUG - utils:135 - Macros extracted
2025-08-27 19:42:49 - nourishly - INFO - budgetbytes:360 - Recipe data normalized successfully
2025-08-27 19:42:49 - nourishly - INFO - budgetbytes:85 - Recipe scraped successfully
2025-08-27 20:00:10 - nourishly - INFO - budgetbytes:86 - Starting recipe scrape
2025-08-27 20:00:12 - nourishly - DEBUG - budgetbytes:336 - Ingredient parsing completed
2025-08-27 20:00:12 - nourishly - ERROR - utils:71 - Failed to extract data from method
2025-08-27 20:00:12 - nourishly - DEBUG - utils:135 - Macros extracted
2025-08-27 20:00:12 - nourishly - INFO - budgetbytes:366 - Recipe data normalized successfully
2025-08-27 20:00:12 - nourishly - INFO - budgetbytes:91 - Recipe scraped successfully
2025-09-05 19:48:08 - nourishly - INFO - budgetbytes:46 - Budget Bytes scraper initialized
2025-09-05 19:48:20 - nourishly - INFO - budgetbytes:113 - Starting sitemap-based recipe URL discovery
2025-09-05 19:48:22 - nourishly - INFO - budgetbytes:142 - Attempting to fetch sitemap
2025-09-05 19:48:26 - nourishly - INFO - budgetbytes:152 - Successfully fetched sitemap
2025-09-05 19:48:26 - nourishly - INFO - budgetbytes:231 - Processing regular sitemap
2025-09-05 19:48:26 - nourishly - INFO - budgetbytes:156 - Found URLs in sitemap
2025-09-05 19:48:26 - nourishly - INFO - budgetbytes:188 - Filtered recipe URLs
2025-09-05 19:48:26 - nourishly - DEBUG - budgetbytes:193 - Recipe URLs: 918
2025-09-05 19:48:26 - nourishly - INFO - budgetbytes:119 - Recipe URL discovery completed
2025-09-05 19:57:00 - nourishly - INFO - budgetbytes:113 - Starting sitemap-based recipe URL discovery
2025-09-05 19:57:02 - nourishly - INFO - budgetbytes:142 - Attempting to fetch sitemap
2025-09-05 19:57:03 - nourishly - INFO - budgetbytes:152 - Successfully fetched sitemap
2025-09-05 19:57:03 - nourishly - INFO - budgetbytes:231 - Processing regular sitemap
2025-09-05 19:57:03 - nourishly - INFO - budgetbytes:156 - Found URLs in sitemap
2025-09-05 19:57:03 - nourishly - INFO - budgetbytes:188 - Filtered recipe URLs
2025-09-05 19:57:03 - nourishly - DEBUG - budgetbytes:193 - Recipe URLs: 0
2025-09-05 19:57:03 - nourishly - INFO - budgetbytes:119 - Recipe URL discovery completed
2025-09-05 20:00:21 - nourishly - INFO - budgetbytes:113 - Starting sitemap-based recipe URL discovery
2025-09-05 20:00:23 - nourishly - INFO - budgetbytes:142 - Attempting to fetch sitemap
2025-09-05 20:00:28 - nourishly - INFO - budgetbytes:152 - Successfully fetched sitemap
2025-09-05 20:00:28 - nourishly - INFO - budgetbytes:231 - Processing regular sitemap
2025-09-05 20:00:28 - nourishly - INFO - budgetbytes:156 - Found URLs in sitemap
2025-09-05 20:00:28 - nourishly - INFO - budgetbytes:188 - Filtered recipe URLs
2025-09-05 20:00:28 - nourishly - DEBUG - budgetbytes:193 - Recipe URLs: 918
2025-09-05 20:00:28 - nourishly - INFO - budgetbytes:119 - Recipe URL discovery completed
2025-09-05 20:00:53 - nourishly - INFO - budgetbytes:113 - Starting sitemap-based recipe URL discovery
2025-09-05 20:00:55 - nourishly - INFO - budgetbytes:142 - Attempting to fetch sitemap
2025-09-05 20:00:59 - nourishly - INFO - budgetbytes:152 - Successfully fetched sitemap
2025-09-05 20:00:59 - nourishly - INFO - budgetbytes:231 - Processing regular sitemap
2025-09-05 20:00:59 - nourishly - INFO - budgetbytes:156 - Found URLs in sitemap
2025-09-05 20:00:59 - nourishly - INFO - budgetbytes:188 - Filtered recipe URLs
2025-09-05 20:00:59 - nourishly - DEBUG - budgetbytes:193 - Recipe URLs: 893
2025-09-05 20:00:59 - nourishly - INFO - budgetbytes:119 - Recipe URL discovery completed
2025-09-05 20:04:32 - nourishly - INFO - budgetbytes:113 - Starting sitemap-based recipe URL discovery
2025-09-05 20:04:34 - nourishly - INFO - budgetbytes:142 - Attempting to fetch sitemap
2025-09-05 20:04:37 - nourishly - INFO - budgetbytes:152 - Successfully fetched sitemap
2025-09-05 20:04:37 - nourishly - INFO - budgetbytes:231 - Processing regular sitemap
2025-09-05 20:04:37 - nourishly - INFO - budgetbytes:156 - Found URLs in sitemap
2025-09-05 20:04:39 - nourishly - INFO - budgetbytes:142 - Attempting to fetch sitemap
2025-09-05 20:04:43 - nourishly - INFO - budgetbytes:152 - Successfully fetched sitemap
2025-09-05 20:04:43 - nourishly - INFO - budgetbytes:231 - Processing regular sitemap
2025-09-05 20:04:43 - nourishly - INFO - budgetbytes:156 - Found URLs in sitemap
2025-09-05 20:04:43 - nourishly - INFO - budgetbytes:188 - Filtered recipe URLs
2025-09-05 20:04:43 - nourishly - DEBUG - budgetbytes:193 - Recipe URLs: 893
2025-09-05 20:04:43 - nourishly - INFO - budgetbytes:119 - Recipe URL discovery completed
2025-09-05 20:10:27 - nourishly - INFO - budgetbytes:113 - Starting sitemap-based recipe URL discovery
2025-09-05 20:10:29 - nourishly - INFO - budgetbytes:142 - Attempting to fetch sitemap
2025-09-05 20:10:33 - nourishly - INFO - budgetbytes:152 - Successfully fetched sitemap
2025-09-05 20:10:33 - nourishly - INFO - budgetbytes:231 - Processing regular sitemap
2025-09-05 20:10:33 - nourishly - INFO - budgetbytes:156 - Found URLs in sitemap
2025-09-05 20:10:35 - nourishly - INFO - budgetbytes:142 - Attempting to fetch sitemap
2025-09-05 20:10:36 - nourishly - INFO - budgetbytes:152 - Successfully fetched sitemap
2025-09-05 20:10:36 - nourishly - INFO - budgetbytes:231 - Processing regular sitemap
2025-09-05 20:10:36 - nourishly - INFO - budgetbytes:156 - Found URLs in sitemap
2025-09-05 20:10:36 - nourishly - INFO - budgetbytes:188 - Filtered recipe URLs
2025-09-05 20:10:36 - nourishly - DEBUG - budgetbytes:193 - Recipe URLs: 1811
2025-09-05 20:10:36 - nourishly - INFO - budgetbytes:119 - Recipe URL discovery completed
2025-09-05 21:15:02 - nourishly - INFO - budget_bytes_recipe_discovery:13 - Starting budget bytes recipe discovery
2025-09-05 21:16:55 - nourishly - INFO - budget_bytes_recipe_discovery:13 - Starting budget bytes recipe discovery
2025-09-05 21:16:55 - nourishly - INFO - budgetbytes:46 - Budget Bytes scraper initialized
2025-09-05 21:16:55 - nourishly - INFO - budgetbytes:112 - Starting sitemap-based recipe URL discovery
2025-09-05 21:16:57 - nourishly - INFO - budgetbytes:141 - Attempting to fetch sitemap
2025-09-05 21:17:01 - nourishly - INFO - budgetbytes:151 - Successfully fetched sitemap
2025-09-05 21:17:01 - nourishly - INFO - budgetbytes:230 - Processing regular sitemap
2025-09-05 21:17:01 - nourishly - INFO - budgetbytes:155 - Found URLs in sitemap
2025-09-05 21:17:03 - nourishly - INFO - budgetbytes:141 - Attempting to fetch sitemap
2025-09-05 21:17:07 - nourishly - INFO - budgetbytes:151 - Successfully fetched sitemap
2025-09-05 21:17:07 - nourishly - INFO - budgetbytes:230 - Processing regular sitemap
2025-09-05 21:17:07 - nourishly - INFO - budgetbytes:155 - Found URLs in sitemap
2025-09-05 21:17:07 - nourishly - INFO - budgetbytes:187 - Filtered recipe URLs
2025-09-05 21:17:07 - nourishly - DEBUG - budgetbytes:192 - Recipe URLs: 1811
2025-09-05 21:17:07 - nourishly - INFO - budgetbytes:118 - Recipe URL discovery completed
2025-09-05 21:17:07 - nourishly - INFO - budget_bytes_recipe_discovery:19 - Discovered recipe URL: https://www.budgetbytes.com/stuffed-poblano-peppers/
2025-09-05 21:17:07 - nourishly - INFO - budgetbytes:82 - Starting recipe scrape
2025-09-05 21:17:10 - nourishly - DEBUG - budgetbytes:331 - Ingredient parsing completed
2025-09-05 21:17:10 - nourishly - ERROR - utils:71 - Failed to extract data from method
2025-09-05 21:17:10 - nourishly - DEBUG - recipe_scrapers:54 - Macros extracted
2025-09-05 21:17:10 - nourishly - INFO - budgetbytes:361 - Recipe data normalized successfully
2025-09-05 21:17:10 - nourishly - INFO - budgetbytes:87 - Recipe scraped successfully
2025-09-05 21:17:10 - nourishly - INFO - budget_bytes_recipe_discovery:25 - Recipe data found, creating recipe
2025-09-05 21:17:10 - nourishly - DEBUG - budget_bytes_recipe_discovery:26 - Recipe data: RecipeData(title='Stuffed Poblano Peppers', source_url='https://www.budgetbytes.com/stuffed-poblano-peppers/', description='Stuffed poblano peppers are a fun, filling, and flavorful vegetarian meal. The southwest flavors are vibrant while beans and rice keep you feeling full.', ingredients=[IngredientData(name='long grain rice', quantity=1.0, unit='cup', notes='uncooked', original_text='1 cup uncooked long grain rice ($0.30)'), IngredientData(name='bullion', quantity=2.0, unit='cubes', notes=None, original_text='2 cubes bullion, vegetable, or chicken ($0.24)'), IngredientData(name='chili powder', quantity=0.25, unit='teaspoon', notes=None, original_text='1/4 tsp chili powder ($0.05)'), IngredientData(name='fresh cilantro', quantity=0.25, unit='bunches', notes=None, original_text='1/4 bunch fresh cilantro ($0.17)'), IngredientData(name='poblano peppers', quantity=6.0, unit='', notes=None, original_text='6 poblano peppers ($2.98)'), IngredientData(name='cheese', quantity=4.0, unit='ounce', notes=None, original_text='4 oz. cheese ($0.99)'), IngredientData(name='salsa', quantity=0.75, unit='cup', notes='divided', original_text='3/4 cup divided salsa ($0.52)'), IngredientData(name='black beans', quantity=1.0, unit='can', notes=None, original_text='1 15oz. can black beans ($0.87)'), IngredientData(name='non-stick spray', quantity=None, unit=None, notes=None, original_text='non-stick spray (if needed) ($0.10)')], instructions=['Cook the rice in a medium pot with 1.75 cups of water and two buillion cubes. (instructions for cooking rice here) While the rice is cooking, finely chop the cilantro. Mix the cilantro and chili powder into the rice after it has finished cooking. Set the rice aside until you are ready to use it.', 'While the rice is cooking, roast the poblanos. Preheat the broiler to 400 degrees. Spray a baking sheet and coat all sides of the poblano peppers with non-stick spray (you can rub olive oil all over them but I find spraying is much easier). Place the baking sheet a few inches under the broiler (I use the second rack level) and broil on each side for 5 minutes.', 'After broiling the poblanos, the skin should be blistered and bubbly. Immediately place the peppers into a ziplock bag for about 15 minutes to allow the steam to loosen the skin. Remove them from the bag and peel away as much of the skin as possible (be gentle and it is okay if you can’t get ALL of the skin).', 'Cut a boat shaped piece out of each pepper and then carefully remove the seeds and seed pod. Save the pieces of pepper that are removed to make the openings because it makes a great ingredient for salads, burrito bowls or quesadillas (breakfast quesadilla anyone?).', 'Preheat the oven to 350 degrees (bake, not broil this time). Gently fill the peppers with layers of seasoned rice, salsa, cheese and beans. I began with rice (1/3 to 1/2 cup), then 1 Tbsp of salsa, 1/3 oz. of cheese, beans (as much as I could stuff in), then more salsa and cheese (same amounts as before).', 'Place the peppers back in the oven and bake until they are heated through and the cheese is melted (about 20 minutes). Enjoy!'], prep_time=30, cook_time=90, servings='6 servings', cuisine_type='Southwest', difficulty_level=None, image_url='https://www.budgetbytes.com/wp-content/uploads/2010/02/Stuffed20Poblanos202.jpg', nutrition={'servingSize': '1 Serving', 'calories': '290.52 kcal', 'carbohydrateContent': '47.75 g', 'proteinContent': '13.53 g', 'fatContent': '5.08 g', 'fiberContent': '9.8 g', 'sodiumContent': '921.68 mg'}, macros=MacroNutrition(calories=290.52, protein=13.53, carbohydrates=47.75, fat=5.08, fiber=9.8, sugar=None, sodium=921.68, saturated_fat=None, cholesterol=None), tags=['Diner,Main Course,Side Dish', 'Southwest'], dietary_restrictions=[], author='Beth Moncel', rating=4.67, provider=None)
2026-01-02 16:44:01 - nourishly - INFO - budget_bytes_recipe_discovery:17 - Starting budget bytes recipe discovery
2026-01-02 16:44:01 - nourishly - INFO - budgetbytes:46 - Budget Bytes scraper initialized
2026-01-02 16:48:02 - nourishly - INFO - budget_bytes_recipe_discovery:17 - Starting budget bytes recipe discovery
2026-01-02 16:48:02 - nourishly - INFO - budgetbytes:46 - Budget Bytes scraper initialized
2026-01-02 16:48:16 - nourishly - INFO - budget_bytes_recipe_discovery:17 - Starting budget bytes recipe discovery
2026-01-02 16:48:16 - nourishly - INFO - budgetbytes:46 - Budget Bytes scraper initialized
2026-01-02 16:48:16 - nourishly - INFO - api_ninja:36 - Initializing API NINJA Nutrition API
2026-01-02 16:48:16 - nourishly - INFO - budgetbytes:112 - Starting sitemap-based recipe URL discovery
2026-01-02 16:48:18 - nourishly - INFO - budgetbytes:141 - Attempting to fetch sitemap
2026-01-02 16:48:24 - nourishly - INFO - budgetbytes:151 - Successfully fetched sitemap
2026-01-02 16:48:24 - nourishly - INFO - budgetbytes:230 - Processing regular sitemap
2026-01-02 16:48:24 - nourishly - INFO - budgetbytes:155 - Found URLs in sitemap
2026-01-02 16:48:26 - nourishly - INFO - budgetbytes:141 - Attempting to fetch sitemap
2026-01-02 16:48:31 - nourishly - INFO - budgetbytes:151 - Successfully fetched sitemap
2026-01-02 16:48:31 - nourishly - INFO - budgetbytes:230 - Processing regular sitemap
2026-01-02 16:48:31 - nourishly - INFO - budgetbytes:155 - Found URLs in sitemap
2026-01-02 16:48:32 - nourishly - INFO - budgetbytes:187 - Filtered recipe URLs
2026-01-02 16:48:32 - nourishly - DEBUG - budgetbytes:192 - Recipe URLs: 1868
2026-01-02 16:48:32 - nourishly - INFO - budgetbytes:118 - Recipe URL discovery completed
2026-01-02 16:48:32 - nourishly - INFO - budget_bytes_recipe_discovery:24 - Discovered recipe URL: https://www.budgetbytes.com/stuffed-poblano-peppers/
2026-01-02 16:48:32 - nourishly - INFO - budgetbytes:82 - Starting recipe scrape
2026-01-02 16:48:34 - nourishly - DEBUG - budgetbytes:331 - Ingredient parsing completed
2026-01-02 16:48:34 - nourishly - ERROR - utils:71 - Failed to extract data from method
2026-01-02 16:48:34 - nourishly - DEBUG - recipe_scrapers:54 - Macros extracted
2026-01-02 16:48:34 - nourishly - INFO - budgetbytes:361 - Recipe data normalized successfully
2026-01-02 16:48:34 - nourishly - INFO - budgetbytes:87 - Recipe scraped successfully
2026-01-02 16:48:34 - nourishly - INFO - budget_bytes_recipe_discovery:27 - Recipe data: RecipeData(title='Stuffed Poblano Peppers', source_url='https://www.budgetbytes.com/stuffed-poblano-peppers/', description='Stuffed poblano peppers are a fun, filling, and flavorful vegetarian meal. The southwest flavors are vibrant while beans and rice keep you feeling full.', ingredients=[IngredientData(name='long grain rice', quantity=1.0, unit='cup', notes='uncooked', original_text='1 cup uncooked long grain rice ($0.30)'), IngredientData(name='bullion', quantity=2.0, unit='cubes', notes=None, original_text='2 cubes bullion, vegetable, or chicken ($0.24)'), IngredientData(name='chili powder', quantity=0.25, unit='teaspoon', notes=None, original_text='1/4 tsp chili powder ($0.05)'), IngredientData(name='fresh cilantro', quantity=0.25, unit='bunches', notes=None, original_text='1/4 bunch fresh cilantro ($0.17)'), IngredientData(name='poblano peppers', quantity=6.0, unit='', notes=None, original_text='6 poblano peppers ($2.98)'), IngredientData(name='cheese', quantity=4.0, unit='ounce', notes=None, original_text='4 oz. cheese ($0.99)'), IngredientData(name='salsa', quantity=0.75, unit='cup', notes='divided', original_text='3/4 cup divided salsa ($0.52)'), IngredientData(name='black beans', quantity=1.0, unit='can', notes=None, original_text='1 15oz. can black beans ($0.87)'), IngredientData(name='non-stick spray', quantity=None, unit=None, notes=None, original_text='non-stick spray (if needed) ($0.10)')], instructions=['Cook the rice in a medium pot with 1.75 cups of water and two buillion cubes. (instructions for cooking rice here) While the rice is cooking, finely chop the cilantro. Mix the cilantro and chili powder into the rice after it has finished cooking. Set the rice aside until you are ready to use it.', 'While the rice is cooking, roast the poblanos. Preheat the broiler to 400 degrees. Spray a baking sheet and coat all sides of the poblano peppers with non-stick spray (you can rub olive oil all over them but I find spraying is much easier). Place the baking sheet a few inches under the broiler (I use the second rack level) and broil on each side for 5 minutes.', 'After broiling the poblanos, the skin should be blistered and bubbly. Immediately place the peppers into a ziplock bag for about 15 minutes to allow the steam to loosen the skin. Remove them from the bag and peel away as much of the skin as possible (be gentle and it is okay if you can’t get ALL of the skin).', 'Cut a boat shaped piece out of each pepper and then carefully remove the seeds and seed pod. Save the pieces of pepper that are removed to make the openings because it makes a great ingredient for salads, burrito bowls or quesadillas (breakfast quesadilla anyone?).', 'Preheat the oven to 350 degrees (bake, not broil this time). Gently fill the peppers with layers of seasoned rice, salsa, cheese and beans. I began with rice (1/3 to 1/2 cup), then 1 Tbsp of salsa, 1/3 oz. of cheese, beans (as much as I could stuff in), then more salsa and cheese (same amounts as before).', 'Place the peppers back in the oven and bake until they are heated through and the cheese is melted (about 20 minutes). Enjoy!'], prep_time=30, cook_time=90, servings='6 servings', cuisine_type='Southwest', difficulty_level=None, image_url='https://www.budgetbytes.com/wp-content/uploads/2010/02/Stuffed20Poblanos202.jpg', nutrition={'servingSize': '1 Serving', 'calories': '290.52 kcal', 'carbohydrateContent': '47.75 g', 'proteinContent': '13.53 g', 'fatContent': '5.08 g', 'fiberContent': '9.8 g', 'sodiumContent': '921.68 mg'}, macros=MacroNutrition(calories=290.52, protein=13.53, carbohydrates=47.75, fat=5.08, fiber=9.8, sugar=None, sodium=921.68, saturated_fat=None, cholesterol=None), tags=['Diner,Main Course,Side Dish', 'Southwest'], dietary_restrictions=[], author='Beth Moncel', rating=4.67, provider=None)
2026-01-02 16:48:34 - nourishly - INFO - budget_bytes_recipe_discovery:49 - Recipe data found, creating recipe
2026-01-02 16:51:53 - nourishly - INFO - budget_bytes_recipe_discovery:17 - Starting budget bytes recipe discovery
2026-01-02 16:51:53 - nourishly - INFO - budgetbytes:46 - Budget Bytes scraper initialized
2026-01-02 16:51:53 - nourishly - INFO - api_ninja:36 - Initializing API NINJA Nutrition API
2026-01-02 16:51:53 - nourishly - INFO - budgetbytes:112 - Starting sitemap-based recipe URL discovery
2026-01-02 16:51:55 - nourishly - INFO - budgetbytes:141 - Attempting to fetch sitemap
2026-01-02 16:52:00 - nourishly - INFO - budgetbytes:151 - Successfully fetched sitemap
2026-01-02 16:52:01 - nourishly - INFO - budgetbytes:230 - Processing regular sitemap
2026-01-02 16:52:01 - nourishly - INFO - budgetbytes:155 - Found URLs in sitemap
2026-01-02 16:52:03 - nourishly - INFO - budgetbytes:141 - Attempting to fetch sitemap
2026-01-02 16:52:08 - nourishly - INFO - budgetbytes:151 - Successfully fetched sitemap
2026-01-02 16:52:08 - nourishly - INFO - budgetbytes:230 - Processing regular sitemap
2026-01-02 16:52:08 - nourishly - INFO - budgetbytes:155 - Found URLs in sitemap
2026-01-02 16:52:08 - nourishly - INFO - budgetbytes:187 - Filtered recipe URLs
2026-01-02 16:52:08 - nourishly - DEBUG - budgetbytes:192 - Recipe URLs: 1868
2026-01-02 16:52:08 - nourishly - INFO - budgetbytes:118 - Recipe URL discovery completed
2026-01-02 16:52:08 - nourishly - INFO - budget_bytes_recipe_discovery:24 - Discovered recipe URL: https://www.budgetbytes.com/stuffed-poblano-peppers/
2026-01-02 16:52:08 - nourishly - INFO - budgetbytes:82 - Starting recipe scrape
2026-01-02 16:52:11 - nourishly - DEBUG - budgetbytes:331 - Ingredient parsing completed
2026-01-02 16:52:11 - nourishly - ERROR - utils:71 - Failed to extract data from method
2026-01-02 16:52:11 - nourishly - DEBUG - recipe_scrapers:54 - Macros extracted
2026-01-02 16:52:11 - nourishly - INFO - budgetbytes:361 - Recipe data normalized successfully
2026-01-02 16:52:11 - nourishly - INFO - budgetbytes:87 - Recipe scraped successfully
2026-01-02 16:52:11 - nourishly - INFO - budget_bytes_recipe_discovery:27 - Recipe data: RecipeData(title='Stuffed Poblano Peppers', source_url='https://www.budgetbytes.com/stuffed-poblano-peppers/', description='Stuffed poblano peppers are a fun, filling, and flavorful vegetarian meal. The southwest flavors are vibrant while beans and rice keep you feeling full.', ingredients=[IngredientData(name='long grain rice', quantity=1.0, unit='cup', notes='uncooked', original_text='1 cup uncooked long grain rice ($0.30)'), IngredientData(name='bullion', quantity=2.0, unit='cubes', notes=None, original_text='2 cubes bullion, vegetable, or chicken ($0.24)'), IngredientData(name='chili powder', quantity=0.25, unit='teaspoon', notes=None, original_text='1/4 tsp chili powder ($0.05)'), IngredientData(name='fresh cilantro', quantity=0.25, unit='bunches', notes=None, original_text='1/4 bunch fresh cilantro ($0.17)'), IngredientData(name='poblano peppers', quantity=6.0, unit='', notes=None, original_text='6 poblano peppers ($2.98)'), IngredientData(name='cheese', quantity=4.0, unit='ounce', notes=None, original_text='4 oz. cheese ($0.99)'), IngredientData(name='salsa', quantity=0.75, unit='cup', notes='divided', original_text='3/4 cup divided salsa ($0.52)'), IngredientData(name='black beans', quantity=1.0, unit='can', notes=None, original_text='1 15oz. can black beans ($0.87)'), IngredientData(name='non-stick spray', quantity=None, unit=None, notes=None, original_text='non-stick spray (if needed) ($0.10)')], instructions=['Cook the rice in a medium pot with 1.75 cups of water and two buillion cubes. (instructions for cooking rice here) While the rice is cooking, finely chop the cilantro. Mix the cilantro and chili powder into the rice after it has finished cooking. Set the rice aside until you are ready to use it.', 'While the rice is cooking, roast the poblanos. Preheat the broiler to 400 degrees. Spray a baking sheet and coat all sides of the poblano peppers with non-stick spray (you can rub olive oil all over them but I find spraying is much easier). Place the baking sheet a few inches under the broiler (I use the second rack level) and broil on each side for 5 minutes.', 'After broiling the poblanos, the skin should be blistered and bubbly. Immediately place the peppers into a ziplock bag for about 15 minutes to allow the steam to loosen the skin. Remove them from the bag and peel away as much of the skin as possible (be gentle and it is okay if you can’t get ALL of the skin).', 'Cut a boat shaped piece out of each pepper and then carefully remove the seeds and seed pod. Save the pieces of pepper that are removed to make the openings because it makes a great ingredient for salads, burrito bowls or quesadillas (breakfast quesadilla anyone?).', 'Preheat the oven to 350 degrees (bake, not broil this time). Gently fill the peppers with layers of seasoned rice, salsa, cheese and beans. I began with rice (1/3 to 1/2 cup), then 1 Tbsp of salsa, 1/3 oz. of cheese, beans (as much as I could stuff in), then more salsa and cheese (same amounts as before).', 'Place the peppers back in the oven and bake until they are heated through and the cheese is melted (about 20 minutes). Enjoy!'], prep_time=30, cook_time=90, servings='6 servings', cuisine_type='Southwest', difficulty_level=None, image_url='https://www.budgetbytes.com/wp-content/uploads/2010/02/Stuffed20Poblanos202.jpg', nutrition={'servingSize': '1 Serving', 'calories': '290.52 kcal', 'carbohydrateContent': '47.75 g', 'proteinContent': '13.53 g', 'fatContent': '5.08 g', 'fiberContent': '9.8 g', 'sodiumContent': '921.68 mg'}, macros=MacroNutrition(calories=290.52, protein=13.53, carbohydrates=47.75, fat=5.08, fiber=9.8, sugar=None, sodium=921.68, saturated_fat=None, cholesterol=None), tags=['Diner,Main Course,Side Dish', 'Southwest'], dietary_restrictions=[], author='Beth Moncel', rating=4.67, provider=None)
2026-01-02 16:52:11 - nourishly - INFO - budget_bytes_recipe_discovery:49 - Recipe data found, creating recipe
2026-01-02 16:53:38 - nourishly - INFO - budget_bytes_recipe_discovery:17 - Starting budget bytes recipe discovery
2026-01-02 16:53:38 - nourishly - INFO - budgetbytes:46 - Budget Bytes scraper initialized
2026-01-02 16:53:38 - nourishly - INFO - api_ninja:36 - Initializing API NINJA Nutrition API
2026-01-02 16:53:38 - nourishly - INFO - budgetbytes:112 - Starting sitemap-based recipe URL discovery
2026-01-02 16:53:40 - nourishly - INFO - budgetbytes:141 - Attempting to fetch sitemap
2026-01-02 16:53:46 - nourishly - INFO - budgetbytes:151 - Successfully fetched sitemap
2026-01-02 16:53:46 - nourishly - INFO - budgetbytes:230 - Processing regular sitemap
2026-01-02 16:53:46 - nourishly - INFO - budgetbytes:155 - Found URLs in sitemap
2026-01-02 16:53:48 - nourishly - INFO - budgetbytes:141 - Attempting to fetch sitemap
2026-01-02 16:53:53 - nourishly - INFO - budgetbytes:151 - Successfully fetched sitemap
2026-01-02 16:53:53 - nourishly - INFO - budgetbytes:230 - Processing regular sitemap
2026-01-02 16:53:53 - nourishly - INFO - budgetbytes:155 - Found URLs in sitemap
2026-01-02 16:53:53 - nourishly - INFO - budgetbytes:187 - Filtered recipe URLs
2026-01-02 16:53:53 - nourishly - DEBUG - budgetbytes:192 - Recipe URLs: 1868
2026-01-02 16:53:53 - nourishly - INFO - budgetbytes:118 - Recipe URL discovery completed
2026-01-02 16:53:53 - nourishly - INFO - budget_bytes_recipe_discovery:24 - Discovered recipe URL: https://www.budgetbytes.com/stuffed-poblano-peppers/
2026-01-02 16:53:53 - nourishly - INFO - budgetbytes:82 - Starting recipe scrape
2026-01-02 16:53:56 - nourishly - DEBUG - budgetbytes:331 - Ingredient parsing completed
2026-01-02 16:53:56 - nourishly - ERROR - utils:71 - Failed to extract data from method dietary_restrictions with default value None and error recipe-scrapers (15.8.0) exception: No dietary restrictions data in SchemaOrg.
2026-01-02 16:53:56 - nourishly - DEBUG - recipe_scrapers:54 - Macros extracted
2026-01-02 16:53:56 - nourishly - INFO - budgetbytes:361 - Recipe data normalized successfully
2026-01-02 16:53:56 - nourishly - INFO - budgetbytes:87 - Recipe scraped successfully
2026-01-02 16:53:56 - nourishly - INFO - budget_bytes_recipe_discovery:27 - Recipe data: RecipeData(title='Stuffed Poblano Peppers', source_url='https://www.budgetbytes.com/stuffed-poblano-peppers/', description='Stuffed poblano peppers are a fun, filling, and flavorful vegetarian meal. The southwest flavors are vibrant while beans and rice keep you feeling full.', ingredients=[IngredientData(name='long grain rice', quantity=1.0, unit='cup', notes='uncooked', original_text='1 cup uncooked long grain rice ($0.30)'), IngredientData(name='bullion', quantity=2.0, unit='cubes', notes=None, original_text='2 cubes bullion, vegetable, or chicken ($0.24)'), IngredientData(name='chili powder', quantity=0.25, unit='teaspoon', notes=None, original_text='1/4 tsp chili powder ($0.05)'), IngredientData(name='fresh cilantro', quantity=0.25, unit='bunches', notes=None, original_text='1/4 bunch fresh cilantro ($0.17)'), IngredientData(name='poblano peppers', quantity=6.0, unit='', notes=None, original_text='6 poblano peppers ($2.98)'), IngredientData(name='cheese', quantity=4.0, unit='ounce', notes=None, original_text='4 oz. cheese ($0.99)'), IngredientData(name='salsa', quantity=0.75, unit='cup', notes='divided', original_text='3/4 cup divided salsa ($0.52)'), IngredientData(name='black beans', quantity=1.0, unit='can', notes=None, original_text='1 15oz. can black beans ($0.87)'), IngredientData(name='non-stick spray', quantity=None, unit=None, notes=None, original_text='non-stick spray (if needed) ($0.10)')], instructions=['Cook the rice in a medium pot with 1.75 cups of water and two buillion cubes. (instructions for cooking rice here) While the rice is cooking, finely chop the cilantro. Mix the cilantro and chili powder into the rice after it has finished cooking. Set the rice aside until you are ready to use it.', 'While the rice is cooking, roast the poblanos. Preheat the broiler to 400 degrees. Spray a baking sheet and coat all sides of the poblano peppers with non-stick spray (you can rub olive oil all over them but I find spraying is much easier). Place the baking sheet a few inches under the broiler (I use the second rack level) and broil on each side for 5 minutes.', 'After broiling the poblanos, the skin should be blistered and bubbly. Immediately place the peppers into a ziplock bag for about 15 minutes to allow the steam to loosen the skin. Remove them from the bag and peel away as much of the skin as possible (be gentle and it is okay if you can’t get ALL of the skin).', 'Cut a boat shaped piece out of each pepper and then carefully remove the seeds and seed pod. Save the pieces of pepper that are removed to make the openings because it makes a great ingredient for salads, burrito bowls or quesadillas (breakfast quesadilla anyone?).', 'Preheat the oven to 350 degrees (bake, not broil this time). Gently fill the peppers with layers of seasoned rice, salsa, cheese and beans. I began with rice (1/3 to 1/2 cup), then 1 Tbsp of salsa, 1/3 oz. of cheese, beans (as much as I could stuff in), then more salsa and cheese (same amounts as before).', 'Place the peppers back in the oven and bake until they are heated through and the cheese is melted (about 20 minutes). Enjoy!'], prep_time=30, cook_time=90, servings='6 servings', cuisine_type='Southwest', difficulty_level=None, image_url='https://www.budgetbytes.com/wp-content/uploads/2010/02/Stuffed20Poblanos202.jpg', nutrition={'servingSize': '1 Serving', 'calories': '290.52 kcal', 'carbohydrateContent': '47.75 g', 'proteinContent': '13.53 g', 'fatContent': '5.08 g', 'fiberContent': '9.8 g', 'sodiumContent': '921.68 mg'}, macros=MacroNutrition(calories=290.52, protein=13.53, carbohydrates=47.75, fat=5.08, fiber=9.8, sugar=None, sodium=921.68, saturated_fat=None, cholesterol=None), tags=['Diner,Main Course,Side Dish', 'Southwest'], dietary_restrictions=[], author='Beth Moncel', rating=4.67, provider=None)
2026-01-02 16:53:56 - nourishly - INFO - budget_bytes_recipe_discovery:49 - Recipe data found, creating recipe
[2026-01-02 17:36:22] INFO[budget_bytes_recipe_discovery:16] - Starting budget bytes recipe discovery
[2026-01-02 17:36:22] INFO[logger:43] - Budget Bytes scraper initialized
[2026-01-02 17:36:22] INFO[logger:43] - Initializing API NINJA Nutrition API
[2026-01-02 17:36:22] INFO[logger:43] - Starting sitemap-based recipe URL discovery
[2026-01-02 17:36:24] INFO[logger:43] - Attempting to fetch sitemap
[2026-01-02 17:36:30] INFO[logger:43] - Successfully fetched sitemap
[2026-01-02 17:36:30] INFO[logger:43] - Processing regular sitemap
[2026-01-02 17:36:30] INFO[logger:43] - Found URLs in sitemap
[2026-01-02 17:36:32] INFO[logger:43] - Attempting to fetch sitemap
[2026-01-02 17:36:39] INFO[logger:43] - Successfully fetched sitemap
[2026-01-02 17:36:39] INFO[logger:43] - Processing regular sitemap
[2026-01-02 17:36:39] INFO[logger:43] - Found URLs in sitemap
[2026-01-02 17:36:39] INFO[logger:43] - Filtered recipe URLs
[2026-01-02 17:36:39] INFO[logger:43] - Recipe URL discovery completed
[2026-01-02 17:36:39] INFO[budget_bytes_recipe_discovery:23] - Discovered recipe URL: https://www.budgetbytes.com/stuffed-poblano-peppers/
[2026-01-02 17:36:39] INFO[logger:43] - Starting recipe scrape
[2026-01-02 17:36:41] ERROR[logger:43] - Failed to extract data from method dietary_restrictions with default value None and error recipe-scrapers (15.8.0) exception: No dietary restrictions data in SchemaOrg.
[2026-01-02 17:36:41] INFO[logger:43] - Recipe data normalized successfully
[2026-01-02 17:36:41] INFO[logger:43] - Recipe scraped successfully
[2026-01-02 17:36:41] INFO[budget_bytes_recipe_discovery:26] - Recipe data: RecipeData(title='Stuffed Poblano Peppers', source_url='https://www.budgetbytes.com/stuffed-poblano-peppers/', description='Stuffed poblano peppers are a fun, filling, and flavorful vegetarian meal. The southwest flavors are vibrant while beans and rice keep you feeling full.', ingredients=[IngredientData(name='long grain rice', quantity=1.0, unit='cup', notes='uncooked', original_text='1 cup uncooked long grain rice ($0.30)'), IngredientData(name='bullion', quantity=2.0, unit='cubes', notes=None, original_text='2 cubes bullion, vegetable, or chicken ($0.24)'), IngredientData(name='chili powder', quantity=0.25, unit='teaspoon', notes=None, original_text='1/4 tsp chili powder ($0.05)'), IngredientData(name='fresh cilantro', quantity=0.25, unit='bunches', notes=None, original_text='1/4 bunch fresh cilantro ($0.17)'), IngredientData(name='poblano peppers', quantity=6.0, unit='', notes=None, original_text='6 poblano peppers ($2.98)'), IngredientData(name='cheese', quantity=4.0, unit='ounce', notes=None, original_text='4 oz. cheese ($0.99)'), IngredientData(name='salsa', quantity=0.75, unit='cup', notes='divided', original_text='3/4 cup divided salsa ($0.52)'), IngredientData(name='black beans', quantity=1.0, unit='can', notes=None, original_text='1 15oz. can black beans ($0.87)'), IngredientData(name='non-stick spray', quantity=None, unit=None, notes=None, original_text='non-stick spray (if needed) ($0.10)')], instructions=['Cook the rice in a medium pot with 1.75 cups of water and two buillion cubes. (instructions for cooking rice here) While the rice is cooking, finely chop the cilantro. Mix the cilantro and chili powder into the rice after it has finished cooking. Set the rice aside until you are ready to use it.', 'While the rice is cooking, roast the poblanos. Preheat the broiler to 400 degrees. Spray a baking sheet and coat all sides of the poblano peppers with non-stick spray (you can rub olive oil all over them but I find spraying is much easier). Place the baking sheet a few inches under the broiler (I use the second rack level) and broil on each side for 5 minutes.', 'After broiling the poblanos, the skin should be blistered and bubbly. Immediately place the peppers into a ziplock bag for about 15 minutes to allow the steam to loosen the skin. Remove them from the bag and peel away as much of the skin as possible (be gentle and it is okay if you can’t get ALL of the skin).', 'Cut a boat shaped piece out of each pepper and then carefully remove the seeds and seed pod. Save the pieces of pepper that are removed to make the openings because it makes a great ingredient for salads, burrito bowls or quesadillas (breakfast quesadilla anyone?).', 'Preheat the oven to 350 degrees (bake, not broil this time). Gently fill the peppers with layers of seasoned rice, salsa, cheese and beans. I began with rice (1/3 to 1/2 cup), then 1 Tbsp of salsa, 1/3 oz. of cheese, beans (as much as I could stuff in), then more salsa and cheese (same amounts as before).', 'Place the peppers back in the oven and bake until they are heated through and the cheese is melted (about 20 minutes). Enjoy!'], prep_time=30, cook_time=90, servings='6 servings', cuisine_type='Southwest', difficulty_level=None, image_url='https://www.budgetbytes.com/wp-content/uploads/2010/02/Stuffed20Poblanos202.jpg', nutrition={'servingSize': '1 Serving', 'calories': '290.52 kcal', 'carbohydrateContent': '47.75 g', 'proteinContent': '13.53 g', 'fatContent': '5.08 g', 'fiberContent': '9.8 g', 'sodiumContent': '921.68 mg'}, macros=MacroNutrition(calories=290.52, protein=13.53, carbohydrates=47.75, fat=5.08, fiber=9.8, sugar=None, sodium=921.68, saturated_fat=None, cholesterol=None), tags=['Diner,Main Course,Side Dish', 'Southwest'], dietary_restrictions=[], author='Beth Moncel', rating=4.67, provider=None)
[2026-01-02 17:36:41] INFO[budget_bytes_recipe_discovery:48] - Recipe data found, creating recipe
[2026-01-02 17:53:53] INFO[budget_bytes_recipe_discovery:16] - Starting budget bytes recipe discovery
[2026-01-02 17:59:53] INFO[budget_bytes_recipe_discovery:16] - Starting budget bytes recipe discovery
[2026-01-02 17:59:53] INFO[budgetbytes:48] - Budget Bytes scraper initialized with base URL: https://www.budgetbytes.com
[2026-01-02 17:59:53] INFO[logger:43] - Initializing API NINJA Nutrition API
[2026-01-02 17:59:53] INFO[budgetbytes:120] - Starting sitemap-based recipe URL discovery
[2026-01-02 17:59:55] INFO[budgetbytes:153] - Attempting to fetch sitemap: https://www.budgetbytes.com/post-sitemap.xml
[2026-01-02 18:00:01] INFO[budgetbytes:163] - Successfully fetched sitemap: https://www.budgetbytes.com/post-sitemap.xml
[2026-01-02 18:00:01] INFO[budgetbytes:261] - Processing regular sitemap
[2026-01-02 18:00:01] INFO[budgetbytes:167] - Found URLs in sitemap
[2026-01-02 18:00:03] INFO[budgetbytes:153] - Attempting to fetch sitemap: https://www.budgetbytes.com/post-sitemap2.xml
[2026-01-02 18:00:09] INFO[budgetbytes:163] - Successfully fetched sitemap: https://www.budgetbytes.com/post-sitemap2.xml
[2026-01-02 18:00:09] INFO[budgetbytes:261] - Processing regular sitemap
[2026-01-02 18:00:09] INFO[budgetbytes:167] - Found URLs in sitemap
[2026-01-02 18:00:09] INFO[budgetbytes:208] - Filtered recipe URLs
[2026-01-02 18:00:09] INFO[budgetbytes:126] - Recipe URL discovery completed from sitemap
[2026-01-02 18:00:09] INFO[budget_bytes_recipe_discovery:23] - Discovered recipe URL: https://www.budgetbytes.com/stuffed-poblano-peppers/
[2026-01-02 18:00:09] INFO[budgetbytes:86] - Starting recipe scrape from URL: https://www.budgetbytes.com/stuffed-poblano-peppers/
[2026-01-02 18:00:12] ERROR[logger:43] - Failed to extract data from method dietary_restrictions with default value None and error recipe-scrapers (15.8.0) exception: No dietary restrictions data in SchemaOrg.
[2026-01-02 18:00:12] INFO[budgetbytes:434] - Recipe data normalized successfully
[2026-01-02 18:00:12] INFO[budgetbytes:91] - Recipe scraped successfully from
[2026-01-02 18:00:12] INFO[budget_bytes_recipe_discovery:26] - Recipe data: RecipeData(title='Stuffed Poblano Peppers', source_url='https://www.budgetbytes.com/stuffed-poblano-peppers/', description='Stuffed poblano peppers are a fun, filling, and flavorful vegetarian meal. The southwest flavors are vibrant while beans and rice keep you feeling full.', ingredients=[IngredientData(name='long grain rice', quantity=1.0, unit='cup', notes='uncooked', original_text='1 cup uncooked long grain rice ($0.30)'), IngredientData(name='bullion', quantity=2.0, unit='cubes', notes=None, original_text='2 cubes bullion, vegetable, or chicken ($0.24)'), IngredientData(name='chili powder', quantity=0.25, unit='teaspoon', notes=None, original_text='1/4 tsp chili powder ($0.05)'), IngredientData(name='fresh cilantro', quantity=0.25, unit='bunches', notes=None, original_text='1/4 bunch fresh cilantro ($0.17)'), IngredientData(name='poblano peppers', quantity=6.0, unit='', notes=None, original_text='6 poblano peppers ($2.98)'), IngredientData(name='cheese', quantity=4.0, unit='ounce', notes=None, original_text='4 oz. cheese ($0.99)'), IngredientData(name='salsa', quantity=0.75, unit='cup', notes='divided', original_text='3/4 cup divided salsa ($0.52)'), IngredientData(name='black beans', quantity=1.0, unit='can', notes=None, original_text='1 15oz. can black beans ($0.87)'), IngredientData(name='non-stick spray', quantity=None, unit=None, notes=None, original_text='non-stick spray (if needed) ($0.10)')], instructions=['Cook the rice in a medium pot with 1.75 cups of water and two buillion cubes. (instructions for cooking rice here) While the rice is cooking, finely chop the cilantro. Mix the cilantro and chili powder into the rice after it has finished cooking. Set the rice aside until you are ready to use it.', 'While the rice is cooking, roast the poblanos. Preheat the broiler to 400 degrees. Spray a baking sheet and coat all sides of the poblano peppers with non-stick spray (you can rub olive oil all over them but I find spraying is much easier). Place the baking sheet a few inches under the broiler (I use the second rack level) and broil on each side for 5 minutes.', 'After broiling the poblanos, the skin should be blistered and bubbly. Immediately place the peppers into a ziplock bag for about 15 minutes to allow the steam to loosen the skin. Remove them from the bag and peel away as much of the skin as possible (be gentle and it is okay if you can’t get ALL of the skin).', 'Cut a boat shaped piece out of each pepper and then carefully remove the seeds and seed pod. Save the pieces of pepper that are removed to make the openings because it makes a great ingredient for salads, burrito bowls or quesadillas (breakfast quesadilla anyone?).', 'Preheat the oven to 350 degrees (bake, not broil this time). Gently fill the peppers with layers of seasoned rice, salsa, cheese and beans. I began with rice (1/3 to 1/2 cup), then 1 Tbsp of salsa, 1/3 oz. of cheese, beans (as much as I could stuff in), then more salsa and cheese (same amounts as before).', 'Place the peppers back in the oven and bake until they are heated through and the cheese is melted (about 20 minutes). Enjoy!'], prep_time=30, cook_time=90, servings='6 servings', cuisine_type='Southwest', difficulty_level=None, image_url='https://www.budgetbytes.com/wp-content/uploads/2010/02/Stuffed20Poblanos202.jpg', nutrition={'servingSize': '1 Serving', 'calories': '290.52 kcal', 'carbohydrateContent': '47.75 g', 'proteinContent': '13.53 g', 'fatContent': '5.08 g', 'fiberContent': '9.8 g', 'sodiumContent': '921.68 mg'}, macros=MacroNutrition(calories=290.52, protein=13.53, carbohydrates=47.75, fat=5.08, fiber=9.8, sugar=None, sodium=921.68, saturated_fat=None, cholesterol=None), tags=['Diner,Main Course,Side Dish', 'Southwest'], dietary_restrictions=[], author='Beth Moncel', rating=4.67, provider=None)
[2026-01-02 18:00:12] INFO[budget_bytes_recipe_discovery:48] - Recipe data found, creating recipe
[2026-01-02 18:11:17] INFO [recipes.management.commands.budget_bytes_recipe_discovery:16] Starting budget bytes recipe discovery
[2026-01-02 18:11:17] INFO [recipes.services.recipe_providers.budgetbytes.budgetbytes:48] Budget Bytes scraper initialized with base URL: https://www.budgetbytes.com
[2026-01-02 18:11:17] INFO [recipes.services.macro_analysis.api_ninja:36] Initializing API NINJA Nutrition API
[2026-01-02 18:11:17] INFO [recipes.services.recipe_providers.budgetbytes.budgetbytes:113] Starting sitemap-based recipe URL discovery (limit: 10)
[2026-01-02 18:11:19] INFO [recipes.services.recipe_providers.budgetbytes.budgetbytes:138] Attempting to fetch sitemap: https://www.budgetbytes.com/post-sitemap.xml
[2026-01-02 18:11:25] INFO [recipes.services.recipe_providers.budgetbytes.budgetbytes:148] Successfully fetched sitemap: https://www.budgetbytes.com/post-sitemap.xml
[2026-01-02 18:11:25] INFO [recipes.services.recipe_providers.budgetbytes.budgetbytes:214] Processing regular sitemap
[2026-01-02 18:11:25] INFO [recipes.services.recipe_providers.budgetbytes.budgetbytes:152] Found 958 URLs in sitemap: https://www.budgetbytes.com/post-sitemap.xml
[2026-01-02 18:11:27] INFO [recipes.services.recipe_providers.budgetbytes.budgetbytes:138] Attempting to fetch sitemap: https://www.budgetbytes.com/post-sitemap2.xml
[2026-01-02 18:11:34] INFO [recipes.services.recipe_providers.budgetbytes.budgetbytes:148] Successfully fetched sitemap: https://www.budgetbytes.com/post-sitemap2.xml
[2026-01-02 18:11:34] INFO [recipes.services.recipe_providers.budgetbytes.budgetbytes:214] Processing regular sitemap
[2026-01-02 18:11:34] INFO [recipes.services.recipe_providers.budgetbytes.budgetbytes:152] Found 1903 URLs in sitemap: https://www.budgetbytes.com/post-sitemap2.xml
[2026-01-02 18:11:34] INFO [recipes.services.recipe_providers.budgetbytes.budgetbytes:173] Filtered recipe URLs - Total discovered: 1903, Recipes found: 1868
[2026-01-02 18:11:34] INFO [recipes.services.recipe_providers.budgetbytes.budgetbytes:117] Recipe URL discovery completed from sitemap - Total discovered: 10 (method: sitemap)
[2026-01-02 18:11:34] INFO [recipes.management.commands.budget_bytes_recipe_discovery:23] Discovered recipe URL: https://www.budgetbytes.com/stuffed-poblano-peppers/
[2026-01-02 18:11:34] INFO [recipes.services.recipe_providers.budgetbytes.budgetbytes:86] Starting recipe scrape from URL: https://www.budgetbytes.com/stuffed-poblano-peppers/
[2026-01-02 18:11:37] ERROR [nourishly:43] Failed to extract data from method dietary_restrictions with default value None and error recipe-scrapers (15.8.0) exception: No dietary restrictions data in SchemaOrg.
[2026-01-02 18:11:37] INFO [recipes.services.recipe_providers.budgetbytes.budgetbytes:377] Recipe data normalized successfully - Title: Stuffed Poblano Peppers, Ingredients: 9, Instructions: 6, Has structured ingredients: True
[2026-01-02 18:11:37] INFO [recipes.services.recipe_providers.budgetbytes.budgetbytes:91] Recipe scraped successfully from https://www.budgetbytes.com/stuffed-poblano-peppers/ - Title: Stuffed Poblano Peppers (provider: BudgetBytes)
[2026-01-02 18:11:37] INFO [recipes.management.commands.budget_bytes_recipe_discovery:26] Recipe data: RecipeData(title='Stuffed Poblano Peppers', source_url='https://www.budgetbytes.com/stuffed-poblano-peppers/', description='Stuffed poblano peppers are a fun, filling, and flavorful vegetarian meal. The southwest flavors are vibrant while beans and rice keep you feeling full.', ingredients=[IngredientData(name='long grain rice', quantity=1.0, unit='cup', notes='uncooked', original_text='1 cup uncooked long grain rice ($0.30)'), IngredientData(name='bullion', quantity=2.0, unit='cubes', notes=None, original_text='2 cubes bullion, vegetable, or chicken ($0.24)'), IngredientData(name='chili powder', quantity=0.25, unit='teaspoon', notes=None, original_text='1/4 tsp chili powder ($0.05)'), IngredientData(name='fresh cilantro', quantity=0.25, unit='bunches', notes=None, original_text='1/4 bunch fresh cilantro ($0.17)'), IngredientData(name='poblano peppers', quantity=6.0, unit='', notes=None, original_text='6 poblano peppers ($2.98)'), IngredientData(name='cheese', quantity=4.0, unit='ounce', notes=None, original_text='4 oz. cheese ($0.99)'), IngredientData(name='salsa', quantity=0.75, unit='cup', notes='divided', original_text='3/4 cup divided salsa ($0.52)'), IngredientData(name='black beans', quantity=1.0, unit='can', notes=None, original_text='1 15oz. can black beans ($0.87)'), IngredientData(name='non-stick spray', quantity=None, unit=None, notes=None, original_text='non-stick spray (if needed) ($0.10)')], instructions=['Cook the rice in a medium pot with 1.75 cups of water and two buillion cubes. (instructions for cooking rice here) While the rice is cooking, finely chop the cilantro. Mix the cilantro and chili powder into the rice after it has finished cooking. Set the rice aside until you are ready to use it.', 'While the rice is cooking, roast the poblanos. Preheat the broiler to 400 degrees. Spray a baking sheet and coat all sides of the poblano peppers with non-stick spray (you can rub olive oil all over them but I find spraying is much easier). Place the baking sheet a few inches under the broiler (I use the second rack level) and broil on each side for 5 minutes.', 'After broiling the poblanos, the skin should be blistered and bubbly. Immediately place the peppers into a ziplock bag for about 15 minutes to allow the steam to loosen the skin. Remove them from the bag and peel away as much of the skin as possible (be gentle and it is okay if you can’t get ALL of the skin).', 'Cut a boat shaped piece out of each pepper and then carefully remove the seeds and seed pod. Save the pieces of pepper that are removed to make the openings because it makes a great ingredient for salads, burrito bowls or quesadillas (breakfast quesadilla anyone?).', 'Preheat the oven to 350 degrees (bake, not broil this time). Gently fill the peppers with layers of seasoned rice, salsa, cheese and beans. I began with rice (1/3 to 1/2 cup), then 1 Tbsp of salsa, 1/3 oz. of cheese, beans (as much as I could stuff in), then more salsa and cheese (same amounts as before).', 'Place the peppers back in the oven and bake until they are heated through and the cheese is melted (about 20 minutes). Enjoy!'], prep_time=30, cook_time=90, servings='6 servings', cuisine_type='Southwest', difficulty_level=None, image_url='https://www.budgetbytes.com/wp-content/uploads/2010/02/Stuffed20Poblanos202.jpg', nutrition={'servingSize': '1 Serving', 'calories': '290.52 kcal', 'carbohydrateContent': '47.75 g', 'proteinContent': '13.53 g', 'fatContent': '5.08 g', 'fiberContent': '9.8 g', 'sodiumContent': '921.68 mg'}, macros=MacroNutrition(calories=290.52, protein=13.53, carbohydrates=47.75, fat=5.08, fiber=9.8, sugar=None, sodium=921.68, saturated_fat=None, cholesterol=None), tags=['Diner,Main Course,Side Dish', 'Southwest'], dietary_restrictions=[], author='Beth Moncel', rating=4.67, provider=None)
[2026-01-02 18:11:37] INFO [recipes.management.commands.budget_bytes_recipe_discovery:48] Recipe data found, creating recipe
[2026-01-03 15:09:54] INFO [recipes.management.commands.budget_bytes_recipe_discovery:16] Starting budget bytes recipe discovery
[2026-01-03 15:09:54] INFO [recipes.services.recipe_providers.budgetbytes.budgetbytes:48] Budget Bytes scraper initialized with base URL: https://www.budgetbytes.com
[2026-01-03 15:09:54] INFO [recipes.services.macro_analysis.api_ninja:36] Initializing API NINJA Nutrition API
[2026-01-03 15:09:54] INFO [recipes.services.recipe_providers.budgetbytes.budgetbytes:113] Starting sitemap-based recipe URL discovery (limit: 10)
[2026-01-03 15:09:56] INFO [recipes.services.recipe_providers.budgetbytes.budgetbytes:138] Attempting to fetch sitemap: https://www.budgetbytes.com/post-sitemap.xml
[2026-01-03 15:10:02] INFO [recipes.services.recipe_providers.budgetbytes.budgetbytes:148] Successfully fetched sitemap: https://www.budgetbytes.com/post-sitemap.xml
[2026-01-03 15:10:02] INFO [recipes.services.recipe_providers.budgetbytes.budgetbytes:214] Processing regular sitemap
[2026-01-03 15:10:02] INFO [recipes.services.recipe_providers.budgetbytes.budgetbytes:152] Found 958 URLs in sitemap: https://www.budgetbytes.com/post-sitemap.xml
[2026-01-03 15:10:04] INFO [recipes.services.recipe_providers.budgetbytes.budgetbytes:138] Attempting to fetch sitemap: https://www.budgetbytes.com/post-sitemap2.xml
[2026-01-03 15:10:11] INFO [recipes.services.recipe_providers.budgetbytes.budgetbytes:148] Successfully fetched sitemap: https://www.budgetbytes.com/post-sitemap2.xml
[2026-01-03 15:10:11] INFO [recipes.services.recipe_providers.budgetbytes.budgetbytes:214] Processing regular sitemap
[2026-01-03 15:10:11] INFO [recipes.services.recipe_providers.budgetbytes.budgetbytes:152] Found 1904 URLs in sitemap: https://www.budgetbytes.com/post-sitemap2.xml
[2026-01-03 15:10:11] INFO [recipes.services.recipe_providers.budgetbytes.budgetbytes:173] Filtered recipe URLs - Total discovered: 1904, Recipes found: 1869
[2026-01-03 15:10:11] INFO [recipes.services.recipe_providers.budgetbytes.budgetbytes:117] Recipe URL discovery completed from sitemap - Total discovered: 10 (method: sitemap)
[2026-01-03 15:10:11] INFO [recipes.management.commands.budget_bytes_recipe_discovery:23] Discovered recipe URL: https://www.budgetbytes.com/stuffed-poblano-peppers/
[2026-01-03 15:10:11] INFO [recipes.services.recipe_providers.budgetbytes.budgetbytes:86] Starting recipe scrape from URL: https://www.budgetbytes.com/stuffed-poblano-peppers/
[2026-01-03 15:10:15] ERROR [recipes.utils:73] Failed to extract data from method dietary_restrictions with default value None and error recipe-scrapers (15.8.0) exception: No dietary restrictions data in SchemaOrg.
[2026-01-03 15:10:15] INFO [recipes.services.recipe_providers.budgetbytes.budgetbytes:377] Recipe data normalized successfully - Title: Stuffed Poblano Peppers, Ingredients: 9, Instructions: 6, Has structured ingredients: True
[2026-01-03 15:10:15] INFO [recipes.services.recipe_providers.budgetbytes.budgetbytes:91] Recipe scraped successfully from https://www.budgetbytes.com/stuffed-poblano-peppers/ - Title: Stuffed Poblano Peppers (provider: BudgetBytes)
[2026-01-03 15:10:15] INFO [recipes.management.commands.budget_bytes_recipe_discovery:26] Recipe data: RecipeData(title='Stuffed Poblano Peppers', source_url='https://www.budgetbytes.com/stuffed-poblano-peppers/', description='Stuffed poblano peppers are a fun, filling, and flavorful vegetarian meal. The southwest flavors are vibrant while beans and rice keep you feeling full.', ingredients=[IngredientData(name='long grain rice', quantity=1.0, unit='cup', notes='uncooked', original_text='1 cup uncooked long grain rice ($0.30)'), IngredientData(name='bullion', quantity=2.0, unit='cubes', notes=None, original_text='2 cubes bullion, vegetable, or chicken ($0.24)'), IngredientData(name='chili powder', quantity=0.25, unit='teaspoon', notes=None, original_text='1/4 tsp chili powder ($0.05)'), IngredientData(name='fresh cilantro', quantity=0.25, unit='bunches', notes=None, original_text='1/4 bunch fresh cilantro ($0.17)'), IngredientData(name='poblano peppers', quantity=6.0, unit='', notes=None, original_text='6 poblano peppers ($2.98)'), IngredientData(name='cheese', quantity=4.0, unit='ounce', notes=None, original_text='4 oz. cheese ($0.99)'), IngredientData(name='salsa', quantity=0.75, unit='cup', notes='divided', original_text='3/4 cup divided salsa ($0.52)'), IngredientData(name='black beans', quantity=1.0, unit='can', notes=None, original_text='1 15oz. can black beans ($0.87)'), IngredientData(name='non-stick spray', quantity=None, unit=None, notes=None, original_text='non-stick spray (if needed) ($0.10)')], instructions=['Cook the rice in a medium pot with 1.75 cups of water and two buillion cubes. (instructions for cooking rice here) While the rice is cooking, finely chop the cilantro. Mix the cilantro and chili powder into the rice after it has finished cooking. Set the rice aside until you are ready to use it.', 'While the rice is cooking, roast the poblanos. Preheat the broiler to 400 degrees. Spray a baking sheet and coat all sides of the poblano peppers with non-stick spray (you can rub olive oil all over them but I find spraying is much easier). Place the baking sheet a few inches under the broiler (I use the second rack level) and broil on each side for 5 minutes.', 'After broiling the poblanos, the skin should be blistered and bubbly. Immediately place the peppers into a ziplock bag for about 15 minutes to allow the steam to loosen the skin. Remove them from the bag and peel away as much of the skin as possible (be gentle and it is okay if you can’t get ALL of the skin).', 'Cut a boat shaped piece out of each pepper and then carefully remove the seeds and seed pod. Save the pieces of pepper that are removed to make the openings because it makes a great ingredient for salads, burrito bowls or quesadillas (breakfast quesadilla anyone?).', 'Preheat the oven to 350 degrees (bake, not broil this time). Gently fill the peppers with layers of seasoned rice, salsa, cheese and beans. I began with rice (1/3 to 1/2 cup), then 1 Tbsp of salsa, 1/3 oz. of cheese, beans (as much as I could stuff in), then more salsa and cheese (same amounts as before).', 'Place the peppers back in the oven and bake until they are heated through and the cheese is melted (about 20 minutes). Enjoy!'], prep_time=30, cook_time=90, servings='6 servings', cuisine_type='Southwest', difficulty_level=None, image_url='https://www.budgetbytes.com/wp-content/uploads/2010/02/Stuffed20Poblanos202.jpg', nutrition={'servingSize': '1 Serving', 'calories': '290.52 kcal', 'carbohydrateContent': '47.75 g', 'proteinContent': '13.53 g', 'fatContent': '5.08 g', 'fiberContent': '9.8 g', 'sodiumContent': '921.68 mg'}, macros=MacroNutrition(calories=290.52, protein=13.53, carbohydrates=47.75, fat=5.08, fiber=9.8, sugar=None, sodium=921.68, saturated_fat=None, cholesterol=None), tags=['Diner,Main Course,Side Dish', 'Southwest'], dietary_restrictions=[], author='Beth Moncel', rating=4.67, provider=None)
[2026-01-03 15:10:15] INFO [recipes.management.commands.budget_bytes_recipe_discovery:48] Recipe data found, creating recipe
[2026-01-03 15:57:45] INFO [recipes.services.recipe_providers.budgetbytes.budgetbytes:48] Budget Bytes scraper initialized with base URL: https://www.budgetbytes.com
[2026-01-03 15:57:45] INFO [recipes.services.recipe_providers.budgetbytes.budgetbytes:48] Budget Bytes scraper initialized with base URL: https://www.budgetbytes.com
[2026-01-03 15:57:45] INFO [recipes.services.recipe_providers.budgetbytes.budgetbytes:48] Budget Bytes scraper initialized with base URL: https://www.budgetbytes.com
[2026-01-03 16:02:11] INFO [recipes.services.recipe_providers.budgetbytes.budgetbytes:48] Budget Bytes scraper initialized with base URL: https://www.budgetbytes.com
[2026-01-03 16:02:11] INFO [recipes.services.recipe_providers.budgetbytes.budgetbytes:48] Budget Bytes scraper initialized with base URL: https://www.budgetbytes.com
[2026-01-03 16:02:11] INFO [recipes.services.recipe_providers.budgetbytes.budgetbytes:48] Budget Bytes scraper initialized with base URL: https://www.budgetbytes.com
[2026-01-03 16:20:00] INFO [recipes.services.recipe_providers.base:238] Recipe provider initialized - Name: BudgetBytes, Domain: budgetbytes.com
[2026-01-03 16:20:00] INFO [recipes.services.recipe_providers.base:238] Recipe provider initialized - Name: BudgetBytes, Domain: budgetbytes.com
[2026-01-03 16:21:39] INFO [recipes.services.recipe_providers.base:238] Recipe provider initialized - Name: BudgetBytes, Domain: budgetbytes.com
[2026-01-05 19:35:10] INFO [recipes.services.recipe_providers.base:238] Recipe provider initialized - Name: BudgetBytes, Domain: budgetbytes.com
[2026-01-05 19:35:10] INFO [recipes.services.recipe_providers.base:238] Recipe provider initialized - Name: BudgetBytes, Domain: budgetbytes.com
[2026-01-05 19:35:10] INFO [recipes.services.recipe_providers.budgetbytes.budgetbytes:96] Starting sitemap-based recipe URL discovery (limit: 10)
[2026-01-05 19:35:10] INFO [recipes.services.recipe_providers.budgetbytes.budgetbytes:100] Recipe URL discovery completed from sitemap - Total discovered: 0 (method: category_fallback)
[2026-01-05 19:35:10] INFO [recipes.services.recipe_providers.base:238] Recipe provider initialized - Name: BudgetBytes, Domain: budgetbytes.com
[2026-01-05 19:35:10] INFO [recipes.services.recipe_providers.budgetbytes.budgetbytes:96] Starting sitemap-based recipe URL discovery (limit: 2)
[2026-01-05 19:35:10] INFO [recipes.services.recipe_providers.budgetbytes.budgetbytes:100] Recipe URL discovery completed from sitemap - Total discovered: 3 (method: sitemap)
[2026-01-05 19:35:10] INFO [recipes.services.recipe_providers.base:238] Recipe provider initialized - Name: BudgetBytes, Domain: budgetbytes.com
[2026-01-05 19:35:10] ERROR [recipes.services.recipe_providers.budgetbytes.budgetbytes:64] Invalid Budget Bytes URL: https://www.example.com/recipe/ (provider: BudgetBytes)
[2026-01-05 19:35:10] INFO [recipes.services.recipe_providers.base:238] Recipe provider initialized - Name: BudgetBytes, Domain: budgetbytes.com
[2026-01-05 19:35:10] INFO [recipes.services.recipe_providers.budgetbytes.budgetbytes:69] Starting recipe scrape from URL: https://www.budgetbytes.com/recipe/
[2026-01-05 19:35:10] ERROR [recipes.services.recipe_providers.budgetbytes.budgetbytes:287] Failed to extract recipe title from https://www.budgetbytes.com/recipe/
[2026-01-05 19:35:10] ERROR [recipes.services.recipe_providers.budgetbytes.budgetbytes:373] Failed to normalize recipe data from https://www.budgetbytes.com/recipe/ - Error: Failed to extract recipe title, Raw ingredients: N/A
[2026-01-05 19:35:10] INFO [recipes.services.recipe_providers.base:238] Recipe provider initialized - Name: BudgetBytes, Domain: budgetbytes.com
[2026-01-05 19:35:10] INFO [recipes.services.recipe_providers.budgetbytes.budgetbytes:69] Starting recipe scrape from URL: https://www.budgetbytes.com/thai-curry-fried-rice/
[2026-01-05 19:35:10] INFO [recipes.services.recipe_providers.budgetbytes.budgetbytes:360] Recipe data normalized successfully - Title: Thai Curry Fried Rice, Ingredients: 2, Instructions: 2, Has structured ingredients: True
[2026-01-05 19:35:10] INFO [recipes.services.recipe_providers.budgetbytes.budgetbytes:74] Recipe scraped successfully from https://www.budgetbytes.com/thai-curry-fried-rice/ - Title: Thai Curry Fried Rice (provider: BudgetBytes)
[2026-01-05 19:41:23] INFO [recipes.services.recipe_providers.base:238] Recipe provider initialized - Name: BudgetBytes, Domain: budgetbytes.com
[2026-01-05 19:41:23] INFO [recipes.services.recipe_providers.base:238] Recipe provider initialized - Name: BudgetBytes, Domain: budgetbytes.com
[2026-01-05 19:41:23] INFO [recipes.services.recipe_providers.budgetbytes.budgetbytes:96] Starting sitemap-based recipe URL discovery (limit: 10)
[2026-01-05 19:41:23] INFO [recipes.services.recipe_providers.budgetbytes.budgetbytes:100] Recipe URL discovery completed from sitemap - Total discovered: 0 (method: category_fallback)
[2026-01-05 19:41:23] INFO [recipes.services.recipe_providers.base:238] Recipe provider initialized - Name: BudgetBytes, Domain: budgetbytes.com
[2026-01-05 19:41:23] INFO [recipes.services.recipe_providers.budgetbytes.budgetbytes:96] Starting sitemap-based recipe URL discovery (limit: 2)
[2026-01-05 19:41:23] INFO [recipes.services.recipe_providers.budgetbytes.budgetbytes:100] Recipe URL discovery completed from sitemap - Total discovered: 3 (method: sitemap)
[2026-01-05 19:41:23] INFO [recipes.services.recipe_providers.base:238] Recipe provider initialized - Name: BudgetBytes, Domain: budgetbytes.com
[2026-01-05 19:41:23] ERROR [recipes.services.recipe_providers.budgetbytes.budgetbytes:64] Invalid Budget Bytes URL: https://www.example.com/recipe/ (provider: BudgetBytes)
[2026-01-05 19:41:23] INFO [recipes.services.recipe_providers.base:238] Recipe provider initialized - Name: BudgetBytes, Domain: budgetbytes.com
[2026-01-05 19:41:23] INFO [recipes.services.recipe_providers.budgetbytes.budgetbytes:69] Starting recipe scrape from URL: https://www.budgetbytes.com/recipe/
[2026-01-05 19:41:23] INFO [recipes.services.recipe_providers.base:238] Recipe provider initialized - Name: BudgetBytes, Domain: budgetbytes.com
[2026-01-05 19:41:23] INFO [recipes.services.recipe_providers.budgetbytes.budgetbytes:69] Starting recipe scrape from URL: https://www.budgetbytes.com/test-recipe/
[2026-01-05 19:41:23] INFO [recipes.services.recipe_providers.budgetbytes.budgetbytes:74] Recipe scraped successfully from https://www.budgetbytes.com/test-recipe/ - Title: Test Recipe (provider: BudgetBytes)
[2026-01-05 19:53:29] INFO [recipes.services.recipe_providers.base:238] Recipe provider initialized - Name: BudgetBytes, Domain: budgetbytes.com
[2026-01-05 19:53:29] INFO [recipes.services.recipe_providers.base:238] Recipe provider initialized - Name: BudgetBytes, Domain: budgetbytes.com
[2026-01-05 19:53:29] INFO [recipes.services.recipe_providers.budgetbytes.budgetbytes:96] Starting sitemap-based recipe URL discovery (limit: 10)
[2026-01-05 19:53:29] INFO [recipes.services.recipe_providers.budgetbytes.budgetbytes:100] Recipe URL discovery completed from sitemap - Total discovered: 0 (method: category_fallback)
[2026-01-05 19:53:29] INFO [recipes.services.recipe_providers.base:238] Recipe provider initialized - Name: BudgetBytes, Domain: budgetbytes.com
[2026-01-05 19:53:29] INFO [recipes.services.recipe_providers.budgetbytes.budgetbytes:96] Starting sitemap-based recipe URL discovery (limit: 2)
[2026-01-05 19:53:29] INFO [recipes.services.recipe_providers.budgetbytes.budgetbytes:100] Recipe URL discovery completed from sitemap - Total discovered: 3 (method: sitemap)
[2026-01-05 19:53:29] INFO [recipes.services.recipe_providers.base:238] Recipe provider initialized - Name: BudgetBytes, Domain: budgetbytes.com
[2026-01-05 19:53:29] ERROR [recipes.services.recipe_providers.budgetbytes.budgetbytes:64] Invalid Budget Bytes URL: https://www.example.com/recipe/ (provider: BudgetBytes)
[2026-01-05 19:53:29] INFO [recipes.services.recipe_providers.base:238] Recipe provider initialized - Name: BudgetBytes, Domain: budgetbytes.com
[2026-01-05 19:53:29] INFO [recipes.services.recipe_providers.budgetbytes.budgetbytes:69] Starting recipe scrape from URL: https://www.budgetbytes.com/recipe/
[2026-01-05 19:53:29] INFO [recipes.services.recipe_providers.base:238] Recipe provider initialized - Name: BudgetBytes, Domain: budgetbytes.com
[2026-01-05 19:53:29] INFO [recipes.services.recipe_providers.budgetbytes.budgetbytes:69] Starting recipe scrape from URL: https://www.budgetbytes.com/test-recipe/
[2026-01-05 19:53:29] INFO [recipes.services.recipe_providers.budgetbytes.budgetbytes:74] Recipe scraped successfully from https://www.budgetbytes.com/test-recipe/ - Title: Test Recipe (provider: BudgetBytes)
[2026-01-05 19:56:55] INFO [recipes.services.recipe_providers.base:238] Recipe provider initialized - Name: BudgetBytes, Domain: budgetbytes.com
[2026-01-05 19:56:55] INFO [recipes.services.recipe_providers.base:238] Recipe provider initialized - Name: BudgetBytes, Domain: budgetbytes.com
[2026-01-05 19:56:55] INFO [recipes.services.recipe_providers.budgetbytes.budgetbytes:121] Attempting to fetch sitemap: https://www.budgetbytes.com/post-sitemap.xml
[2026-01-05 19:56:55] ERROR [recipes.services.recipe_providers.budgetbytes.budgetbytes:147] Failed to fetch sitemap https://www.budgetbytes.com/post-sitemap.xml - Error: Connection error
[2026-01-05 19:56:55] INFO [recipes.services.recipe_providers.budgetbytes.budgetbytes:121] Attempting to fetch sitemap: https://www.budgetbytes.com/post-sitemap2.xml
[2026-01-05 19:56:55] ERROR [recipes.services.recipe_providers.budgetbytes.budgetbytes:147] Failed to fetch sitemap https://www.budgetbytes.com/post-sitemap2.xml - Error: Connection error
[2026-01-05 19:56:55] INFO [recipes.services.recipe_providers.base:238] Recipe provider initialized - Name: BudgetBytes, Domain: budgetbytes.com
[2026-01-05 19:56:55] INFO [recipes.services.recipe_providers.budgetbytes.budgetbytes:121] Attempting to fetch sitemap: https://www.budgetbytes.com/post-sitemap.xml
[2026-01-05 19:56:55] INFO [recipes.services.recipe_providers.budgetbytes.budgetbytes:131] Successfully fetched sitemap: https://www.budgetbytes.com/post-sitemap.xml
[2026-01-05 19:56:55] INFO [recipes.services.recipe_providers.budgetbytes.budgetbytes:197] Processing regular sitemap
[2026-01-05 19:56:55] INFO [recipes.services.recipe_providers.budgetbytes.budgetbytes:135] Found 2 URLs in sitemap: https://www.budgetbytes.com/post-sitemap.xml
[2026-01-05 19:56:55] INFO [recipes.services.recipe_providers.budgetbytes.budgetbytes:121] Attempting to fetch sitemap: https://www.budgetbytes.com/post-sitemap2.xml
[2026-01-05 19:56:55] INFO [recipes.services.recipe_providers.budgetbytes.budgetbytes:131] Successfully fetched sitemap: https://www.budgetbytes.com/post-sitemap2.xml
[2026-01-05 19:56:55] INFO [recipes.services.recipe_providers.budgetbytes.budgetbytes:197] Processing regular sitemap
[2026-01-05 19:56:55] INFO [recipes.services.recipe_providers.budgetbytes.budgetbytes:135] Found 4 URLs in sitemap: https://www.budgetbytes.com/post-sitemap2.xml
[2026-01-05 19:56:55] INFO [recipes.services.recipe_providers.budgetbytes.budgetbytes:156] Filtered recipe URLs - Total discovered: 4, Recipes found: 2
[2026-01-05 19:56:55] INFO [recipes.services.recipe_providers.base:238] Recipe provider initialized - Name: BudgetBytes, Domain: budgetbytes.com
[2026-01-05 19:56:55] INFO [recipes.services.recipe_providers.budgetbytes.budgetbytes:121] Attempting to fetch sitemap: https://www.budgetbytes.com/post-sitemap.xml
[2026-01-05 19:56:55] ERROR [recipes.services.recipe_providers.budgetbytes.budgetbytes:145] Sitemap request timed out: https://www.budgetbytes.com/post-sitemap.xml
[2026-01-05 19:56:55] INFO [recipes.services.recipe_providers.budgetbytes.budgetbytes:121] Attempting to fetch sitemap: https://www.budgetbytes.com/post-sitemap2.xml
[2026-01-05 19:56:55] ERROR [recipes.services.recipe_providers.budgetbytes.budgetbytes:145] Sitemap request timed out: https://www.budgetbytes.com/post-sitemap2.xml
[2026-01-05 19:56:55] INFO [recipes.services.recipe_providers.base:238] Recipe provider initialized - Name: BudgetBytes, Domain: budgetbytes.com
[2026-01-05 19:56:55] INFO [recipes.services.recipe_providers.budgetbytes.budgetbytes:96] Starting sitemap-based recipe URL discovery (limit: 10)
[2026-01-05 19:56:55] INFO [recipes.services.recipe_providers.budgetbytes.budgetbytes:100] Recipe URL discovery completed from sitemap - Total discovered: 0 (method: category_fallback)
[2026-01-05 19:56:55] INFO [recipes.services.recipe_providers.base:238] Recipe provider initialized - Name: BudgetBytes, Domain: budgetbytes.com
[2026-01-05 19:56:55] INFO [recipes.services.recipe_providers.budgetbytes.budgetbytes:96] Starting sitemap-based recipe URL discovery (limit: 2)
[2026-01-05 19:56:55] INFO [recipes.services.recipe_providers.budgetbytes.budgetbytes:100] Recipe URL discovery completed from sitemap - Total discovered: 3 (method: sitemap)
[2026-01-05 19:56:55] INFO [recipes.services.recipe_providers.base:238] Recipe provider initialized - Name: BudgetBytes, Domain: budgetbytes.com
[2026-01-05 19:56:55] ERROR [recipes.services.recipe_providers.budgetbytes.budgetbytes:64] Invalid Budget Bytes URL: https://www.example.com/recipe/ (provider: BudgetBytes)
[2026-01-05 19:56:55] INFO [recipes.services.recipe_providers.base:238] Recipe provider initialized - Name: BudgetBytes, Domain: budgetbytes.com
[2026-01-05 19:56:55] INFO [recipes.services.recipe_providers.budgetbytes.budgetbytes:69] Starting recipe scrape from URL: https://www.budgetbytes.com/recipe/
[2026-01-05 19:56:55] INFO [recipes.services.recipe_providers.base:238] Recipe provider initialized - Name: BudgetBytes, Domain: budgetbytes.com
[2026-01-05 19:56:55] INFO [recipes.services.recipe_providers.budgetbytes.budgetbytes:69] Starting recipe scrape from URL: https://www.budgetbytes.com/test-recipe/
[2026-01-05 19:56:55] INFO [recipes.services.recipe_providers.budgetbytes.budgetbytes:74] Recipe scraped successfully from https://www.budgetbytes.com/test-recipe/ - Title: Test Recipe (provider: BudgetBytes)
[2026-01-05 20:02:13] INFO [recipes.services.recipe_providers.base:238] Recipe provider initialized - Name: BudgetBytes, Domain: budgetbytes.com
[2026-01-05 20:02:13] INFO [recipes.services.recipe_providers.base:238] Recipe provider initialized - Name: BudgetBytes, Domain: budgetbytes.com
[2026-01-05 20:02:13] INFO [recipes.services.recipe_providers.budgetbytes.budgetbytes:121] Attempting to fetch sitemap: https://www.budgetbytes.com/post-sitemap.xml
[2026-01-05 20:02:13] ERROR [recipes.services.recipe_providers.budgetbytes.budgetbytes:147] Failed to fetch sitemap https://www.budgetbytes.com/post-sitemap.xml - Error: Connection error
[2026-01-05 20:02:13] INFO [recipes.services.recipe_providers.budgetbytes.budgetbytes:121] Attempting to fetch sitemap: https://www.budgetbytes.com/post-sitemap2.xml
[2026-01-05 20:02:13] ERROR [recipes.services.recipe_providers.budgetbytes.budgetbytes:147] Failed to fetch sitemap https://www.budgetbytes.com/post-sitemap2.xml - Error: Connection error
[2026-01-05 20:02:13] INFO [recipes.services.recipe_providers.base:238] Recipe provider initialized - Name: BudgetBytes, Domain: budgetbytes.com
[2026-01-05 20:02:13] INFO [recipes.services.recipe_providers.budgetbytes.budgetbytes:121] Attempting to fetch sitemap: https://www.budgetbytes.com/post-sitemap.xml
[2026-01-05 20:02:13] INFO [recipes.services.recipe_providers.budgetbytes.budgetbytes:131] Successfully fetched sitemap: https://www.budgetbytes.com/post-sitemap.xml
[2026-01-05 20:02:13] INFO [recipes.services.recipe_providers.budgetbytes.budgetbytes:197] Processing regular sitemap
[2026-01-05 20:02:13] INFO [recipes.services.recipe_providers.budgetbytes.budgetbytes:135] Found 2 URLs in sitemap: https://www.budgetbytes.com/post-sitemap.xml
[2026-01-05 20:02:13] INFO [recipes.services.recipe_providers.budgetbytes.budgetbytes:121] Attempting to fetch sitemap: https://www.budgetbytes.com/post-sitemap2.xml
[2026-01-05 20:02:13] INFO [recipes.services.recipe_providers.budgetbytes.budgetbytes:131] Successfully fetched sitemap: https://www.budgetbytes.com/post-sitemap2.xml
[2026-01-05 20:02:13] INFO [recipes.services.recipe_providers.budgetbytes.budgetbytes:197] Processing regular sitemap
[2026-01-05 20:02:13] INFO [recipes.services.recipe_providers.budgetbytes.budgetbytes:135] Found 4 URLs in sitemap: https://www.budgetbytes.com/post-sitemap2.xml
[2026-01-05 20:02:13] INFO [recipes.services.recipe_providers.budgetbytes.budgetbytes:156] Filtered recipe URLs - Total discovered: 4, Recipes found: 2
[2026-01-05 20:02:13] INFO [recipes.services.recipe_providers.base:238] Recipe provider initialized - Name: BudgetBytes, Domain: budgetbytes.com
[2026-01-05 20:02:13] INFO [recipes.services.recipe_providers.budgetbytes.budgetbytes:121] Attempting to fetch sitemap: https://www.budgetbytes.com/post-sitemap.xml
[2026-01-05 20:02:13] ERROR [recipes.services.recipe_providers.budgetbytes.budgetbytes:145] Sitemap request timed out: https://www.budgetbytes.com/post-sitemap.xml
[2026-01-05 20:02:13] INFO [recipes.services.recipe_providers.budgetbytes.budgetbytes:121] Attempting to fetch sitemap: https://www.budgetbytes.com/post-sitemap2.xml
[2026-01-05 20:02:13] ERROR [recipes.services.recipe_providers.budgetbytes.budgetbytes:145] Sitemap request timed out: https://www.budgetbytes.com/post-sitemap2.xml
[2026-01-05 20:02:13] INFO [recipes.services.recipe_providers.base:238] Recipe provider initialized - Name: BudgetBytes, Domain: budgetbytes.com
[2026-01-05 20:02:13] INFO [recipes.services.recipe_providers.budgetbytes.budgetbytes:96] Starting sitemap-based recipe URL discovery (limit: 10)
[2026-01-05 20:02:13] INFO [recipes.services.recipe_providers.budgetbytes.budgetbytes:100] Recipe URL discovery completed from sitemap - Total discovered: 0 (method: category_fallback)
[2026-01-05 20:02:13] INFO [recipes.services.recipe_providers.base:238] Recipe provider initialized - Name: BudgetBytes, Domain: budgetbytes.com
[2026-01-05 20:02:13] INFO [recipes.services.recipe_providers.budgetbytes.budgetbytes:96] Starting sitemap-based recipe URL discovery (limit: 2)
[2026-01-05 20:02:13] INFO [recipes.services.recipe_providers.budgetbytes.budgetbytes:100] Recipe URL discovery completed from sitemap - Total discovered: 3 (method: sitemap)
[2026-01-05 20:02:13] INFO [recipes.services.recipe_providers.base:238] Recipe provider initialized - Name: BudgetBytes, Domain: budgetbytes.com
[2026-01-05 20:02:13] ERROR [recipes.services.recipe_providers.budgetbytes.budgetbytes:64] Invalid Budget Bytes URL: https://www.example.com/recipe/ (provider: BudgetBytes)
[2026-01-05 20:02:13] INFO [recipes.services.recipe_providers.base:238] Recipe provider initialized - Name: BudgetBytes, Domain: budgetbytes.com
[2026-01-05 20:02:13] INFO [recipes.services.recipe_providers.budgetbytes.budgetbytes:69] Starting recipe scrape from URL: https://www.budgetbytes.com/recipe/
[2026-01-05 20:02:13] INFO [recipes.services.recipe_providers.base:238] Recipe provider initialized - Name: BudgetBytes, Domain: budgetbytes.com
[2026-01-05 20:02:13] INFO [recipes.services.recipe_providers.budgetbytes.budgetbytes:69] Starting recipe scrape from URL: https://www.budgetbytes.com/test-recipe/
[2026-01-05 20:02:13] INFO [recipes.services.recipe_providers.budgetbytes.budgetbytes:74] Recipe scraped successfully from https://www.budgetbytes.com/test-recipe/ - Title: Test Recipe (provider: BudgetBytes)
[2026-01-05 20:02:24] INFO [recipes.services.recipe_providers.base:238] Recipe provider initialized - Name: BudgetBytes, Domain: budgetbytes.com
[2026-01-05 20:02:24] INFO [recipes.services.recipe_providers.base:238] Recipe provider initialized - Name: BudgetBytes, Domain: budgetbytes.com
[2026-01-05 20:02:24] INFO [recipes.services.recipe_providers.budgetbytes.budgetbytes:121] Attempting to fetch sitemap: https://www.budgetbytes.com/post-sitemap.xml
[2026-01-05 20:02:24] ERROR [recipes.services.recipe_providers.budgetbytes.budgetbytes:147] Failed to fetch sitemap https://www.budgetbytes.com/post-sitemap.xml - Error: Connection error
[2026-01-05 20:02:24] INFO [recipes.services.recipe_providers.budgetbytes.budgetbytes:121] Attempting to fetch sitemap: https://www.budgetbytes.com/post-sitemap2.xml
[2026-01-05 20:02:24] ERROR [recipes.services.recipe_providers.budgetbytes.budgetbytes:147] Failed to fetch sitemap https://www.budgetbytes.com/post-sitemap2.xml - Error: Connection error
[2026-01-05 20:02:24] INFO [recipes.services.recipe_providers.base:238] Recipe provider initialized - Name: BudgetBytes, Domain: budgetbytes.com
[2026-01-05 20:02:24] INFO [recipes.services.recipe_providers.budgetbytes.budgetbytes:121] Attempting to fetch sitemap: https://www.budgetbytes.com/post-sitemap.xml
[2026-01-05 20:02:24] INFO [recipes.services.recipe_providers.budgetbytes.budgetbytes:131] Successfully fetched sitemap: https://www.budgetbytes.com/post-sitemap.xml
[2026-01-05 20:02:24] INFO [recipes.services.recipe_providers.budgetbytes.budgetbytes:197] Processing regular sitemap
[2026-01-05 20:02:24] INFO [recipes.services.recipe_providers.budgetbytes.budgetbytes:135] Found 2 URLs in sitemap: https://www.budgetbytes.com/post-sitemap.xml
[2026-01-05 20:02:24] INFO [recipes.services.recipe_providers.budgetbytes.budgetbytes:121] Attempting to fetch sitemap: https://www.budgetbytes.com/post-sitemap2.xml
[2026-01-05 20:02:24] INFO [recipes.services.recipe_providers.budgetbytes.budgetbytes:131] Successfully fetched sitemap: https://www.budgetbytes.com/post-sitemap2.xml
[2026-01-05 20:02:24] INFO [recipes.services.recipe_providers.budgetbytes.budgetbytes:197] Processing regular sitemap
[2026-01-05 20:02:24] INFO [recipes.services.recipe_providers.budgetbytes.budgetbytes:135] Found 4 URLs in sitemap: https://www.budgetbytes.com/post-sitemap2.xml
[2026-01-05 20:02:24] INFO [recipes.services.recipe_providers.budgetbytes.budgetbytes:156] Filtered recipe URLs - Total discovered: 4, Recipes found: 2
[2026-01-05 20:02:24] INFO [recipes.services.recipe_providers.base:238] Recipe provider initialized - Name: BudgetBytes, Domain: budgetbytes.com
[2026-01-05 20:02:24] INFO [recipes.services.recipe_providers.budgetbytes.budgetbytes:121] Attempting to fetch sitemap: https://www.budgetbytes.com/post-sitemap.xml
[2026-01-05 20:02:24] ERROR [recipes.services.recipe_providers.budgetbytes.budgetbytes:145] Sitemap request timed out: https://www.budgetbytes.com/post-sitemap.xml
[2026-01-05 20:02:24] INFO [recipes.services.recipe_providers.budgetbytes.budgetbytes:121] Attempting to fetch sitemap: https://www.budgetbytes.com/post-sitemap2.xml
[2026-01-05 20:02:24] ERROR [recipes.services.recipe_providers.budgetbytes.budgetbytes:145] Sitemap request timed out: https://www.budgetbytes.com/post-sitemap2.xml
[2026-01-05 20:02:24] INFO [recipes.services.recipe_providers.base:238] Recipe provider initialized - Name: BudgetBytes, Domain: budgetbytes.com
[2026-01-05 20:02:24] INFO [recipes.services.recipe_providers.budgetbytes.budgetbytes:96] Starting sitemap-based recipe URL discovery (limit: 10)
[2026-01-05 20:02:24] INFO [recipes.services.recipe_providers.budgetbytes.budgetbytes:100] Recipe URL discovery completed from sitemap - Total discovered: 0 (method: category_fallback)
[2026-01-05 20:02:24] INFO [recipes.services.recipe_providers.base:238] Recipe provider initialized - Name: BudgetBytes, Domain: budgetbytes.com
[2026-01-05 20:02:24] INFO [recipes.services.recipe_providers.budgetbytes.budgetbytes:96] Starting sitemap-based recipe URL discovery (limit: 2)
[2026-01-05 20:02:24] INFO [recipes.services.recipe_providers.budgetbytes.budgetbytes:100] Recipe URL discovery completed from sitemap - Total discovered: 3 (method: sitemap)
[2026-01-05 20:02:24] INFO [recipes.services.recipe_providers.base:238] Recipe provider initialized - Name: BudgetBytes, Domain: budgetbytes.com
[2026-01-05 20:02:24] INFO [recipes.services.recipe_providers.base:238] Recipe provider initialized - Name: BudgetBytes, Domain: budgetbytes.com
[2026-01-05 20:02:24] ERROR [recipes.services.recipe_providers.budgetbytes.budgetbytes:407] Empty ingredient text encountered in raw ingredients list: ['']
[2026-01-05 20:02:24] INFO [recipes.services.recipe_providers.base:238] Recipe provider initialized - Name: BudgetBytes, Domain: budgetbytes.com
[2026-01-05 20:02:24] INFO [recipes.services.recipe_providers.budgetbytes.budgetbytes:422] Failed to parse ingredient with ingredient_parser: 2 cups flour - Parsed but no name (parsed: <Mock name='parse_ingredient()' id='4689864288'>)
[2026-01-05 20:02:24] INFO [recipes.services.recipe_providers.base:238] Recipe provider initialized - Name: BudgetBytes, Domain: budgetbytes.com
[2026-01-05 20:02:24] INFO [recipes.services.recipe_providers.budgetbytes.budgetbytes:422] Failed to parse ingredient with ingredient_parser: 2 cups flour - None
[2026-01-05 20:02:24] INFO [recipes.services.recipe_providers.base:238] Recipe provider initialized - Name: BudgetBytes, Domain: budgetbytes.com
[2026-01-05 20:02:24] INFO [recipes.services.recipe_providers.base:238] Recipe provider initialized - Name: BudgetBytes, Domain: budgetbytes.com
[2026-01-05 20:02:24] INFO [recipes.services.recipe_providers.base:238] Recipe provider initialized - Name: BudgetBytes, Domain: budgetbytes.com
[2026-01-05 20:02:24] ERROR [recipes.services.recipe_providers.budgetbytes.budgetbytes:64] Invalid Budget Bytes URL: https://www.example.com/recipe/ (provider: BudgetBytes)
[2026-01-05 20:02:24] INFO [recipes.services.recipe_providers.base:238] Recipe provider initialized - Name: BudgetBytes, Domain: budgetbytes.com
[2026-01-05 20:02:24] INFO [recipes.services.recipe_providers.budgetbytes.budgetbytes:69] Starting recipe scrape from URL: https://www.budgetbytes.com/recipe/
[2026-01-05 20:02:24] INFO [recipes.services.recipe_providers.base:238] Recipe provider initialized - Name: BudgetBytes, Domain: budgetbytes.com
[2026-01-05 20:02:24] INFO [recipes.services.recipe_providers.budgetbytes.budgetbytes:69] Starting recipe scrape from URL: https://www.budgetbytes.com/test-recipe/
[2026-01-05 20:02:24] INFO [recipes.services.recipe_providers.budgetbytes.budgetbytes:74] Recipe scraped successfully from https://www.budgetbytes.com/test-recipe/ - Title: Test Recipe (provider: BudgetBytes)
[2026-01-05 20:05:49] INFO [recipes.services.recipe_providers.base:238] Recipe provider initialized - Name: BudgetBytes, Domain: budgetbytes.com
[2026-01-05 20:05:49] INFO [recipes.services.recipe_providers.base:238] Recipe provider initialized - Name: BudgetBytes, Domain: budgetbytes.com
[2026-01-05 20:05:49] INFO [recipes.services.recipe_providers.budgetbytes.budgetbytes:121] Attempting to fetch sitemap: https://www.budgetbytes.com/post-sitemap.xml
[2026-01-05 20:05:49] ERROR [recipes.services.recipe_providers.budgetbytes.budgetbytes:147] Failed to fetch sitemap https://www.budgetbytes.com/post-sitemap.xml - Error: Connection error
[2026-01-05 20:05:49] INFO [recipes.services.recipe_providers.budgetbytes.budgetbytes:121] Attempting to fetch sitemap: https://www.budgetbytes.com/post-sitemap2.xml
[2026-01-05 20:05:49] ERROR [recipes.services.recipe_providers.budgetbytes.budgetbytes:147] Failed to fetch sitemap https://www.budgetbytes.com/post-sitemap2.xml - Error: Connection error
[2026-01-05 20:05:49] INFO [recipes.services.recipe_providers.base:238] Recipe provider initialized - Name: BudgetBytes, Domain: budgetbytes.com
[2026-01-05 20:05:49] INFO [recipes.services.recipe_providers.budgetbytes.budgetbytes:121] Attempting to fetch sitemap: https://www.budgetbytes.com/post-sitemap.xml
[2026-01-05 20:05:49] INFO [recipes.services.recipe_providers.budgetbytes.budgetbytes:131] Successfully fetched sitemap: https://www.budgetbytes.com/post-sitemap.xml
[2026-01-05 20:05:49] INFO [recipes.services.recipe_providers.budgetbytes.budgetbytes:197] Processing regular sitemap
[2026-01-05 20:05:49] INFO [recipes.services.recipe_providers.budgetbytes.budgetbytes:135] Found 2 URLs in sitemap: https://www.budgetbytes.com/post-sitemap.xml
[2026-01-05 20:05:49] INFO [recipes.services.recipe_providers.budgetbytes.budgetbytes:121] Attempting to fetch sitemap: https://www.budgetbytes.com/post-sitemap2.xml
[2026-01-05 20:05:49] INFO [recipes.services.recipe_providers.budgetbytes.budgetbytes:131] Successfully fetched sitemap: https://www.budgetbytes.com/post-sitemap2.xml
[2026-01-05 20:05:49] INFO [recipes.services.recipe_providers.budgetbytes.budgetbytes:197] Processing regular sitemap
[2026-01-05 20:05:49] INFO [recipes.services.recipe_providers.budgetbytes.budgetbytes:135] Found 4 URLs in sitemap: https://www.budgetbytes.com/post-sitemap2.xml
[2026-01-05 20:05:49] INFO [recipes.services.recipe_providers.budgetbytes.budgetbytes:156] Filtered recipe URLs - Total discovered: 4, Recipes found: 2
[2026-01-05 20:05:49] INFO [recipes.services.recipe_providers.base:238] Recipe provider initialized - Name: BudgetBytes, Domain: budgetbytes.com
[2026-01-05 20:05:49] INFO [recipes.services.recipe_providers.budgetbytes.budgetbytes:121] Attempting to fetch sitemap: https://www.budgetbytes.com/post-sitemap.xml
[2026-01-05 20:05:49] ERROR [recipes.services.recipe_providers.budgetbytes.budgetbytes:145] Sitemap request timed out: https://www.budgetbytes.com/post-sitemap.xml
[2026-01-05 20:05:49] INFO [recipes.services.recipe_providers.budgetbytes.budgetbytes:121] Attempting to fetch sitemap: https://www.budgetbytes.com/post-sitemap2.xml
[2026-01-05 20:05:49] ERROR [recipes.services.recipe_providers.budgetbytes.budgetbytes:145] Sitemap request timed out: https://www.budgetbytes.com/post-sitemap2.xml
[2026-01-05 20:05:49] INFO [recipes.services.recipe_providers.base:238] Recipe provider initialized - Name: BudgetBytes, Domain: budgetbytes.com
[2026-01-05 20:05:49] INFO [recipes.services.recipe_providers.budgetbytes.budgetbytes:96] Starting sitemap-based recipe URL discovery (limit: 10)
[2026-01-05 20:05:49] INFO [recipes.services.recipe_providers.budgetbytes.budgetbytes:100] Recipe URL discovery completed from sitemap - Total discovered: 0 (method: category_fallback)
[2026-01-05 20:05:49] INFO [recipes.services.recipe_providers.base:238] Recipe provider initialized - Name: BudgetBytes, Domain: budgetbytes.com
[2026-01-05 20:05:49] INFO [recipes.services.recipe_providers.budgetbytes.budgetbytes:96] Starting sitemap-based recipe URL discovery (limit: 2)
[2026-01-05 20:05:49] INFO [recipes.services.recipe_providers.budgetbytes.budgetbytes:100] Recipe URL discovery completed from sitemap - Total discovered: 3 (method: sitemap)
[2026-01-05 20:05:49] INFO [recipes.services.recipe_providers.base:238] Recipe provider initialized - Name: BudgetBytes, Domain: budgetbytes.com
[2026-01-05 20:05:49] ERROR [recipes.services.recipe_providers.budgetbytes.budgetbytes:404] No raw ingredients provided to parse: []
[2026-01-05 20:05:49] INFO [recipes.services.recipe_providers.base:238] Recipe provider initialized - Name: BudgetBytes, Domain: budgetbytes.com
[2026-01-05 20:05:49] INFO [recipes.services.recipe_providers.base:238] Recipe provider initialized - Name: BudgetBytes, Domain: budgetbytes.com
[2026-01-05 20:05:49] INFO [recipes.services.recipe_providers.budgetbytes.budgetbytes:421] Failed to parse ingredient with ingredient_parser: 2 cups flour - Parsed but no name (parsed: <Mock name='parse_ingredient()' id='4628245072'>)
[2026-01-05 20:05:49] INFO [recipes.services.recipe_providers.base:238] Recipe provider initialized - Name: BudgetBytes, Domain: budgetbytes.com
[2026-01-05 20:05:49] INFO [recipes.services.recipe_providers.budgetbytes.budgetbytes:421] Failed to parse ingredient with ingredient_parser: 2 cups flour - None
[2026-01-05 20:05:49] INFO [recipes.services.recipe_providers.base:238] Recipe provider initialized - Name: BudgetBytes, Domain: budgetbytes.com
[2026-01-05 20:05:49] INFO [recipes.services.recipe_providers.base:238] Recipe provider initialized - Name: BudgetBytes, Domain: budgetbytes.com
[2026-01-05 20:05:49] INFO [recipes.services.recipe_providers.base:238] Recipe provider initialized - Name: BudgetBytes, Domain: budgetbytes.com
[2026-01-05 20:05:49] ERROR [recipes.services.recipe_providers.budgetbytes.budgetbytes:64] Invalid Budget Bytes URL: https://www.example.com/recipe/ (provider: BudgetBytes)
[2026-01-05 20:05:49] INFO [recipes.services.recipe_providers.base:238] Recipe provider initialized - Name: BudgetBytes, Domain: budgetbytes.com
[2026-01-05 20:05:49] INFO [recipes.services.recipe_providers.budgetbytes.budgetbytes:69] Starting recipe scrape from URL: https://www.budgetbytes.com/recipe/
[2026-01-05 20:05:49] INFO [recipes.services.recipe_providers.base:238] Recipe provider initialized - Name: BudgetBytes, Domain: budgetbytes.com
[2026-01-05 20:05:49] INFO [recipes.services.recipe_providers.budgetbytes.budgetbytes:69] Starting recipe scrape from URL: https://www.budgetbytes.com/test-recipe/
[2026-01-05 20:05:49] INFO [recipes.services.recipe_providers.budgetbytes.budgetbytes:74] Recipe scraped successfully from https://www.budgetbytes.com/test-recipe/ - Title: Test Recipe (provider: BudgetBytes)
[2026-01-05 20:06:51] INFO [recipes.services.recipe_providers.base:238] Recipe provider initialized - Name: BudgetBytes, Domain: budgetbytes.com
[2026-01-05 20:06:51] INFO [recipes.services.recipe_providers.base:238] Recipe provider initialized - Name: BudgetBytes, Domain: budgetbytes.com
[2026-01-05 20:06:51] INFO [recipes.services.recipe_providers.budgetbytes.budgetbytes:121] Attempting to fetch sitemap: https://www.budgetbytes.com/post-sitemap.xml
[2026-01-05 20:06:51] ERROR [recipes.services.recipe_providers.budgetbytes.budgetbytes:147] Failed to fetch sitemap https://www.budgetbytes.com/post-sitemap.xml - Error: Connection error
[2026-01-05 20:06:51] INFO [recipes.services.recipe_providers.budgetbytes.budgetbytes:121] Attempting to fetch sitemap: https://www.budgetbytes.com/post-sitemap2.xml
[2026-01-05 20:06:51] ERROR [recipes.services.recipe_providers.budgetbytes.budgetbytes:147] Failed to fetch sitemap https://www.budgetbytes.com/post-sitemap2.xml - Error: Connection error
[2026-01-05 20:06:51] INFO [recipes.services.recipe_providers.base:238] Recipe provider initialized - Name: BudgetBytes, Domain: budgetbytes.com
[2026-01-05 20:06:51] INFO [recipes.services.recipe_providers.budgetbytes.budgetbytes:121] Attempting to fetch sitemap: https://www.budgetbytes.com/post-sitemap.xml
[2026-01-05 20:06:51] INFO [recipes.services.recipe_providers.budgetbytes.budgetbytes:131] Successfully fetched sitemap: https://www.budgetbytes.com/post-sitemap.xml
[2026-01-05 20:06:51] INFO [recipes.services.recipe_providers.budgetbytes.budgetbytes:197] Processing regular sitemap
[2026-01-05 20:06:51] INFO [recipes.services.recipe_providers.budgetbytes.budgetbytes:135] Found 2 URLs in sitemap: https://www.budgetbytes.com/post-sitemap.xml
[2026-01-05 20:06:51] INFO [recipes.services.recipe_providers.budgetbytes.budgetbytes:121] Attempting to fetch sitemap: https://www.budgetbytes.com/post-sitemap2.xml
[2026-01-05 20:06:51] INFO [recipes.services.recipe_providers.budgetbytes.budgetbytes:131] Successfully fetched sitemap: https://www.budgetbytes.com/post-sitemap2.xml
[2026-01-05 20:06:51] INFO [recipes.services.recipe_providers.budgetbytes.budgetbytes:197] Processing regular sitemap
[2026-01-05 20:06:51] INFO [recipes.services.recipe_providers.budgetbytes.budgetbytes:135] Found 4 URLs in sitemap: https://www.budgetbytes.com/post-sitemap2.xml
[2026-01-05 20:06:51] INFO [recipes.services.recipe_providers.budgetbytes.budgetbytes:156] Filtered recipe URLs - Total discovered: 4, Recipes found: 2
[2026-01-05 20:06:51] INFO [recipes.services.recipe_providers.base:238] Recipe provider initialized - Name: BudgetBytes, Domain: budgetbytes.com
[2026-01-05 20:06:51] INFO [recipes.services.recipe_providers.budgetbytes.budgetbytes:121] Attempting to fetch sitemap: https://www.budgetbytes.com/post-sitemap.xml
[2026-01-05 20:06:51] ERROR [recipes.services.recipe_providers.budgetbytes.budgetbytes:145] Sitemap request timed out: https://www.budgetbytes.com/post-sitemap.xml
[2026-01-05 20:06:51] INFO [recipes.services.recipe_providers.budgetbytes.budgetbytes:121] Attempting to fetch sitemap: https://www.budgetbytes.com/post-sitemap2.xml
[2026-01-05 20:06:51] ERROR [recipes.services.recipe_providers.budgetbytes.budgetbytes:145] Sitemap request timed out: https://www.budgetbytes.com/post-sitemap2.xml
[2026-01-05 20:06:51] INFO [recipes.services.recipe_providers.base:238] Recipe provider initialized - Name: BudgetBytes, Domain: budgetbytes.com
[2026-01-05 20:06:51] INFO [recipes.services.recipe_providers.budgetbytes.budgetbytes:96] Starting sitemap-based recipe URL discovery (limit: 10)
[2026-01-05 20:06:51] INFO [recipes.services.recipe_providers.budgetbytes.budgetbytes:100] Recipe URL discovery completed from sitemap - Total discovered: 0 (method: category_fallback)
[2026-01-05 20:06:51] INFO [recipes.services.recipe_providers.base:238] Recipe provider initialized - Name: BudgetBytes, Domain: budgetbytes.com
[2026-01-05 20:06:51] INFO [recipes.services.recipe_providers.budgetbytes.budgetbytes:96] Starting sitemap-based recipe URL discovery (limit: 2)
[2026-01-05 20:06:51] INFO [recipes.services.recipe_providers.budgetbytes.budgetbytes:100] Recipe URL discovery completed from sitemap - Total discovered: 3 (method: sitemap)
[2026-01-05 20:06:51] INFO [recipes.services.recipe_providers.base:238] Recipe provider initialized - Name: BudgetBytes, Domain: budgetbytes.com
[2026-01-05 20:06:51] ERROR [recipes.services.recipe_providers.budgetbytes.budgetbytes:404] No raw ingredients provided to parse: []
[2026-01-05 20:06:51] INFO [recipes.services.recipe_providers.base:238] Recipe provider initialized - Name: BudgetBytes, Domain: budgetbytes.com
[2026-01-05 20:06:51] ERROR [recipes.services.recipe_providers.budgetbytes.budgetbytes:411] Empty ingredient text encountered in raw ingredients list: ['']
[2026-01-05 20:06:51] INFO [recipes.services.recipe_providers.base:238] Recipe provider initialized - Name: BudgetBytes, Domain: budgetbytes.com
[2026-01-05 20:06:51] INFO [recipes.services.recipe_providers.budgetbytes.budgetbytes:426] Failed to parse ingredient with ingredient_parser: 2 cups flour - Parsed but no name (parsed: <Mock name='parse_ingredient()' id='4732396816'>)
[2026-01-05 20:06:51] INFO [recipes.services.recipe_providers.base:238] Recipe provider initialized - Name: BudgetBytes, Domain: budgetbytes.com
[2026-01-05 20:06:51] INFO [recipes.services.recipe_providers.budgetbytes.budgetbytes:426] Failed to parse ingredient with ingredient_parser: 2 cups flour - None
[2026-01-05 20:06:51] INFO [recipes.services.recipe_providers.base:238] Recipe provider initialized - Name: BudgetBytes, Domain: budgetbytes.com
[2026-01-05 20:06:51] INFO [recipes.services.recipe_providers.base:238] Recipe provider initialized - Name: BudgetBytes, Domain: budgetbytes.com
[2026-01-05 20:06:51] INFO [recipes.services.recipe_providers.base:238] Recipe provider initialized - Name: BudgetBytes, Domain: budgetbytes.com
[2026-01-05 20:06:51] ERROR [recipes.services.recipe_providers.budgetbytes.budgetbytes:64] Invalid Budget Bytes URL: https://www.example.com/recipe/ (provider: BudgetBytes)
[2026-01-05 20:06:51] INFO [recipes.services.recipe_providers.base:238] Recipe provider initialized - Name: BudgetBytes, Domain: budgetbytes.com
[2026-01-05 20:06:51] INFO [recipes.services.recipe_providers.budgetbytes.budgetbytes:69] Starting recipe scrape from URL: https://www.budgetbytes.com/recipe/
[2026-01-05 20:06:51] INFO [recipes.services.recipe_providers.base:238] Recipe provider initialized - Name: BudgetBytes, Domain: budgetbytes.com
[2026-01-05 20:06:51] INFO [recipes.services.recipe_providers.budgetbytes.budgetbytes:69] Starting recipe scrape from URL: https://www.budgetbytes.com/test-recipe/
[2026-01-05 20:06:51] INFO [recipes.services.recipe_providers.budgetbytes.budgetbytes:74] Recipe scraped successfully from https://www.budgetbytes.com/test-recipe/ - Title: Test Recipe (provider: BudgetBytes)
[2026-01-05 20:07:23] INFO [recipes.services.recipe_providers.base:238] Recipe provider initialized - Name: BudgetBytes, Domain: budgetbytes.com
[2026-01-05 20:07:23] INFO [recipes.services.recipe_providers.base:238] Recipe provider initialized - Name: BudgetBytes, Domain: budgetbytes.com
[2026-01-05 20:07:23] INFO [recipes.services.recipe_providers.budgetbytes.budgetbytes:121] Attempting to fetch sitemap: https://www.budgetbytes.com/post-sitemap.xml
[2026-01-05 20:07:23] ERROR [recipes.services.recipe_providers.budgetbytes.budgetbytes:147] Failed to fetch sitemap https://www.budgetbytes.com/post-sitemap.xml - Error: Connection error
[2026-01-05 20:07:23] INFO [recipes.services.recipe_providers.budgetbytes.budgetbytes:121] Attempting to fetch sitemap: https://www.budgetbytes.com/post-sitemap2.xml
[2026-01-05 20:07:23] ERROR [recipes.services.recipe_providers.budgetbytes.budgetbytes:147] Failed to fetch sitemap https://www.budgetbytes.com/post-sitemap2.xml - Error: Connection error
[2026-01-05 20:07:23] INFO [recipes.services.recipe_providers.base:238] Recipe provider initialized - Name: BudgetBytes, Domain: budgetbytes.com
[2026-01-05 20:07:23] INFO [recipes.services.recipe_providers.budgetbytes.budgetbytes:121] Attempting to fetch sitemap: https://www.budgetbytes.com/post-sitemap.xml
[2026-01-05 20:07:23] INFO [recipes.services.recipe_providers.budgetbytes.budgetbytes:131] Successfully fetched sitemap: https://www.budgetbytes.com/post-sitemap.xml
[2026-01-05 20:07:23] INFO [recipes.services.recipe_providers.budgetbytes.budgetbytes:197] Processing regular sitemap
[2026-01-05 20:07:23] INFO [recipes.services.recipe_providers.budgetbytes.budgetbytes:135] Found 2 URLs in sitemap: https://www.budgetbytes.com/post-sitemap.xml
[2026-01-05 20:07:23] INFO [recipes.services.recipe_providers.budgetbytes.budgetbytes:121] Attempting to fetch sitemap: https://www.budgetbytes.com/post-sitemap2.xml
[2026-01-05 20:07:23] INFO [recipes.services.recipe_providers.budgetbytes.budgetbytes:131] Successfully fetched sitemap: https://www.budgetbytes.com/post-sitemap2.xml
[2026-01-05 20:07:23] INFO [recipes.services.recipe_providers.budgetbytes.budgetbytes:197] Processing regular sitemap
[2026-01-05 20:07:23] INFO [recipes.services.recipe_providers.budgetbytes.budgetbytes:135] Found 4 URLs in sitemap: https://www.budgetbytes.com/post-sitemap2.xml
[2026-01-05 20:07:23] INFO [recipes.services.recipe_providers.budgetbytes.budgetbytes:156] Filtered recipe URLs - Total discovered: 4, Recipes found: 2
[2026-01-05 20:07:23] INFO [recipes.services.recipe_providers.base:238] Recipe provider initialized - Name: BudgetBytes, Domain: budgetbytes.com
[2026-01-05 20:07:23] INFO [recipes.services.recipe_providers.budgetbytes.budgetbytes:121] Attempting to fetch sitemap: https://www.budgetbytes.com/post-sitemap.xml
[2026-01-05 20:07:23] ERROR [recipes.services.recipe_providers.budgetbytes.budgetbytes:145] Sitemap request timed out: https://www.budgetbytes.com/post-sitemap.xml
[2026-01-05 20:07:23] INFO [recipes.services.recipe_providers.budgetbytes.budgetbytes:121] Attempting to fetch sitemap: https://www.budgetbytes.com/post-sitemap2.xml
[2026-01-05 20:07:23] ERROR [recipes.services.recipe_providers.budgetbytes.budgetbytes:145] Sitemap request timed out: https://www.budgetbytes.com/post-sitemap2.xml
[2026-01-05 20:07:23] INFO [recipes.services.recipe_providers.base:238] Recipe provider initialized - Name: BudgetBytes, Domain: budgetbytes.com
[2026-01-05 20:07:23] INFO [recipes.services.recipe_providers.budgetbytes.budgetbytes:96] Starting sitemap-based recipe URL discovery (limit: 10)
[2026-01-05 20:07:23] INFO [recipes.services.recipe_providers.budgetbytes.budgetbytes:100] Recipe URL discovery completed from sitemap - Total discovered: 0 (method: category_fallback)
[2026-01-05 20:07:23] INFO [recipes.services.recipe_providers.base:238] Recipe provider initialized - Name: BudgetBytes, Domain: budgetbytes.com
[2026-01-05 20:07:23] INFO [recipes.services.recipe_providers.budgetbytes.budgetbytes:96] Starting sitemap-based recipe URL discovery (limit: 2)
[2026-01-05 20:07:23] INFO [recipes.services.recipe_providers.budgetbytes.budgetbytes:100] Recipe URL discovery completed from sitemap - Total discovered: 3 (method: sitemap)
[2026-01-05 20:07:23] INFO [recipes.services.recipe_providers.base:238] Recipe provider initialized - Name: BudgetBytes, Domain: budgetbytes.com
[2026-01-05 20:07:23] ERROR [recipes.services.recipe_providers.budgetbytes.budgetbytes:404] No raw ingredients provided to parse: []
[2026-01-05 20:07:23] INFO [recipes.services.recipe_providers.base:238] Recipe provider initialized - Name: BudgetBytes, Domain: budgetbytes.com
[2026-01-05 20:07:23] ERROR [recipes.services.recipe_providers.budgetbytes.budgetbytes:404] No raw ingredients provided to parse: ['']
[2026-01-05 20:07:23] INFO [recipes.services.recipe_providers.base:238] Recipe provider initialized - Name: BudgetBytes, Domain: budgetbytes.com
[2026-01-05 20:07:23] INFO [recipes.services.recipe_providers.budgetbytes.budgetbytes:420] Failed to parse ingredient with ingredient_parser: 2 cups flour - Parsed but no name (parsed: <Mock name='parse_ingredient()' id='4657210640'>)
[2026-01-05 20:07:23] INFO [recipes.services.recipe_providers.base:238] Recipe provider initialized - Name: BudgetBytes, Domain: budgetbytes.com
[2026-01-05 20:07:23] INFO [recipes.services.recipe_providers.budgetbytes.budgetbytes:420] Failed to parse ingredient with ingredient_parser: 2 cups flour - None
[2026-01-05 20:07:23] INFO [recipes.services.recipe_providers.base:238] Recipe provider initialized - Name: BudgetBytes, Domain: budgetbytes.com
[2026-01-05 20:07:23] INFO [recipes.services.recipe_providers.base:238] Recipe provider initialized - Name: BudgetBytes, Domain: budgetbytes.com
[2026-01-05 20:07:23] INFO [recipes.services.recipe_providers.base:238] Recipe provider initialized - Name: BudgetBytes, Domain: budgetbytes.com
[2026-01-05 20:07:23] ERROR [recipes.services.recipe_providers.budgetbytes.budgetbytes:64] Invalid Budget Bytes URL: https://www.example.com/recipe/ (provider: BudgetBytes)
[2026-01-05 20:07:23] INFO [recipes.services.recipe_providers.base:238] Recipe provider initialized - Name: BudgetBytes, Domain: budgetbytes.com
[2026-01-05 20:07:23] INFO [recipes.services.recipe_providers.budgetbytes.budgetbytes:69] Starting recipe scrape from URL: https://www.budgetbytes.com/recipe/
[2026-01-05 20:07:23] INFO [recipes.services.recipe_providers.base:238] Recipe provider initialized - Name: BudgetBytes, Domain: budgetbytes.com
[2026-01-05 20:07:23] INFO [recipes.services.recipe_providers.budgetbytes.budgetbytes:69] Starting recipe scrape from URL: https://www.budgetbytes.com/test-recipe/
[2026-01-05 20:07:23] INFO [recipes.services.recipe_providers.budgetbytes.budgetbytes:74] Recipe scraped successfully from https://www.budgetbytes.com/test-recipe/ - Title: Test Recipe (provider: BudgetBytes)
[2026-01-05 20:09:28] INFO [recipes.services.recipe_providers.base:238] Recipe provider initialized - Name: BudgetBytes, Domain: budgetbytes.com
[2026-01-05 20:09:28] INFO [recipes.services.recipe_providers.base:238] Recipe provider initialized - Name: BudgetBytes, Domain: budgetbytes.com
[2026-01-05 20:09:28] INFO [recipes.services.recipe_providers.budgetbytes.budgetbytes:121] Attempting to fetch sitemap: https://www.budgetbytes.com/post-sitemap.xml
[2026-01-05 20:09:28] ERROR [recipes.services.recipe_providers.budgetbytes.budgetbytes:147] Failed to fetch sitemap https://www.budgetbytes.com/post-sitemap.xml - Error: Connection error
[2026-01-05 20:09:28] INFO [recipes.services.recipe_providers.budgetbytes.budgetbytes:121] Attempting to fetch sitemap: https://www.budgetbytes.com/post-sitemap2.xml
[2026-01-05 20:09:28] ERROR [recipes.services.recipe_providers.budgetbytes.budgetbytes:147] Failed to fetch sitemap https://www.budgetbytes.com/post-sitemap2.xml - Error: Connection error
[2026-01-05 20:09:28] INFO [recipes.services.recipe_providers.base:238] Recipe provider initialized - Name: BudgetBytes, Domain: budgetbytes.com
[2026-01-05 20:09:28] INFO [recipes.services.recipe_providers.budgetbytes.budgetbytes:121] Attempting to fetch sitemap: https://www.budgetbytes.com/post-sitemap.xml
[2026-01-05 20:09:28] INFO [recipes.services.recipe_providers.budgetbytes.budgetbytes:131] Successfully fetched sitemap: https://www.budgetbytes.com/post-sitemap.xml
[2026-01-05 20:09:28] INFO [recipes.services.recipe_providers.budgetbytes.budgetbytes:197] Processing regular sitemap
[2026-01-05 20:09:28] INFO [recipes.services.recipe_providers.budgetbytes.budgetbytes:135] Found 2 URLs in sitemap: https://www.budgetbytes.com/post-sitemap.xml
[2026-01-05 20:09:28] INFO [recipes.services.recipe_providers.budgetbytes.budgetbytes:121] Attempting to fetch sitemap: https://www.budgetbytes.com/post-sitemap2.xml
[2026-01-05 20:09:28] INFO [recipes.services.recipe_providers.budgetbytes.budgetbytes:131] Successfully fetched sitemap: https://www.budgetbytes.com/post-sitemap2.xml
[2026-01-05 20:09:28] INFO [recipes.services.recipe_providers.budgetbytes.budgetbytes:197] Processing regular sitemap
[2026-01-05 20:09:28] INFO [recipes.services.recipe_providers.budgetbytes.budgetbytes:135] Found 4 URLs in sitemap: https://www.budgetbytes.com/post-sitemap2.xml
[2026-01-05 20:09:28] INFO [recipes.services.recipe_providers.budgetbytes.budgetbytes:156] Filtered recipe URLs - Total discovered: 4, Recipes found: 2
[2026-01-05 20:09:28] INFO [recipes.services.recipe_providers.base:238] Recipe provider initialized - Name: BudgetBytes, Domain: budgetbytes.com
[2026-01-05 20:09:28] INFO [recipes.services.recipe_providers.budgetbytes.budgetbytes:121] Attempting to fetch sitemap: https://www.budgetbytes.com/post-sitemap.xml
[2026-01-05 20:09:28] ERROR [recipes.services.recipe_providers.budgetbytes.budgetbytes:145] Sitemap request timed out: https://www.budgetbytes.com/post-sitemap.xml
[2026-01-05 20:09:28] INFO [recipes.services.recipe_providers.budgetbytes.budgetbytes:121] Attempting to fetch sitemap: https://www.budgetbytes.com/post-sitemap2.xml
[2026-01-05 20:09:28] ERROR [recipes.services.recipe_providers.budgetbytes.budgetbytes:145] Sitemap request timed out: https://www.budgetbytes.com/post-sitemap2.xml
[2026-01-05 20:09:28] INFO [recipes.services.recipe_providers.base:238] Recipe provider initialized - Name: BudgetBytes, Domain: budgetbytes.com
[2026-01-05 20:09:28] INFO [recipes.services.recipe_providers.budgetbytes.budgetbytes:96] Starting sitemap-based recipe URL discovery (limit: 10)
[2026-01-05 20:09:28] INFO [recipes.services.recipe_providers.budgetbytes.budgetbytes:100] Recipe URL discovery completed from sitemap - Total discovered: 0 (method: category_fallback)
[2026-01-05 20:09:28] INFO [recipes.services.recipe_providers.base:238] Recipe provider initialized - Name: BudgetBytes, Domain: budgetbytes.com
[2026-01-05 20:09:28] INFO [recipes.services.recipe_providers.budgetbytes.budgetbytes:96] Starting sitemap-based recipe URL discovery (limit: 2)
[2026-01-05 20:09:28] INFO [recipes.services.recipe_providers.budgetbytes.budgetbytes:100] Recipe URL discovery completed from sitemap - Total discovered: 3 (method: sitemap)
[2026-01-05 20:09:28] INFO [recipes.services.recipe_providers.base:238] Recipe provider initialized - Name: BudgetBytes, Domain: budgetbytes.com
[2026-01-05 20:09:28] ERROR [recipes.services.recipe_providers.budgetbytes.budgetbytes:404] No raw ingredients provided to parse: []
[2026-01-05 20:09:28] INFO [recipes.services.recipe_providers.base:238] Recipe provider initialized - Name: BudgetBytes, Domain: budgetbytes.com
[2026-01-05 20:09:28] ERROR [recipes.services.recipe_providers.budgetbytes.budgetbytes:404] No raw ingredients provided to parse: ['']
[2026-01-05 20:09:28] INFO [recipes.services.recipe_providers.base:238] Recipe provider initialized - Name: BudgetBytes, Domain: budgetbytes.com
[2026-01-05 20:09:28] INFO [recipes.services.recipe_providers.budgetbytes.budgetbytes:420] Failed to parse ingredient with ingredient_parser: 2 cups flour - Parsed but no name (parsed: <Mock name='parse_ingredient()' id='4594936064'>)
[2026-01-05 20:09:28] INFO [recipes.services.recipe_providers.base:238] Recipe provider initialized - Name: BudgetBytes, Domain: budgetbytes.com
[2026-01-05 20:09:28] INFO [recipes.services.recipe_providers.budgetbytes.budgetbytes:420] Failed to parse ingredient with ingredient_parser: 2 cups flour - None
[2026-01-05 20:09:28] INFO [recipes.services.recipe_providers.base:238] Recipe provider initialized - Name: BudgetBytes, Domain: budgetbytes.com
[2026-01-05 20:09:28] INFO [recipes.services.recipe_providers.base:238] Recipe provider initialized - Name: BudgetBytes, Domain: budgetbytes.com
[2026-01-05 20:09:28] INFO [recipes.services.recipe_providers.base:238] Recipe provider initialized - Name: BudgetBytes, Domain: budgetbytes.com
[2026-01-05 20:09:28] ERROR [recipes.services.recipe_providers.budgetbytes.budgetbytes:64] Invalid Budget Bytes URL: https://www.example.com/recipe/ (provider: BudgetBytes)
[2026-01-05 20:09:28] INFO [recipes.services.recipe_providers.base:238] Recipe provider initialized - Name: BudgetBytes, Domain: budgetbytes.com
[2026-01-05 20:09:28] INFO [recipes.services.recipe_providers.budgetbytes.budgetbytes:69] Starting recipe scrape from URL: https://www.budgetbytes.com/recipe/
[2026-01-05 20:09:28] INFO [recipes.services.recipe_providers.base:238] Recipe provider initialized - Name: BudgetBytes, Domain: budgetbytes.com
[2026-01-05 20:09:28] INFO [recipes.services.recipe_providers.budgetbytes.budgetbytes:69] Starting recipe scrape from URL: https://www.budgetbytes.com/test-recipe/
[2026-01-05 20:09:28] INFO [recipes.services.recipe_providers.budgetbytes.budgetbytes:74] Recipe scraped successfully from https://www.budgetbytes.com/test-recipe/ - Title: Test Recipe (provider: BudgetBytes)
[2026-01-05 20:09:28] INFO [recipes.services.recipe_providers.base:238] Recipe provider initialized - Name: BudgetBytes, Domain: budgetbytes.com
[2026-01-05 20:09:28] INFO [recipes.services.recipe_providers.base:238] Recipe provider initialized - Name: BudgetBytes, Domain: budgetbytes.com
[2026-01-05 20:09:28] INFO [recipes.services.recipe_providers.base:238] Recipe provider initialized - Name: BudgetBytes, Domain: budgetbytes.com
[2026-01-05 20:09:28] INFO [recipes.services.recipe_providers.base:238] Recipe provider initialized - Name: BudgetBytes, Domain: budgetbytes.com
[2026-01-05 20:09:28] INFO [recipes.services.recipe_providers.base:238] Recipe provider initialized - Name: BudgetBytes, Domain: budgetbytes.com
[2026-01-05 20:09:28] INFO [recipes.services.recipe_providers.base:238] Recipe provider initialized - Name: BudgetBytes, Domain: budgetbytes.com
[2026-01-05 20:09:28] INFO [recipes.services.recipe_providers.base:238] Recipe provider initialized - Name: BudgetBytes, Domain: budgetbytes.com
[2026-01-05 20:09:28] INFO [recipes.services.recipe_providers.base:238] Recipe provider initialized - Name: BudgetBytes, Domain: budgetbytes.com
[2026-01-05 20:12:04] INFO [recipes.services.recipe_providers.base:238] Recipe provider initialized - Name: BudgetBytes, Domain: budgetbytes.com
[2026-01-05 20:12:04] ERROR [recipes.services.recipe_providers.budgetbytes.budgetbytes:404] No raw ingredients provided to parse: []
[2026-01-05 20:12:04] INFO [recipes.services.recipe_providers.base:238] Recipe provider initialized - Name: BudgetBytes, Domain: budgetbytes.com
[2026-01-05 20:12:04] ERROR [recipes.services.recipe_providers.budgetbytes.budgetbytes:404] No raw ingredients provided to parse: ['']
[2026-01-05 20:12:04] INFO [recipes.services.recipe_providers.base:238] Recipe provider initialized - Name: BudgetBytes, Domain: budgetbytes.com
[2026-01-05 20:12:04] INFO [recipes.services.recipe_providers.budgetbytes.budgetbytes:420] Failed to parse ingredient with ingredient_parser: 2 cups flour - Parsed but no name (parsed: <Mock name='parse_ingredient()' id='4587162320'>)
[2026-01-05 20:12:04] INFO [recipes.services.recipe_providers.base:238] Recipe provider initialized - Name: BudgetBytes, Domain: budgetbytes.com
[2026-01-05 20:12:04] INFO [recipes.services.recipe_providers.budgetbytes.budgetbytes:420] Failed to parse ingredient with ingredient_parser: 2 cups flour - None
[2026-01-05 20:12:04] INFO [recipes.services.recipe_providers.base:238] Recipe provider initialized - Name: BudgetBytes, Domain: budgetbytes.com
[2026-01-05 20:12:04] INFO [recipes.services.recipe_providers.base:238] Recipe provider initialized - Name: BudgetBytes, Domain: budgetbytes.com
[2026-01-05 20:15:08] INFO [recipes.services.recipe_providers.base:238] Recipe provider initialized - Name: BudgetBytes, Domain: budgetbytes.com
[2026-01-05 20:15:08] INFO [recipes.services.recipe_providers.base:238] Recipe provider initialized - Name: BudgetBytes, Domain: budgetbytes.com
[2026-01-05 20:15:08] ERROR [recipes.services.recipe_providers.budgetbytes.budgetbytes:404] No raw ingredients provided to parse: []
[2026-01-05 20:15:08] INFO [recipes.services.recipe_providers.base:238] Recipe provider initialized - Name: BudgetBytes, Domain: budgetbytes.com
[2026-01-05 20:15:08] ERROR [recipes.services.recipe_providers.budgetbytes.budgetbytes:404] No raw ingredients provided to parse: ['']
[2026-01-05 20:15:08] INFO [recipes.services.recipe_providers.base:238] Recipe provider initialized - Name: BudgetBytes, Domain: budgetbytes.com
[2026-01-05 20:15:08] INFO [recipes.services.recipe_providers.base:238] Recipe provider initialized - Name: BudgetBytes, Domain: budgetbytes.com
[2026-01-05 20:15:08] INFO [recipes.services.recipe_providers.base:238] Recipe provider initialized - Name: BudgetBytes, Domain: budgetbytes.com
[2026-01-05 20:15:08] INFO [recipes.services.recipe_providers.budgetbytes.budgetbytes:420] Failed to parse ingredient with ingredient_parser: 2 cups flour - Parsed but no name (parsed: <Mock name='parse_ingredient()' id='4562834768'>)
[2026-01-05 20:15:08] INFO [recipes.services.recipe_providers.base:238] Recipe provider initialized - Name: BudgetBytes, Domain: budgetbytes.com
[2026-01-05 20:15:08] INFO [recipes.services.recipe_providers.base:238] Recipe provider initialized - Name: BudgetBytes, Domain: budgetbytes.com
[2026-01-05 20:15:08] INFO [recipes.services.recipe_providers.base:238] Recipe provider initialized - Name: BudgetBytes, Domain: budgetbytes.com
[2026-01-05 20:15:08] INFO [recipes.services.recipe_providers.budgetbytes.budgetbytes:420] Failed to parse ingredient with ingredient_parser: 2 cups flour - None
[2026-01-05 20:15:08] INFO [recipes.services.recipe_providers.base:238] Recipe provider initialized - Name: BudgetBytes, Domain: budgetbytes.com
[2026-01-05 20:15:08] INFO [recipes.services.recipe_providers.base:238] Recipe provider initialized - Name: BudgetBytes, Domain: budgetbytes.com
[2026-01-05 20:15:28] INFO [recipes.services.recipe_providers.base:238] Recipe provider initialized - Name: BudgetBytes, Domain: budgetbytes.com
[2026-01-05 20:15:28] INFO [recipes.services.recipe_providers.base:238] Recipe provider initialized - Name: BudgetBytes, Domain: budgetbytes.com
[2026-01-05 20:15:28] ERROR [recipes.services.recipe_providers.budgetbytes.budgetbytes:404] No raw ingredients provided to parse: []
[2026-01-05 20:15:28] INFO [recipes.services.recipe_providers.base:238] Recipe provider initialized - Name: BudgetBytes, Domain: budgetbytes.com
[2026-01-05 20:15:28] ERROR [recipes.services.recipe_providers.budgetbytes.budgetbytes:404] No raw ingredients provided to parse: ['']
[2026-01-05 20:15:28] INFO [recipes.services.recipe_providers.base:238] Recipe provider initialized - Name: BudgetBytes, Domain: budgetbytes.com
[2026-01-05 20:15:28] INFO [recipes.services.recipe_providers.base:238] Recipe provider initialized - Name: BudgetBytes, Domain: budgetbytes.com
[2026-01-05 20:15:28] INFO [recipes.services.recipe_providers.base:238] Recipe provider initialized - Name: BudgetBytes, Domain: budgetbytes.com
[2026-01-05 20:15:28] INFO [recipes.services.recipe_providers.budgetbytes.budgetbytes:420] Failed to parse ingredient with ingredient_parser: 2 cups flour - Parsed but no name (parsed: <Mock name='parse_ingredient()' id='4562425168'>)
[2026-01-05 20:15:28] INFO [recipes.services.recipe_providers.base:238] Recipe provider initialized - Name: BudgetBytes, Domain: budgetbytes.com
[2026-01-05 20:15:28] INFO [recipes.services.recipe_providers.base:238] Recipe provider initialized - Name: BudgetBytes, Domain: budgetbytes.com
[2026-01-05 20:15:28] INFO [recipes.services.recipe_providers.base:238] Recipe provider initialized - Name: BudgetBytes, Domain: budgetbytes.com
[2026-01-05 20:15:28] INFO [recipes.services.recipe_providers.budgetbytes.budgetbytes:420] Failed to parse ingredient with ingredient_parser: 2 cups flour - None
[2026-01-05 20:15:28] INFO [recipes.services.recipe_providers.base:238] Recipe provider initialized - Name: BudgetBytes, Domain: budgetbytes.com
[2026-01-05 20:15:28] INFO [recipes.services.recipe_providers.base:238] Recipe provider initialized - Name: BudgetBytes, Domain: budgetbytes.com
[2026-01-05 20:33:31] INFO [recipes.services.recipe_providers.base:238] Recipe provider initialized - Name: BudgetBytes, Domain: budgetbytes.com
[2026-01-05 20:33:31] INFO [recipes.services.recipe_providers.base:238] Recipe provider initialized - Name: BudgetBytes, Domain: budgetbytes.com
[2026-01-05 20:33:31] INFO [recipes.services.recipe_providers.budgetbytes.budgetbytes:121] Attempting to fetch sitemap: https://www.budgetbytes.com/post-sitemap.xml
[2026-01-05 20:33:31] ERROR [recipes.services.recipe_providers.budgetbytes.budgetbytes:147] Failed to fetch sitemap https://www.budgetbytes.com/post-sitemap.xml - Error: Connection error
[2026-01-05 20:33:31] INFO [recipes.services.recipe_providers.budgetbytes.budgetbytes:121] Attempting to fetch sitemap: https://www.budgetbytes.com/post-sitemap2.xml
[2026-01-05 20:33:31] ERROR [recipes.services.recipe_providers.budgetbytes.budgetbytes:147] Failed to fetch sitemap https://www.budgetbytes.com/post-sitemap2.xml - Error: Connection error
[2026-01-05 20:33:31] INFO [recipes.services.recipe_providers.base:238] Recipe provider initialized - Name: BudgetBytes, Domain: budgetbytes.com
[2026-01-05 20:33:31] INFO [recipes.services.recipe_providers.budgetbytes.budgetbytes:121] Attempting to fetch sitemap: https://www.budgetbytes.com/post-sitemap.xml
[2026-01-05 20:33:31] INFO [recipes.services.recipe_providers.budgetbytes.budgetbytes:131] Successfully fetched sitemap: https://www.budgetbytes.com/post-sitemap.xml
[2026-01-05 20:33:31] INFO [recipes.services.recipe_providers.budgetbytes.budgetbytes:197] Processing regular sitemap
[2026-01-05 20:33:31] INFO [recipes.services.recipe_providers.budgetbytes.budgetbytes:135] Found 2 URLs in sitemap: https://www.budgetbytes.com/post-sitemap.xml
[2026-01-05 20:33:31] INFO [recipes.services.recipe_providers.budgetbytes.budgetbytes:121] Attempting to fetch sitemap: https://www.budgetbytes.com/post-sitemap2.xml
[2026-01-05 20:33:31] INFO [recipes.services.recipe_providers.budgetbytes.budgetbytes:131] Successfully fetched sitemap: https://www.budgetbytes.com/post-sitemap2.xml
[2026-01-05 20:33:31] INFO [recipes.services.recipe_providers.budgetbytes.budgetbytes:197] Processing regular sitemap
[2026-01-05 20:33:31] INFO [recipes.services.recipe_providers.budgetbytes.budgetbytes:135] Found 4 URLs in sitemap: https://www.budgetbytes.com/post-sitemap2.xml
[2026-01-05 20:33:31] INFO [recipes.services.recipe_providers.budgetbytes.budgetbytes:156] Filtered recipe URLs - Total discovered: 4, Recipes found: 2
[2026-01-05 20:33:31] INFO [recipes.services.recipe_providers.base:238] Recipe provider initialized - Name: BudgetBytes, Domain: budgetbytes.com
[2026-01-05 20:33:31] INFO [recipes.services.recipe_providers.budgetbytes.budgetbytes:121] Attempting to fetch sitemap: https://www.budgetbytes.com/post-sitemap.xml
[2026-01-05 20:33:31] ERROR [recipes.services.recipe_providers.budgetbytes.budgetbytes:145] Sitemap request timed out: https://www.budgetbytes.com/post-sitemap.xml
[2026-01-05 20:33:31] INFO [recipes.services.recipe_providers.budgetbytes.budgetbytes:121] Attempting to fetch sitemap: https://www.budgetbytes.com/post-sitemap2.xml
[2026-01-05 20:33:31] ERROR [recipes.services.recipe_providers.budgetbytes.budgetbytes:145] Sitemap request timed out: https://www.budgetbytes.com/post-sitemap2.xml
[2026-01-05 20:33:31] INFO [recipes.services.recipe_providers.base:238] Recipe provider initialized - Name: BudgetBytes, Domain: budgetbytes.com
[2026-01-05 20:33:31] INFO [recipes.services.recipe_providers.budgetbytes.budgetbytes:96] Starting sitemap-based recipe URL discovery (limit: 10)
[2026-01-05 20:33:31] INFO [recipes.services.recipe_providers.budgetbytes.budgetbytes:100] Recipe URL discovery completed from sitemap - Total discovered: 0 (method: category_fallback)
[2026-01-05 20:33:31] INFO [recipes.services.recipe_providers.base:238] Recipe provider initialized - Name: BudgetBytes, Domain: budgetbytes.com
[2026-01-05 20:33:31] INFO [recipes.services.recipe_providers.budgetbytes.budgetbytes:96] Starting sitemap-based recipe URL discovery (limit: 2)
[2026-01-05 20:33:31] INFO [recipes.services.recipe_providers.budgetbytes.budgetbytes:100] Recipe URL discovery completed from sitemap - Total discovered: 3 (method: sitemap)
[2026-01-05 20:33:31] INFO [recipes.services.recipe_providers.base:238] Recipe provider initialized - Name: BudgetBytes, Domain: budgetbytes.com
[2026-01-05 20:33:31] INFO [recipes.services.recipe_providers.base:238] Recipe provider initialized - Name: BudgetBytes, Domain: budgetbytes.com
[2026-01-05 20:33:31] ERROR [recipes.services.recipe_providers.budgetbytes.budgetbytes:404] No raw ingredients provided to parse: []
[2026-01-05 20:33:31] INFO [recipes.services.recipe_providers.base:238] Recipe provider initialized - Name: BudgetBytes, Domain: budgetbytes.com
[2026-01-05 20:33:31] ERROR [recipes.services.recipe_providers.budgetbytes.budgetbytes:404] No raw ingredients provided to parse: ['']
[2026-01-05 20:33:31] INFO [recipes.services.recipe_providers.base:238] Recipe provider initialized - Name: BudgetBytes, Domain: budgetbytes.com
[2026-01-05 20:33:31] INFO [recipes.services.recipe_providers.base:238] Recipe provider initialized - Name: BudgetBytes, Domain: budgetbytes.com
[2026-01-05 20:33:31] INFO [recipes.services.recipe_providers.base:238] Recipe provider initialized - Name: BudgetBytes, Domain: budgetbytes.com
[2026-01-05 20:33:31] INFO [recipes.services.recipe_providers.budgetbytes.budgetbytes:420] Failed to parse ingredient with ingredient_parser: 2 cups flour - Parsed but no name (parsed: <Mock name='parse_ingredient()' id='4592670368'>)
[2026-01-05 20:33:31] INFO [recipes.services.recipe_providers.base:238] Recipe provider initialized - Name: BudgetBytes, Domain: budgetbytes.com
[2026-01-05 20:33:31] INFO [recipes.services.recipe_providers.base:238] Recipe provider initialized - Name: BudgetBytes, Domain: budgetbytes.com
[2026-01-05 20:33:31] INFO [recipes.services.recipe_providers.base:238] Recipe provider initialized - Name: BudgetBytes, Domain: budgetbytes.com
[2026-01-05 20:33:31] INFO [recipes.services.recipe_providers.budgetbytes.budgetbytes:420] Failed to parse ingredient with ingredient_parser: 2 cups flour - None
[2026-01-05 20:33:31] INFO [recipes.services.recipe_providers.base:238] Recipe provider initialized - Name: BudgetBytes, Domain: budgetbytes.com
[2026-01-05 20:33:31] INFO [recipes.services.recipe_providers.base:238] Recipe provider initialized - Name: BudgetBytes, Domain: budgetbytes.com
[2026-01-05 20:33:31] INFO [recipes.services.recipe_providers.base:238] Recipe provider initialized - Name: BudgetBytes, Domain: budgetbytes.com
[2026-01-05 20:33:31] ERROR [recipes.services.recipe_providers.budgetbytes.budgetbytes:64] Invalid Budget Bytes URL: https://www.example.com/recipe/ (provider: BudgetBytes)
[2026-01-05 20:33:31] INFO [recipes.services.recipe_providers.base:238] Recipe provider initialized - Name: BudgetBytes, Domain: budgetbytes.com
[2026-01-05 20:33:31] INFO [recipes.services.recipe_providers.budgetbytes.budgetbytes:69] Starting recipe scrape from URL: https://www.budgetbytes.com/recipe/
[2026-01-05 20:33:31] INFO [recipes.services.recipe_providers.base:238] Recipe provider initialized - Name: BudgetBytes, Domain: budgetbytes.com
[2026-01-05 20:33:31] INFO [recipes.services.recipe_providers.budgetbytes.budgetbytes:69] Starting recipe scrape from URL: https://www.budgetbytes.com/test-recipe/
[2026-01-05 20:33:31] INFO [recipes.services.recipe_providers.budgetbytes.budgetbytes:74] Recipe scraped successfully from https://www.budgetbytes.com/test-recipe/ - Title: Test Recipe (provider: BudgetBytes)
[2026-01-05 20:33:31] INFO [recipes.services.recipe_providers.base:238] Recipe provider initialized - Name: BudgetBytes, Domain: budgetbytes.com
[2026-01-05 20:33:31] INFO [recipes.services.recipe_providers.base:238] Recipe provider initialized - Name: BudgetBytes, Domain: budgetbytes.com
[2026-01-05 20:33:31] INFO [recipes.services.recipe_providers.base:238] Recipe provider initialized - Name: BudgetBytes, Domain: budgetbytes.com
[2026-01-05 20:33:31] INFO [recipes.services.recipe_providers.base:238] Recipe provider initialized - Name: BudgetBytes, Domain: budgetbytes.com
[2026-01-05 20:33:31] INFO [recipes.services.recipe_providers.base:238] Recipe provider initialized - Name: BudgetBytes, Domain: budgetbytes.com
[2026-01-05 20:33:31] INFO [recipes.services.recipe_providers.base:238] Recipe provider initialized - Name: BudgetBytes, Domain: budgetbytes.com
[2026-01-05 20:33:31] INFO [recipes.services.recipe_providers.base:238] Recipe provider initialized - Name: BudgetBytes, Domain: budgetbytes.com
[2026-01-05 20:33:31] INFO [recipes.services.recipe_providers.base:238] Recipe provider initialized - Name: BudgetBytes, Domain: budgetbytes.com
[2026-01-07 21:57:57] INFO [recipes.management.commands.budget_bytes_recipe_discovery:18] Starting budget bytes recipe discovery
[2026-01-07 21:57:57] INFO [recipes.services.recipe_providers.base:238] Recipe provider initialized - Name: BudgetBytes, Domain: budgetbytes.com
[2026-01-07 21:57:57] INFO [recipes.services.macro_analysis.api_ninja:36] Initializing API NINJA Nutrition API
[2026-01-07 21:57:57] INFO [recipes.services.recipe_providers.budgetbytes.budgetbytes:96] Starting sitemap-based recipe URL discovery (limit: 10)
[2026-01-07 21:57:59] INFO [recipes.services.recipe_providers.budgetbytes.budgetbytes:121] Attempting to fetch sitemap: https://www.budgetbytes.com/post-sitemap.xml
[2026-01-07 21:58:05] INFO [recipes.services.recipe_providers.budgetbytes.budgetbytes:131] Successfully fetched sitemap: https://www.budgetbytes.com/post-sitemap.xml
[2026-01-07 21:58:05] INFO [recipes.services.recipe_providers.budgetbytes.budgetbytes:197] Processing regular sitemap
[2026-01-07 21:58:05] INFO [recipes.services.recipe_providers.budgetbytes.budgetbytes:135] Found 958 URLs in sitemap: https://www.budgetbytes.com/post-sitemap.xml
[2026-01-07 21:58:07] INFO [recipes.services.recipe_providers.budgetbytes.budgetbytes:121] Attempting to fetch sitemap: https://www.budgetbytes.com/post-sitemap2.xml
[2026-01-07 21:58:13] INFO [recipes.services.recipe_providers.budgetbytes.budgetbytes:131] Successfully fetched sitemap: https://www.budgetbytes.com/post-sitemap2.xml
[2026-01-07 21:58:13] INFO [recipes.services.recipe_providers.budgetbytes.budgetbytes:197] Processing regular sitemap
[2026-01-07 21:58:13] INFO [recipes.services.recipe_providers.budgetbytes.budgetbytes:135] Found 1906 URLs in sitemap: https://www.budgetbytes.com/post-sitemap2.xml
[2026-01-07 21:58:13] INFO [recipes.services.recipe_providers.budgetbytes.budgetbytes:156] Filtered recipe URLs - Total discovered: 1906, Recipes found: 1871
[2026-01-07 21:58:13] INFO [recipes.services.recipe_providers.budgetbytes.budgetbytes:100] Recipe URL discovery completed from sitemap - Total discovered: 10 (method: sitemap)
[2026-01-07 21:58:13] INFO [recipes.management.commands.budget_bytes_recipe_discovery:27] Discovered recipe URL: https://www.budgetbytes.com/stuffed-poblano-peppers/
[2026-01-07 21:58:13] INFO [recipes.services.recipe_providers.budgetbytes.budgetbytes:69] Starting recipe scrape from URL: https://www.budgetbytes.com/stuffed-poblano-peppers/
[2026-01-07 21:58:16] ERROR [recipes.utils:73] Failed to extract data from method dietary_restrictions with default value None and error recipe-scrapers (15.8.0) exception: No dietary restrictions data in SchemaOrg.
[2026-01-07 21:58:16] INFO [recipes.services.recipe_providers.budgetbytes.budgetbytes:360] Recipe data normalized successfully - Title: Stuffed Poblano Peppers, Ingredients: 9, Instructions: 6, Has structured ingredients: True
[2026-01-07 21:58:16] INFO [recipes.services.recipe_providers.budgetbytes.budgetbytes:74] Recipe scraped successfully from https://www.budgetbytes.com/stuffed-poblano-peppers/ - Title: Stuffed Poblano Peppers (provider: BudgetBytes)
[2026-01-07 21:58:16] INFO [recipes.management.commands.budget_bytes_recipe_discovery:30] Recipe data: RecipeData(title='Stuffed Poblano Peppers', source_url='https://www.budgetbytes.com/stuffed-poblano-peppers/', description='Stuffed poblano peppers are a fun, filling, and flavorful vegetarian meal. The southwest flavors are vibrant while beans and rice keep you feeling full.', ingredients=[IngredientData(name='long grain rice', quantity=1.0, unit='cup', notes='uncooked', original_text='1 cup uncooked long grain rice ($0.30)'), IngredientData(name='bullion', quantity=2.0, unit='cubes', notes=None, original_text='2 cubes bullion, vegetable, or chicken ($0.24)'), IngredientData(name='chili powder', quantity=0.25, unit='teaspoon', notes=None, original_text='1/4 tsp chili powder ($0.05)'), IngredientData(name='fresh cilantro', quantity=0.25, unit='bunches', notes=None, original_text='1/4 bunch fresh cilantro ($0.17)'), IngredientData(name='poblano peppers', quantity=6.0, unit='', notes=None, original_text='6 poblano peppers ($2.98)'), IngredientData(name='cheese', quantity=4.0, unit='ounce', notes=None, original_text='4 oz. cheese ($0.99)'), IngredientData(name='salsa', quantity=0.75, unit='cup', notes='divided', original_text='3/4 cup divided salsa ($0.52)'), IngredientData(name='black beans', quantity=1.0, unit='can', notes=None, original_text='1 15oz. can black beans ($0.87)'), IngredientData(name='non-stick spray', quantity=None, unit=None, notes=None, original_text='non-stick spray (if needed) ($0.10)')], instructions=['Cook the rice in a medium pot with 1.75 cups of water and two buillion cubes. (instructions for cooking rice here) While the rice is cooking, finely chop the cilantro. Mix the cilantro and chili powder into the rice after it has finished cooking. Set the rice aside until you are ready to use it.', 'While the rice is cooking, roast the poblanos. Preheat the broiler to 400 degrees. Spray a baking sheet and coat all sides of the poblano peppers with non-stick spray (you can rub olive oil all over them but I find spraying is much easier). Place the baking sheet a few inches under the broiler (I use the second rack level) and broil on each side for 5 minutes.', 'After broiling the poblanos, the skin should be blistered and bubbly. Immediately place the peppers into a ziplock bag for about 15 minutes to allow the steam to loosen the skin. Remove them from the bag and peel away as much of the skin as possible (be gentle and it is okay if you can’t get ALL of the skin).', 'Cut a boat shaped piece out of each pepper and then carefully remove the seeds and seed pod. Save the pieces of pepper that are removed to make the openings because it makes a great ingredient for salads, burrito bowls or quesadillas (breakfast quesadilla anyone?).', 'Preheat the oven to 350 degrees (bake, not broil this time). Gently fill the peppers with layers of seasoned rice, salsa, cheese and beans. I began with rice (1/3 to 1/2 cup), then 1 Tbsp of salsa, 1/3 oz. of cheese, beans (as much as I could stuff in), then more salsa and cheese (same amounts as before).', 'Place the peppers back in the oven and bake until they are heated through and the cheese is melted (about 20 minutes). Enjoy!'], prep_time=30, cook_time=90, servings='6 servings', cuisine_type='Southwest', difficulty_level=None, image_url='https://www.budgetbytes.com/wp-content/uploads/2010/02/Stuffed20Poblanos202.jpg', nutrition={'servingSize': '1 Serving', 'calories': '290.52 kcal', 'carbohydrateContent': '47.75 g', 'proteinContent': '13.53 g', 'fatContent': '5.08 g', 'fiberContent': '9.8 g', 'sodiumContent': '921.68 mg'}, macros=MacroNutrition(calories=290.52, protein=13.53, carbohydrates=47.75, fat=5.08, fiber=9.8, sugar=None, sodium=921.68, saturated_fat=None, cholesterol=None), tags=['Diner,Main Course,Side Dish', 'Southwest'], dietary_restrictions=[], author='Beth Moncel', rating=4.67, provider=None)
[2026-01-07 21:58:16] INFO [recipes.management.commands.budget_bytes_recipe_discovery:52] Recipe data found, creating recipe
[2026-01-07 21:58:17] ERROR [recipes.services.recipe_storage:60] Failed to store recipe 'Stuffed Poblano Peppers': column recipes_recipe.description does not exist
LINE 1: ...recipes_recipe"."title", "recipes_recipe"."slug", "recipes_r...
                                                             ^

[2026-01-07 21:58:17] ERROR [recipes.management.commands.budget_bytes_recipe_discovery:59] Failed to store recipe data
[2026-01-07 21:59:17] INFO [recipes.management.commands.budget_bytes_recipe_discovery:18] Starting budget bytes recipe discovery
[2026-01-07 21:59:17] INFO [recipes.services.recipe_providers.base:238] Recipe provider initialized - Name: BudgetBytes, Domain: budgetbytes.com
[2026-01-07 21:59:17] INFO [recipes.services.macro_analysis.api_ninja:36] Initializing API NINJA Nutrition API
[2026-01-07 21:59:17] INFO [recipes.services.recipe_providers.budgetbytes.budgetbytes:96] Starting sitemap-based recipe URL discovery (limit: 10)
[2026-01-07 21:59:19] INFO [recipes.services.recipe_providers.budgetbytes.budgetbytes:121] Attempting to fetch sitemap: https://www.budgetbytes.com/post-sitemap.xml
[2026-01-07 21:59:24] INFO [recipes.services.recipe_providers.budgetbytes.budgetbytes:131] Successfully fetched sitemap: https://www.budgetbytes.com/post-sitemap.xml
[2026-01-07 21:59:24] INFO [recipes.services.recipe_providers.budgetbytes.budgetbytes:197] Processing regular sitemap
[2026-01-07 21:59:24] INFO [recipes.services.recipe_providers.budgetbytes.budgetbytes:135] Found 958 URLs in sitemap: https://www.budgetbytes.com/post-sitemap.xml
[2026-01-07 21:59:26] INFO [recipes.services.recipe_providers.budgetbytes.budgetbytes:121] Attempting to fetch sitemap: https://www.budgetbytes.com/post-sitemap2.xml
[2026-01-07 21:59:32] INFO [recipes.services.recipe_providers.budgetbytes.budgetbytes:131] Successfully fetched sitemap: https://www.budgetbytes.com/post-sitemap2.xml
[2026-01-07 21:59:32] INFO [recipes.services.recipe_providers.budgetbytes.budgetbytes:197] Processing regular sitemap
[2026-01-07 21:59:32] INFO [recipes.services.recipe_providers.budgetbytes.budgetbytes:135] Found 1906 URLs in sitemap: https://www.budgetbytes.com/post-sitemap2.xml
[2026-01-07 21:59:32] INFO [recipes.services.recipe_providers.budgetbytes.budgetbytes:156] Filtered recipe URLs - Total discovered: 1906, Recipes found: 1871
[2026-01-07 21:59:32] INFO [recipes.services.recipe_providers.budgetbytes.budgetbytes:100] Recipe URL discovery completed from sitemap - Total discovered: 10 (method: sitemap)
[2026-01-07 21:59:32] INFO [recipes.management.commands.budget_bytes_recipe_discovery:27] Discovered recipe URL: https://www.budgetbytes.com/stuffed-poblano-peppers/
[2026-01-07 21:59:32] INFO [recipes.services.recipe_providers.budgetbytes.budgetbytes:69] Starting recipe scrape from URL: https://www.budgetbytes.com/stuffed-poblano-peppers/
[2026-01-07 21:59:34] ERROR [recipes.utils:73] Failed to extract data from method dietary_restrictions with default value None and error recipe-scrapers (15.8.0) exception: No dietary restrictions data in SchemaOrg.
[2026-01-07 21:59:34] INFO [recipes.services.recipe_providers.budgetbytes.budgetbytes:360] Recipe data normalized successfully - Title: Stuffed Poblano Peppers, Ingredients: 9, Instructions: 6, Has structured ingredients: True
[2026-01-07 21:59:34] INFO [recipes.services.recipe_providers.budgetbytes.budgetbytes:74] Recipe scraped successfully from https://www.budgetbytes.com/stuffed-poblano-peppers/ - Title: Stuffed Poblano Peppers (provider: BudgetBytes)
[2026-01-07 21:59:34] INFO [recipes.management.commands.budget_bytes_recipe_discovery:30] Recipe data: RecipeData(title='Stuffed Poblano Peppers', source_url='https://www.budgetbytes.com/stuffed-poblano-peppers/', description='Stuffed poblano peppers are a fun, filling, and flavorful vegetarian meal. The southwest flavors are vibrant while beans and rice keep you feeling full.', ingredients=[IngredientData(name='long grain rice', quantity=1.0, unit='cup', notes='uncooked', original_text='1 cup uncooked long grain rice ($0.30)'), IngredientData(name='bullion', quantity=2.0, unit='cubes', notes=None, original_text='2 cubes bullion, vegetable, or chicken ($0.24)'), IngredientData(name='chili powder', quantity=0.25, unit='teaspoon', notes=None, original_text='1/4 tsp chili powder ($0.05)'), IngredientData(name='fresh cilantro', quantity=0.25, unit='bunches', notes=None, original_text='1/4 bunch fresh cilantro ($0.17)'), IngredientData(name='poblano peppers', quantity=6.0, unit='', notes=None, original_text='6 poblano peppers ($2.98)'), IngredientData(name='cheese', quantity=4.0, unit='ounce', notes=None, original_text='4 oz. cheese ($0.99)'), IngredientData(name='salsa', quantity=0.75, unit='cup', notes='divided', original_text='3/4 cup divided salsa ($0.52)'), IngredientData(name='black beans', quantity=1.0, unit='can', notes=None, original_text='1 15oz. can black beans ($0.87)'), IngredientData(name='non-stick spray', quantity=None, unit=None, notes=None, original_text='non-stick spray (if needed) ($0.10)')], instructions=['Cook the rice in a medium pot with 1.75 cups of water and two buillion cubes. (instructions for cooking rice here) While the rice is cooking, finely chop the cilantro. Mix the cilantro and chili powder into the rice after it has finished cooking. Set the rice aside until you are ready to use it.', 'While the rice is cooking, roast the poblanos. Preheat the broiler to 400 degrees. Spray a baking sheet and coat all sides of the poblano peppers with non-stick spray (you can rub olive oil all over them but I find spraying is much easier). Place the baking sheet a few inches under the broiler (I use the second rack level) and broil on each side for 5 minutes.', 'After broiling the poblanos, the skin should be blistered and bubbly. Immediately place the peppers into a ziplock bag for about 15 minutes to allow the steam to loosen the skin. Remove them from the bag and peel away as much of the skin as possible (be gentle and it is okay if you can’t get ALL of the skin).', 'Cut a boat shaped piece out of each pepper and then carefully remove the seeds and seed pod. Save the pieces of pepper that are removed to make the openings because it makes a great ingredient for salads, burrito bowls or quesadillas (breakfast quesadilla anyone?).', 'Preheat the oven to 350 degrees (bake, not broil this time). Gently fill the peppers with layers of seasoned rice, salsa, cheese and beans. I began with rice (1/3 to 1/2 cup), then 1 Tbsp of salsa, 1/3 oz. of cheese, beans (as much as I could stuff in), then more salsa and cheese (same amounts as before).', 'Place the peppers back in the oven and bake until they are heated through and the cheese is melted (about 20 minutes). Enjoy!'], prep_time=30, cook_time=90, servings='6 servings', cuisine_type='Southwest', difficulty_level=None, image_url='https://www.budgetbytes.com/wp-content/uploads/2010/02/Stuffed20Poblanos202.jpg', nutrition={'servingSize': '1 Serving', 'calories': '290.52 kcal', 'carbohydrateContent': '47.75 g', 'proteinContent': '13.53 g', 'fatContent': '5.08 g', 'fiberContent': '9.8 g', 'sodiumContent': '921.68 mg'}, macros=MacroNutrition(calories=290.52, protein=13.53, carbohydrates=47.75, fat=5.08, fiber=9.8, sugar=None, sodium=921.68, saturated_fat=None, cholesterol=None), tags=['Diner,Main Course,Side Dish', 'Southwest'], dietary_restrictions=[], author='Beth Moncel', rating=4.67, provider=None)
[2026-01-07 21:59:34] INFO [recipes.management.commands.budget_bytes_recipe_discovery:52] Recipe data found, creating recipe
[2026-01-07 21:59:34] ERROR [recipes.services.recipe_storage:60] Failed to store recipe 'Stuffed Poblano Peppers': Field 'servings' expected a number but got '6 servings'.
[2026-01-07 21:59:34] ERROR [recipes.management.commands.budget_bytes_recipe_discovery:59] Failed to store recipe data
[2026-01-07 22:11:10] INFO [recipes.management.commands.budget_bytes_recipe_discovery:18] Starting budget bytes recipe discovery
[2026-01-07 22:11:10] INFO [recipes.services.recipe_providers.base:238] Recipe provider initialized - Name: BudgetBytes, Domain: budgetbytes.com
[2026-01-07 22:11:10] INFO [recipes.services.macro_analysis.api_ninja:36] Initializing API NINJA Nutrition API
[2026-01-07 22:11:10] INFO [recipes.services.recipe_providers.budgetbytes.budgetbytes:97] Starting sitemap-based recipe URL discovery (limit: 10)
[2026-01-07 22:11:12] INFO [recipes.services.recipe_providers.budgetbytes.budgetbytes:122] Attempting to fetch sitemap: https://www.budgetbytes.com/post-sitemap.xml
[2026-01-07 22:11:18] INFO [recipes.services.recipe_providers.budgetbytes.budgetbytes:132] Successfully fetched sitemap: https://www.budgetbytes.com/post-sitemap.xml
[2026-01-07 22:11:18] INFO [recipes.services.recipe_providers.budgetbytes.budgetbytes:198] Processing regular sitemap
[2026-01-07 22:11:18] INFO [recipes.services.recipe_providers.budgetbytes.budgetbytes:136] Found 958 URLs in sitemap: https://www.budgetbytes.com/post-sitemap.xml
[2026-01-07 22:11:20] INFO [recipes.services.recipe_providers.budgetbytes.budgetbytes:122] Attempting to fetch sitemap: https://www.budgetbytes.com/post-sitemap2.xml
[2026-01-07 22:11:25] INFO [recipes.services.recipe_providers.budgetbytes.budgetbytes:132] Successfully fetched sitemap: https://www.budgetbytes.com/post-sitemap2.xml
[2026-01-07 22:11:26] INFO [recipes.services.recipe_providers.budgetbytes.budgetbytes:198] Processing regular sitemap
[2026-01-07 22:11:26] INFO [recipes.services.recipe_providers.budgetbytes.budgetbytes:136] Found 1906 URLs in sitemap: https://www.budgetbytes.com/post-sitemap2.xml
[2026-01-07 22:11:26] INFO [recipes.services.recipe_providers.budgetbytes.budgetbytes:157] Filtered recipe URLs - Total discovered: 1906, Recipes found: 1871
[2026-01-07 22:11:26] INFO [recipes.services.recipe_providers.budgetbytes.budgetbytes:101] Recipe URL discovery completed from sitemap - Total discovered: 10 (method: sitemap)
[2026-01-07 22:11:26] INFO [recipes.management.commands.budget_bytes_recipe_discovery:27] Discovered recipe URL: https://www.budgetbytes.com/stuffed-poblano-peppers/
[2026-01-07 22:11:26] INFO [recipes.services.recipe_providers.budgetbytes.budgetbytes:70] Starting recipe scrape from URL: https://www.budgetbytes.com/stuffed-poblano-peppers/
[2026-01-07 22:11:28] ERROR [recipes.utils:73] Failed to extract data from method dietary_restrictions with default value None and error recipe-scrapers (15.8.0) exception: No dietary restrictions data in SchemaOrg.
[2026-01-07 22:11:28] INFO [recipes.services.recipe_providers.budgetbytes.budgetbytes:361] Recipe data normalized successfully - Title: Stuffed Poblano Peppers, Ingredients: 9, Instructions: 6, Has structured ingredients: True
[2026-01-07 22:11:28] INFO [recipes.services.recipe_providers.budgetbytes.budgetbytes:75] Recipe scraped successfully from https://www.budgetbytes.com/stuffed-poblano-peppers/ - Title: Stuffed Poblano Peppers (provider: BudgetBytes)
[2026-01-07 22:11:28] INFO [recipes.management.commands.budget_bytes_recipe_discovery:30] Recipe data: RecipeData(title='Stuffed Poblano Peppers', source_url='https://www.budgetbytes.com/stuffed-poblano-peppers/', description='Stuffed poblano peppers are a fun, filling, and flavorful vegetarian meal. The southwest flavors are vibrant while beans and rice keep you feeling full.', ingredients=[IngredientData(name='long grain rice', quantity=1.0, unit='cup', notes='uncooked', original_text='1 cup uncooked long grain rice ($0.30)'), IngredientData(name='bullion', quantity=2.0, unit='cubes', notes=None, original_text='2 cubes bullion, vegetable, or chicken ($0.24)'), IngredientData(name='chili powder', quantity=0.25, unit='teaspoon', notes=None, original_text='1/4 tsp chili powder ($0.05)'), IngredientData(name='fresh cilantro', quantity=0.25, unit='bunches', notes=None, original_text='1/4 bunch fresh cilantro ($0.17)'), IngredientData(name='poblano peppers', quantity=6.0, unit='', notes=None, original_text='6 poblano peppers ($2.98)'), IngredientData(name='cheese', quantity=4.0, unit='ounce', notes=None, original_text='4 oz. cheese ($0.99)'), IngredientData(name='salsa', quantity=0.75, unit='cup', notes='divided', original_text='3/4 cup divided salsa ($0.52)'), IngredientData(name='black beans', quantity=1.0, unit='can', notes=None, original_text='1 15oz. can black beans ($0.87)'), IngredientData(name='non-stick spray', quantity=None, unit=None, notes=None, original_text='non-stick spray (if needed) ($0.10)')], instructions=['Cook the rice in a medium pot with 1.75 cups of water and two buillion cubes. (instructions for cooking rice here) While the rice is cooking, finely chop the cilantro. Mix the cilantro and chili powder into the rice after it has finished cooking. Set the rice aside until you are ready to use it.', 'While the rice is cooking, roast the poblanos. Preheat the broiler to 400 degrees. Spray a baking sheet and coat all sides of the poblano peppers with non-stick spray (you can rub olive oil all over them but I find spraying is much easier). Place the baking sheet a few inches under the broiler (I use the second rack level) and broil on each side for 5 minutes.', 'After broiling the poblanos, the skin should be blistered and bubbly. Immediately place the peppers into a ziplock bag for about 15 minutes to allow the steam to loosen the skin. Remove them from the bag and peel away as much of the skin as possible (be gentle and it is okay if you can’t get ALL of the skin).', 'Cut a boat shaped piece out of each pepper and then carefully remove the seeds and seed pod. Save the pieces of pepper that are removed to make the openings because it makes a great ingredient for salads, burrito bowls or quesadillas (breakfast quesadilla anyone?).', 'Preheat the oven to 350 degrees (bake, not broil this time). Gently fill the peppers with layers of seasoned rice, salsa, cheese and beans. I began with rice (1/3 to 1/2 cup), then 1 Tbsp of salsa, 1/3 oz. of cheese, beans (as much as I could stuff in), then more salsa and cheese (same amounts as before).', 'Place the peppers back in the oven and bake until they are heated through and the cheese is melted (about 20 minutes). Enjoy!'], prep_time=30, cook_time=90, servings=6, cuisine_type='Southwest', difficulty_level=None, image_url='https://www.budgetbytes.com/wp-content/uploads/2010/02/Stuffed20Poblanos202.jpg', nutrition={'servingSize': '1 Serving', 'calories': '290.52 kcal', 'carbohydrateContent': '47.75 g', 'proteinContent': '13.53 g', 'fatContent': '5.08 g', 'fiberContent': '9.8 g', 'sodiumContent': '921.68 mg'}, macros=MacroNutrition(calories=290.52, protein=13.53, carbohydrates=47.75, fat=5.08, fiber=9.8, sugar=None, sodium=921.68, saturated_fat=None, cholesterol=None), tags=['Diner,Main Course,Side Dish', 'Southwest'], dietary_restrictions=[], author='Beth Moncel', rating=4.67, provider=None)
[2026-01-07 22:11:28] INFO [recipes.management.commands.budget_bytes_recipe_discovery:52] Recipe data found, creating recipe
[2026-01-07 22:11:28] ERROR [recipes.services.recipe_storage:60] Failed to store recipe 'Stuffed Poblano Peppers': null value in column "quantity" of relation "recipes_recipeingredient" violates not-null constraint
DETAIL:  Failing row contains (4247f65b-bee7-40c9-a5a2-64fd993c7828, null, , null, null, 2026-01-07 22:11:28.418675+00, e0d6e75a-e1c4-47bd-9fa9-0f0209b5f5f8, 19c349e4-bb7e-45ae-9976-47ba6fdbc1a1).

[2026-01-07 22:11:28] ERROR [recipes.management.commands.budget_bytes_recipe_discovery:59] Failed to store recipe data
[2026-01-07 22:16:41] INFO [recipes.management.commands.budget_bytes_recipe_discovery:18] Starting budget bytes recipe discovery
[2026-01-07 22:16:41] INFO [recipes.services.recipe_providers.base:238] Recipe provider initialized - Name: BudgetBytes, Domain: budgetbytes.com
[2026-01-07 22:16:41] INFO [recipes.services.macro_analysis.api_ninja:36] Initializing API NINJA Nutrition API
[2026-01-07 22:16:41] INFO [recipes.services.recipe_providers.budgetbytes.budgetbytes:97] Starting sitemap-based recipe URL discovery (limit: 10)
[2026-01-07 22:16:43] INFO [recipes.services.recipe_providers.budgetbytes.budgetbytes:122] Attempting to fetch sitemap: https://www.budgetbytes.com/post-sitemap.xml
[2026-01-07 22:16:48] INFO [recipes.services.recipe_providers.budgetbytes.budgetbytes:132] Successfully fetched sitemap: https://www.budgetbytes.com/post-sitemap.xml
[2026-01-07 22:16:48] INFO [recipes.services.recipe_providers.budgetbytes.budgetbytes:198] Processing regular sitemap
[2026-01-07 22:16:48] INFO [recipes.services.recipe_providers.budgetbytes.budgetbytes:136] Found 958 URLs in sitemap: https://www.budgetbytes.com/post-sitemap.xml
[2026-01-07 22:16:50] INFO [recipes.services.recipe_providers.budgetbytes.budgetbytes:122] Attempting to fetch sitemap: https://www.budgetbytes.com/post-sitemap2.xml
[2026-01-07 22:16:55] INFO [recipes.services.recipe_providers.budgetbytes.budgetbytes:132] Successfully fetched sitemap: https://www.budgetbytes.com/post-sitemap2.xml
[2026-01-07 22:16:55] INFO [recipes.services.recipe_providers.budgetbytes.budgetbytes:198] Processing regular sitemap
[2026-01-07 22:16:55] INFO [recipes.services.recipe_providers.budgetbytes.budgetbytes:136] Found 1906 URLs in sitemap: https://www.budgetbytes.com/post-sitemap2.xml
[2026-01-07 22:16:55] INFO [recipes.services.recipe_providers.budgetbytes.budgetbytes:157] Filtered recipe URLs - Total discovered: 1906, Recipes found: 1871
[2026-01-07 22:16:55] INFO [recipes.services.recipe_providers.budgetbytes.budgetbytes:101] Recipe URL discovery completed from sitemap - Total discovered: 10 (method: sitemap)
[2026-01-07 22:16:55] INFO [recipes.management.commands.budget_bytes_recipe_discovery:27] Discovered recipe URL: https://www.budgetbytes.com/stuffed-poblano-peppers/
[2026-01-07 22:16:55] INFO [recipes.services.recipe_providers.budgetbytes.budgetbytes:70] Starting recipe scrape from URL: https://www.budgetbytes.com/stuffed-poblano-peppers/
[2026-01-07 22:16:58] ERROR [recipes.utils:73] Failed to extract data from method dietary_restrictions with default value None and error recipe-scrapers (15.8.0) exception: No dietary restrictions data in SchemaOrg.
[2026-01-07 22:16:58] INFO [recipes.services.recipe_providers.budgetbytes.budgetbytes:361] Recipe data normalized successfully - Title: Stuffed Poblano Peppers, Ingredients: 9, Instructions: 6, Has structured ingredients: True
[2026-01-07 22:16:58] INFO [recipes.services.recipe_providers.budgetbytes.budgetbytes:75] Recipe scraped successfully from https://www.budgetbytes.com/stuffed-poblano-peppers/ - Title: Stuffed Poblano Peppers (provider: BudgetBytes)
[2026-01-07 22:16:58] INFO [recipes.management.commands.budget_bytes_recipe_discovery:30] Recipe data: RecipeData(title='Stuffed Poblano Peppers', source_url='https://www.budgetbytes.com/stuffed-poblano-peppers/', description='Stuffed poblano peppers are a fun, filling, and flavorful vegetarian meal. The southwest flavors are vibrant while beans and rice keep you feeling full.', ingredients=[IngredientData(name='long grain rice', quantity=1.0, unit='cup', notes='uncooked', original_text='1 cup uncooked long grain rice ($0.30)'), IngredientData(name='bullion', quantity=2.0, unit='cubes', notes=None, original_text='2 cubes bullion, vegetable, or chicken ($0.24)'), IngredientData(name='chili powder', quantity=0.25, unit='teaspoon', notes=None, original_text='1/4 tsp chili powder ($0.05)'), IngredientData(name='fresh cilantro', quantity=0.25, unit='bunches', notes=None, original_text='1/4 bunch fresh cilantro ($0.17)'), IngredientData(name='poblano peppers', quantity=6.0, unit='', notes=None, original_text='6 poblano peppers ($2.98)'), IngredientData(name='cheese', quantity=4.0, unit='ounce', notes=None, original_text='4 oz. cheese ($0.99)'), IngredientData(name='salsa', quantity=0.75, unit='cup', notes='divided', original_text='3/4 cup divided salsa ($0.52)'), IngredientData(name='black beans', quantity=1.0, unit='can', notes=None, original_text='1 15oz. can black beans ($0.87)'), IngredientData(name='non-stick spray', quantity=None, unit=None, notes=None, original_text='non-stick spray (if needed) ($0.10)')], instructions=['Cook the rice in a medium pot with 1.75 cups of water and two buillion cubes. (instructions for cooking rice here) While the rice is cooking, finely chop the cilantro. Mix the cilantro and chili powder into the rice after it has finished cooking. Set the rice aside until you are ready to use it.', 'While the rice is cooking, roast the poblanos. Preheat the broiler to 400 degrees. Spray a baking sheet and coat all sides of the poblano peppers with non-stick spray (you can rub olive oil all over them but I find spraying is much easier). Place the baking sheet a few inches under the broiler (I use the second rack level) and broil on each side for 5 minutes.', 'After broiling the poblanos, the skin should be blistered and bubbly. Immediately place the peppers into a ziplock bag for about 15 minutes to allow the steam to loosen the skin. Remove them from the bag and peel away as much of the skin as possible (be gentle and it is okay if you can’t get ALL of the skin).', 'Cut a boat shaped piece out of each pepper and then carefully remove the seeds and seed pod. Save the pieces of pepper that are removed to make the openings because it makes a great ingredient for salads, burrito bowls or quesadillas (breakfast quesadilla anyone?).', 'Preheat the oven to 350 degrees (bake, not broil this time). Gently fill the peppers with layers of seasoned rice, salsa, cheese and beans. I began with rice (1/3 to 1/2 cup), then 1 Tbsp of salsa, 1/3 oz. of cheese, beans (as much as I could stuff in), then more salsa and cheese (same amounts as before).', 'Place the peppers back in the oven and bake until they are heated through and the cheese is melted (about 20 minutes). Enjoy!'], prep_time=30, cook_time=90, servings=6, cuisine_type='Southwest', difficulty_level=None, image_url='https://www.budgetbytes.com/wp-content/uploads/2010/02/Stuffed20Poblanos202.jpg', nutrition={'servingSize': '1 Serving', 'calories': '290.52 kcal', 'carbohydrateContent': '47.75 g', 'proteinContent': '13.53 g', 'fatContent': '5.08 g', 'fiberContent': '9.8 g', 'sodiumContent': '921.68 mg'}, macros=MacroNutrition(calories=290.52, protein=13.53, carbohydrates=47.75, fat=5.08, fiber=9.8, sugar=None, sodium=921.68, saturated_fat=None, cholesterol=None), tags=['Diner,Main Course,Side Dish', 'Southwest'], dietary_restrictions=[], author='Beth Moncel', rating=4.67, provider=None)
[2026-01-07 22:16:58] INFO [recipes.management.commands.budget_bytes_recipe_discovery:52] Recipe data found, creating recipe
[2026-01-07 22:16:58] WARNING [recipes.services.recipe_storage:191] Skipping macro nutrition upsert because required macro values are missing.
[2026-01-07 22:16:59] ERROR [recipes.services.recipe_storage:246] Failed to generate embedding for recipe 'Stuffed Poblano Peppers': The truth value of an array with more than one element is ambiguous. Use a.any() or a.all()
[2026-01-07 22:16:59] INFO [recipes.management.commands.budget_bytes_recipe_discovery:55] Recipe stored: Stuffed Poblano Peppers (e4829817-d211-495c-a352-24d7947c2043)
[2026-01-07 22:21:43] INFO [recipes.management.commands.budget_bytes_recipe_discovery:18] Starting budget bytes recipe discovery
[2026-01-07 22:21:43] INFO [recipes.services.recipe_providers.base:238] Recipe provider initialized - Name: BudgetBytes, Domain: budgetbytes.com
[2026-01-07 22:21:43] INFO [recipes.services.macro_analysis.api_ninja:36] Initializing API NINJA Nutrition API
[2026-01-07 22:21:43] INFO [recipes.services.recipe_providers.budgetbytes.budgetbytes:97] Starting sitemap-based recipe URL discovery (limit: 10)
[2026-01-07 22:21:45] INFO [recipes.services.recipe_providers.budgetbytes.budgetbytes:122] Attempting to fetch sitemap: https://www.budgetbytes.com/post-sitemap.xml
[2026-01-07 22:21:50] INFO [recipes.services.recipe_providers.budgetbytes.budgetbytes:132] Successfully fetched sitemap: https://www.budgetbytes.com/post-sitemap.xml
[2026-01-07 22:21:50] INFO [recipes.services.recipe_providers.budgetbytes.budgetbytes:198] Processing regular sitemap
[2026-01-07 22:21:50] INFO [recipes.services.recipe_providers.budgetbytes.budgetbytes:136] Found 958 URLs in sitemap: https://www.budgetbytes.com/post-sitemap.xml
[2026-01-07 22:21:52] INFO [recipes.services.recipe_providers.budgetbytes.budgetbytes:122] Attempting to fetch sitemap: https://www.budgetbytes.com/post-sitemap2.xml
[2026-01-07 22:21:59] INFO [recipes.services.recipe_providers.budgetbytes.budgetbytes:132] Successfully fetched sitemap: https://www.budgetbytes.com/post-sitemap2.xml
[2026-01-07 22:21:59] INFO [recipes.services.recipe_providers.budgetbytes.budgetbytes:198] Processing regular sitemap
[2026-01-07 22:21:59] INFO [recipes.services.recipe_providers.budgetbytes.budgetbytes:136] Found 1906 URLs in sitemap: https://www.budgetbytes.com/post-sitemap2.xml
[2026-01-07 22:21:59] INFO [recipes.services.recipe_providers.budgetbytes.budgetbytes:157] Filtered recipe URLs - Total discovered: 1906, Recipes found: 1871
[2026-01-07 22:21:59] INFO [recipes.services.recipe_providers.budgetbytes.budgetbytes:101] Recipe URL discovery completed from sitemap - Total discovered: 10 (method: sitemap)
[2026-01-07 22:21:59] INFO [recipes.management.commands.budget_bytes_recipe_discovery:27] Discovered recipe URL: https://www.budgetbytes.com/stuffed-poblano-peppers/
[2026-01-07 22:21:59] INFO [recipes.services.recipe_providers.budgetbytes.budgetbytes:70] Starting recipe scrape from URL: https://www.budgetbytes.com/stuffed-poblano-peppers/
[2026-01-07 22:22:01] ERROR [recipes.utils:73] Failed to extract data from method dietary_restrictions with default value None and error recipe-scrapers (15.8.0) exception: No dietary restrictions data in SchemaOrg.
[2026-01-07 22:22:01] INFO [recipes.services.recipe_providers.budgetbytes.budgetbytes:361] Recipe data normalized successfully - Title: Stuffed Poblano Peppers, Ingredients: 9, Instructions: 6, Has structured ingredients: True
[2026-01-07 22:22:01] INFO [recipes.services.recipe_providers.budgetbytes.budgetbytes:75] Recipe scraped successfully from https://www.budgetbytes.com/stuffed-poblano-peppers/ - Title: Stuffed Poblano Peppers (provider: BudgetBytes)
[2026-01-07 22:22:01] INFO [recipes.management.commands.budget_bytes_recipe_discovery:30] Recipe data: RecipeData(title='Stuffed Poblano Peppers', source_url='https://www.budgetbytes.com/stuffed-poblano-peppers/', description='Stuffed poblano peppers are a fun, filling, and flavorful vegetarian meal. The southwest flavors are vibrant while beans and rice keep you feeling full.', ingredients=[IngredientData(name='long grain rice', quantity=1.0, unit='cup', notes='uncooked', original_text='1 cup uncooked long grain rice ($0.30)'), IngredientData(name='bullion', quantity=2.0, unit='cubes', notes=None, original_text='2 cubes bullion, vegetable, or chicken ($0.24)'), IngredientData(name='chili powder', quantity=0.25, unit='teaspoon', notes=None, original_text='1/4 tsp chili powder ($0.05)'), IngredientData(name='fresh cilantro', quantity=0.25, unit='bunches', notes=None, original_text='1/4 bunch fresh cilantro ($0.17)'), IngredientData(name='poblano peppers', quantity=6.0, unit='', notes=None, original_text='6 poblano peppers ($2.98)'), IngredientData(name='cheese', quantity=4.0, unit='ounce', notes=None, original_text='4 oz. cheese ($0.99)'), IngredientData(name='salsa', quantity=0.75, unit='cup', notes='divided', original_text='3/4 cup divided salsa ($0.52)'), IngredientData(name='black beans', quantity=1.0, unit='can', notes=None, original_text='1 15oz. can black beans ($0.87)'), IngredientData(name='non-stick spray', quantity=None, unit=None, notes=None, original_text='non-stick spray (if needed) ($0.10)')], instructions=['Cook the rice in a medium pot with 1.75 cups of water and two buillion cubes. (instructions for cooking rice here) While the rice is cooking, finely chop the cilantro. Mix the cilantro and chili powder into the rice after it has finished cooking. Set the rice aside until you are ready to use it.', 'While the rice is cooking, roast the poblanos. Preheat the broiler to 400 degrees. Spray a baking sheet and coat all sides of the poblano peppers with non-stick spray (you can rub olive oil all over them but I find spraying is much easier). Place the baking sheet a few inches under the broiler (I use the second rack level) and broil on each side for 5 minutes.', 'After broiling the poblanos, the skin should be blistered and bubbly. Immediately place the peppers into a ziplock bag for about 15 minutes to allow the steam to loosen the skin. Remove them from the bag and peel away as much of the skin as possible (be gentle and it is okay if you can’t get ALL of the skin).', 'Cut a boat shaped piece out of each pepper and then carefully remove the seeds and seed pod. Save the pieces of pepper that are removed to make the openings because it makes a great ingredient for salads, burrito bowls or quesadillas (breakfast quesadilla anyone?).', 'Preheat the oven to 350 degrees (bake, not broil this time). Gently fill the peppers with layers of seasoned rice, salsa, cheese and beans. I began with rice (1/3 to 1/2 cup), then 1 Tbsp of salsa, 1/3 oz. of cheese, beans (as much as I could stuff in), then more salsa and cheese (same amounts as before).', 'Place the peppers back in the oven and bake until they are heated through and the cheese is melted (about 20 minutes). Enjoy!'], prep_time=30, cook_time=90, servings=6, cuisine_type='Southwest', difficulty_level=None, image_url='https://www.budgetbytes.com/wp-content/uploads/2010/02/Stuffed20Poblanos202.jpg', nutrition={'servingSize': '1 Serving', 'calories': '290.52 kcal', 'carbohydrateContent': '47.75 g', 'proteinContent': '13.53 g', 'fatContent': '5.08 g', 'fiberContent': '9.8 g', 'sodiumContent': '921.68 mg'}, macros=MacroNutrition(calories=290.52, protein=13.53, carbohydrates=47.75, fat=5.08, fiber=9.8, sugar=None, sodium=921.68, saturated_fat=None, cholesterol=None), tags=['Diner,Main Course,Side Dish', 'Southwest'], dietary_restrictions=[], author='Beth Moncel', rating=4.67, provider=None)
[2026-01-07 22:22:01] INFO [recipes.management.commands.budget_bytes_recipe_discovery:52] Recipe data found, creating recipe
[2026-01-07 22:22:01] ERROR [recipes.services.recipe_storage:60] Failed to store recipe 'Stuffed Poblano Peppers': null value in column "sugar" of relation "recipes_recipenutrition" violates not-null constraint
DETAIL:  Failing row contains (2026-01-07 22:22:01.665485+00, 2026-01-07 22:22:01.665492+00, 8e9d2a22-63e8-488d-96e1-5225745c34cb, 290.52, 13.53, 47.75, 5.08, 9.8, null, 921.68, null, 0, 0, null, e4829817-d211-495c-a352-24d7947c2043).

[2026-01-07 22:22:01] ERROR [recipes.management.commands.budget_bytes_recipe_discovery:59] Failed to store recipe data
[2026-01-07 22:34:41] INFO [recipes.management.commands.budget_bytes_recipe_discovery:18] Starting budget bytes recipe discovery
[2026-01-07 22:34:41] INFO [recipes.services.recipe_providers.base:238] Recipe provider initialized - Name: BudgetBytes, Domain: budgetbytes.com
[2026-01-07 22:34:41] INFO [recipes.services.macro_analysis.api_ninja:36] Initializing API NINJA Nutrition API
[2026-01-07 22:34:41] INFO [recipes.services.recipe_providers.budgetbytes.budgetbytes:97] Starting sitemap-based recipe URL discovery (limit: 10)
[2026-01-07 22:34:43] INFO [recipes.services.recipe_providers.budgetbytes.budgetbytes:122] Attempting to fetch sitemap: https://www.budgetbytes.com/post-sitemap.xml
[2026-01-07 22:34:48] INFO [recipes.services.recipe_providers.budgetbytes.budgetbytes:132] Successfully fetched sitemap: https://www.budgetbytes.com/post-sitemap.xml
[2026-01-07 22:34:48] INFO [recipes.services.recipe_providers.budgetbytes.budgetbytes:198] Processing regular sitemap
[2026-01-07 22:34:48] INFO [recipes.services.recipe_providers.budgetbytes.budgetbytes:136] Found 958 URLs in sitemap: https://www.budgetbytes.com/post-sitemap.xml
[2026-01-07 22:34:50] INFO [recipes.services.recipe_providers.budgetbytes.budgetbytes:122] Attempting to fetch sitemap: https://www.budgetbytes.com/post-sitemap2.xml
[2026-01-07 22:34:56] INFO [recipes.services.recipe_providers.budgetbytes.budgetbytes:132] Successfully fetched sitemap: https://www.budgetbytes.com/post-sitemap2.xml
[2026-01-07 22:34:56] INFO [recipes.services.recipe_providers.budgetbytes.budgetbytes:198] Processing regular sitemap
[2026-01-07 22:34:56] INFO [recipes.services.recipe_providers.budgetbytes.budgetbytes:136] Found 1906 URLs in sitemap: https://www.budgetbytes.com/post-sitemap2.xml
[2026-01-07 22:34:56] INFO [recipes.services.recipe_providers.budgetbytes.budgetbytes:157] Filtered recipe URLs - Total discovered: 1906, Recipes found: 1871
[2026-01-07 22:34:56] INFO [recipes.services.recipe_providers.budgetbytes.budgetbytes:101] Recipe URL discovery completed from sitemap - Total discovered: 10 (method: sitemap)
[2026-01-07 22:34:56] INFO [recipes.management.commands.budget_bytes_recipe_discovery:27] Discovered recipe URL: https://www.budgetbytes.com/stuffed-poblano-peppers/
[2026-01-07 22:34:56] INFO [recipes.services.recipe_providers.budgetbytes.budgetbytes:70] Starting recipe scrape from URL: https://www.budgetbytes.com/stuffed-poblano-peppers/
[2026-01-07 22:34:58] ERROR [recipes.utils:73] Failed to extract data from method dietary_restrictions with default value None and error recipe-scrapers (15.8.0) exception: No dietary restrictions data in SchemaOrg.
[2026-01-07 22:34:58] INFO [recipes.services.macro_analysis.api_ninja:36] Initializing API NINJA Nutrition API
[2026-01-07 22:34:59] INFO [recipes.services.macro_analysis.api_ninja:335] API Ninja availability check - Available: True, Status code: 200
[2026-01-07 22:34:59] INFO [recipes.services.macro_analysis.base:308] Macro analysis request - Service: ApiNinjaMacroAnalyzer, Food name: Stuffed Poblano Peppers
Ingredients:
1 cup uncooked long grain rice ($0.30)
2 cubes bullion, vegetable, or chicken ($0.24)
1/4 tsp chili powder ($0.05)
1/4 bunch fresh cilantro ($0.17)
6 poblano peppers ($2.98)
4 oz. cheese ($0.99)
3/4 cup divided salsa ($0.52)
1 15oz. can black beans ($0.87)
non-stick spray (if needed) ($0.10), Quantity: 0, Analysis type: recipe
[2026-01-07 22:35:01] INFO [recipes.services.macro_analysis.base:319] Macro analysis successful - Service: ApiNinjaMacroAnalyzer, Food name: Stuffed Poblano Peppers
Ingredients:
1 cup uncooke..., Analysis type: recipe, Calories: 0, Confidence: 0.8
[2026-01-07 22:35:01] INFO [recipes.services.recipe_providers.utils.recipe_scrapers:103] Macros supplemented via macro analysis service.
[2026-01-07 22:35:01] INFO [recipes.services.recipe_providers.budgetbytes.budgetbytes:361] Recipe data normalized successfully - Title: Stuffed Poblano Peppers, Ingredients: 9, Instructions: 6, Has structured ingredients: True
[2026-01-07 22:35:01] INFO [recipes.services.recipe_providers.budgetbytes.budgetbytes:75] Recipe scraped successfully from https://www.budgetbytes.com/stuffed-poblano-peppers/ - Title: Stuffed Poblano Peppers (provider: BudgetBytes)
[2026-01-07 22:35:01] INFO [recipes.management.commands.budget_bytes_recipe_discovery:30] Recipe data: RecipeData(title='Stuffed Poblano Peppers', source_url='https://www.budgetbytes.com/stuffed-poblano-peppers/', description='Stuffed poblano peppers are a fun, filling, and flavorful vegetarian meal. The southwest flavors are vibrant while beans and rice keep you feeling full.', ingredients=[IngredientData(name='long grain rice', quantity=1.0, unit='cup', notes='uncooked', original_text='1 cup uncooked long grain rice ($0.30)'), IngredientData(name='bullion', quantity=2.0, unit='cubes', notes=None, original_text='2 cubes bullion, vegetable, or chicken ($0.24)'), IngredientData(name='chili powder', quantity=0.25, unit='teaspoon', notes=None, original_text='1/4 tsp chili powder ($0.05)'), IngredientData(name='fresh cilantro', quantity=0.25, unit='bunches', notes=None, original_text='1/4 bunch fresh cilantro ($0.17)'), IngredientData(name='poblano peppers', quantity=6.0, unit='', notes=None, original_text='6 poblano peppers ($2.98)'), IngredientData(name='cheese', quantity=4.0, unit='ounce', notes=None, original_text='4 oz. cheese ($0.99)'), IngredientData(name='salsa', quantity=0.75, unit='cup', notes='divided', original_text='3/4 cup divided salsa ($0.52)'), IngredientData(name='black beans', quantity=1.0, unit='can', notes=None, original_text='1 15oz. can black beans ($0.87)'), IngredientData(name='non-stick spray', quantity=None, unit=None, notes=None, original_text='non-stick spray (if needed) ($0.10)')], instructions=['Cook the rice in a medium pot with 1.75 cups of water and two buillion cubes. (instructions for cooking rice here) While the rice is cooking, finely chop the cilantro. Mix the cilantro and chili powder into the rice after it has finished cooking. Set the rice aside until you are ready to use it.', 'While the rice is cooking, roast the poblanos. Preheat the broiler to 400 degrees. Spray a baking sheet and coat all sides of the poblano peppers with non-stick spray (you can rub olive oil all over them but I find spraying is much easier). Place the baking sheet a few inches under the broiler (I use the second rack level) and broil on each side for 5 minutes.', 'After broiling the poblanos, the skin should be blistered and bubbly. Immediately place the peppers into a ziplock bag for about 15 minutes to allow the steam to loosen the skin. Remove them from the bag and peel away as much of the skin as possible (be gentle and it is okay if you can’t get ALL of the skin).', 'Cut a boat shaped piece out of each pepper and then carefully remove the seeds and seed pod. Save the pieces of pepper that are removed to make the openings because it makes a great ingredient for salads, burrito bowls or quesadillas (breakfast quesadilla anyone?).', 'Preheat the oven to 350 degrees (bake, not broil this time). Gently fill the peppers with layers of seasoned rice, salsa, cheese and beans. I began with rice (1/3 to 1/2 cup), then 1 Tbsp of salsa, 1/3 oz. of cheese, beans (as much as I could stuff in), then more salsa and cheese (same amounts as before).', 'Place the peppers back in the oven and bake until they are heated through and the cheese is melted (about 20 minutes). Enjoy!'], prep_time=30, cook_time=90, servings=6, cuisine_type='Southwest', difficulty_level=None, image_url='https://www.budgetbytes.com/wp-content/uploads/2010/02/Stuffed20Poblanos202.jpg', nutrition={'servingSize': '1 Serving', 'calories': '290.52 kcal', 'carbohydrateContent': '47.75 g', 'proteinContent': '13.53 g', 'fatContent': '5.08 g', 'fiberContent': '9.8 g', 'sodiumContent': '921.68 mg'}, macros=MacroNutrition(calories=290.52, protein=13.53, carbohydrates=47.75, fat=5.08, fiber=9.8, sugar=20.4, sodium=921.68, saturated_fat=None, cholesterol=None), tags=['Diner,Main Course,Side Dish', 'Southwest'], dietary_restrictions=[], author='Beth Moncel', rating=4.67, provider=None)
[2026-01-07 22:35:01] INFO [recipes.management.commands.budget_bytes_recipe_discovery:52] Recipe data found, creating recipe
[2026-01-07 22:35:01] WARNING [recipes.services.recipe_storage:191] Skipping macro nutrition upsert because required macro values are missing.
[2026-01-07 22:35:02] ERROR [recipes.services.recipe_storage:246] Failed to generate embedding for recipe 'Stuffed Poblano Peppers': The truth value of an array with more than one element is ambiguous. Use a.any() or a.all()
[2026-01-07 22:35:02] INFO [recipes.management.commands.budget_bytes_recipe_discovery:55] Recipe stored: Stuffed Poblano Peppers (e4829817-d211-495c-a352-24d7947c2043)
[2026-01-07 22:39:35] INFO [recipes.management.commands.budget_bytes_recipe_discovery:18] Starting budget bytes recipe discovery
[2026-01-07 22:39:35] INFO [recipes.services.recipe_providers.base:238] Recipe provider initialized - Name: BudgetBytes, Domain: budgetbytes.com
[2026-01-07 22:39:35] INFO [recipes.services.macro_analysis.api_ninja:36] Initializing API NINJA Nutrition API
[2026-01-07 22:39:35] INFO [recipes.services.recipe_providers.budgetbytes.budgetbytes:97] Starting sitemap-based recipe URL discovery (limit: 10)
[2026-01-07 22:39:37] INFO [recipes.services.recipe_providers.budgetbytes.budgetbytes:122] Attempting to fetch sitemap: https://www.budgetbytes.com/post-sitemap.xml
[2026-01-07 22:39:43] INFO [recipes.services.recipe_providers.budgetbytes.budgetbytes:132] Successfully fetched sitemap: https://www.budgetbytes.com/post-sitemap.xml
[2026-01-07 22:39:43] INFO [recipes.services.recipe_providers.budgetbytes.budgetbytes:198] Processing regular sitemap
[2026-01-07 22:39:43] INFO [recipes.services.recipe_providers.budgetbytes.budgetbytes:136] Found 958 URLs in sitemap: https://www.budgetbytes.com/post-sitemap.xml
[2026-01-07 22:39:45] INFO [recipes.services.recipe_providers.budgetbytes.budgetbytes:122] Attempting to fetch sitemap: https://www.budgetbytes.com/post-sitemap2.xml
[2026-01-07 22:39:52] INFO [recipes.services.recipe_providers.budgetbytes.budgetbytes:132] Successfully fetched sitemap: https://www.budgetbytes.com/post-sitemap2.xml
[2026-01-07 22:39:52] INFO [recipes.services.recipe_providers.budgetbytes.budgetbytes:198] Processing regular sitemap
[2026-01-07 22:39:52] INFO [recipes.services.recipe_providers.budgetbytes.budgetbytes:136] Found 1906 URLs in sitemap: https://www.budgetbytes.com/post-sitemap2.xml
[2026-01-07 22:39:52] INFO [recipes.services.recipe_providers.budgetbytes.budgetbytes:157] Filtered recipe URLs - Total discovered: 1906, Recipes found: 1871
[2026-01-07 22:39:52] INFO [recipes.services.recipe_providers.budgetbytes.budgetbytes:101] Recipe URL discovery completed from sitemap - Total discovered: 10 (method: sitemap)
[2026-01-07 22:39:52] INFO [recipes.management.commands.budget_bytes_recipe_discovery:27] Discovered recipe URL: https://www.budgetbytes.com/stuffed-poblano-peppers/
[2026-01-07 22:39:52] INFO [recipes.services.recipe_providers.budgetbytes.budgetbytes:70] Starting recipe scrape from URL: https://www.budgetbytes.com/stuffed-poblano-peppers/
[2026-01-07 22:39:54] ERROR [recipes.utils:73] Failed to extract data from method dietary_restrictions with default value None and error recipe-scrapers (15.8.0) exception: No dietary restrictions data in SchemaOrg.
[2026-01-07 22:39:54] INFO [recipes.services.macro_analysis.api_ninja:36] Initializing API NINJA Nutrition API
[2026-01-07 22:39:55] INFO [recipes.services.macro_analysis.api_ninja:335] API Ninja availability check - Available: True, Status code: 200
[2026-01-07 22:39:55] INFO [recipes.services.macro_analysis.base:308] Macro analysis request - Service: ApiNinjaMacroAnalyzer, Food name: Stuffed Poblano Peppers
Ingredients:
1 cup uncooked long grain rice ($0.30)
2 cubes bullion, vegetable, or chicken ($0.24)
1/4 tsp chili powder ($0.05)
1/4 bunch fresh cilantro ($0.17)
6 poblano peppers ($2.98)
4 oz. cheese ($0.99)
3/4 cup divided salsa ($0.52)
1 15oz. can black beans ($0.87)
non-stick spray (if needed) ($0.10), Quantity: 0, Analysis type: recipe
[2026-01-07 22:39:56] INFO [recipes.services.macro_analysis.base:319] Macro analysis successful - Service: ApiNinjaMacroAnalyzer, Food name: Stuffed Poblano Peppers
Ingredients:
1 cup uncooke..., Analysis type: recipe, Calories: 0, Confidence: 0.8
[2026-01-07 22:39:56] INFO [recipes.services.recipe_providers.utils.recipe_scrapers:96] Macro nutrients analysis result: MacroAnalysisResult(food_name='Stuffed Poblano Peppers\nIngredients:\n1 cup uncooke...', status=<MacroAnalysisStatus.SUCCESS: 'success'>, analysis_type=<AnalysisType.RECIPE: 'recipe'>, macro_nutrients=MacroNutrients(calories=0, protein=0, carbohydrates=149.8, fat=61.89999999999999, fiber=28.200000000000003, sugar=20.4, sodium=2261.0, cholesterol=268.0, saturated_fat=28.2, monounsaturated_fat=None, polyunsaturated_fat=None), recipe_ingredients=[RecipeIngredientResult(name='poblano', quantity=100.0, unit=None, macro_nutrients=MacroNutrients(calories=0.0, protein=0.0, carbohydrates=4.7, fat=0.2, fiber=1.7, sugar=2.4, sodium=2.0, cholesterol=0.0, saturated_fat=0.1, monounsaturated_fat=None, polyunsaturated_fat=None), confidence=0.8), RecipeIngredientResult(name='long grain rice', quantity=250.0, unit=None, macro_nutrients=MacroNutrients(calories=0.0, protein=0.0, carbohydrates=69.8, fat=0.7, fiber=1.0, sugar=0.1, sodium=2.0, cholesterol=0.0, saturated_fat=0.2, monounsaturated_fat=None, polyunsaturated_fat=None), confidence=0.8), RecipeIngredientResult(name='chicken', quantity=170.0, unit=None, macro_nutrients=MacroNutrients(calories=0.0, protein=0.0, carbohydrates=0.1, fat=21.9, fiber=0.0, sugar=0.0, sodium=122.0, cholesterol=156.0, saturated_fat=6.2, monounsaturated_fat=None, polyunsaturated_fat=None), confidence=0.8), RecipeIngredientResult(name='chili powder', quantity=1.4225, unit=None, macro_nutrients=MacroNutrients(calories=0.0, protein=0.0, carbohydrates=0.7, fat=0.2, fiber=0.5, sugar=0.1, sodium=41.0, cholesterol=0.0, saturated_fat=0.0, monounsaturated_fat=None, polyunsaturated_fat=None), confidence=0.8), RecipeIngredientResult(name='fresh cilantro', quantity=1.0, unit=None, macro_nutrients=MacroNutrients(calories=0.0, protein=0.0, carbohydrates=0.0, fat=0.0, fiber=0.0, sugar=0.0, sodium=0.0, cholesterol=0.0, saturated_fat=0.0, monounsaturated_fat=None, polyunsaturated_fat=None), confidence=0.8), RecipeIngredientResult(name='poblano peppers', quantity=384.0, unit=None, macro_nutrients=MacroNutrients(calories=0.0, protein=0.0, carbohydrates=17.7, fat=0.7, fiber=6.4, sugar=9.2, sodium=11.0, cholesterol=0.0, saturated_fat=0.2, monounsaturated_fat=None, polyunsaturated_fat=None), confidence=0.8), RecipeIngredientResult(name='cheese', quantity=112.0, unit=None, macro_nutrients=MacroNutrients(calories=0.0, protein=0.0, carbohydrates=3.5, fat=37.0, fiber=0.0, sugar=0.5, sodium=741.0, cholesterol=112.0, saturated_fat=21.2, monounsaturated_fat=None, polyunsaturated_fat=None), confidence=0.8), RecipeIngredientResult(name='salsa', quantity=187.5, unit=None, macro_nutrients=MacroNutrients(calories=0.0, protein=0.0, carbohydrates=12.2, fat=0.3, fiber=3.5, sugar=7.5, sodium=1341.0, cholesterol=0.0, saturated_fat=0.1, monounsaturated_fat=None, polyunsaturated_fat=None), confidence=0.8), RecipeIngredientResult(name='black beans', quantity=172.0, unit=None, macro_nutrients=MacroNutrients(calories=0.0, protein=0.0, carbohydrates=41.1, fat=0.9, fiber=15.1, sugar=0.6, sodium=1.0, cholesterol=0.0, saturated_fat=0.2, monounsaturated_fat=None, polyunsaturated_fat=None), confidence=0.8)], total_weight=1377.9225000000001, servings=6, additional_nutrients=None, source='API Ninja', confidence=0.8, error_message=None, raw_data=[{'name': 'poblano', 'calories': 'Only available for premium subscribers.', 'serving_size_g': 100.0, 'fat_total_g': 0.2, 'fat_saturated_g': 0.1, 'protein_g': 'Only available for premium subscribers.', 'sodium_mg': 2, 'potassium_mg': 20, 'cholesterol_mg': 0, 'carbohydrates_total_g': 4.7, 'fiber_g': 1.7, 'sugar_g': 2.4}, {'name': 'long grain rice', 'calories': 'Only available for premium subscribers.', 'serving_size_g': 250.0, 'fat_total_g': 0.7, 'fat_saturated_g': 0.2, 'protein_g': 'Only available for premium subscribers.', 'sodium_mg': 2, 'potassium_mg': 106, 'cholesterol_mg': 0, 'carbohydrates_total_g': 69.8, 'fiber_g': 1.0, 'sugar_g': 0.1}, {'name': 'chicken', 'calories': 'Only available for premium subscribers.', 'serving_size_g': 170.0, 'fat_total_g': 21.9, 'fat_saturated_g': 6.2, 'protein_g': 'Only available for premium subscribers.', 'sodium_mg': 122, 'potassium_mg': 304, 'cholesterol_mg': 156, 'carbohydrates_total_g': 0.1, 'fiber_g': 0.0, 'sugar_g': 0.0}, {'name': 'chili powder', 'calories': 'Only available for premium subscribers.', 'serving_size_g': 1.4225, 'fat_total_g': 0.2, 'fat_saturated_g': 0.0, 'protein_g': 'Only available for premium subscribers.', 'sodium_mg': 41, 'potassium_mg': 4, 'cholesterol_mg': 0, 'carbohydrates_total_g': 0.7, 'fiber_g': 0.5, 'sugar_g': 0.1}, {'name': 'fresh cilantro', 'calories': 'Only available for premium subscribers.', 'serving_size_g': 1.0, 'fat_total_g': 0.0, 'fat_saturated_g': 0.0, 'protein_g': 'Only available for premium subscribers.', 'sodium_mg': 0, 'potassium_mg': 0, 'cholesterol_mg': 0, 'carbohydrates_total_g': 0.0, 'fiber_g': 0.0, 'sugar_g': 0.0}, {'name': 'poblano peppers', 'calories': 'Only available for premium subscribers.', 'serving_size_g': 384.0, 'fat_total_g': 0.7, 'fat_saturated_g': 0.2, 'protein_g': 'Only available for premium subscribers.', 'sodium_mg': 11, 'potassium_mg': 77, 'cholesterol_mg': 0, 'carbohydrates_total_g': 17.7, 'fiber_g': 6.4, 'sugar_g': 9.2}, {'name': 'cheese', 'calories': 'Only available for premium subscribers.', 'serving_size_g': 112.0, 'fat_total_g': 37.0, 'fat_saturated_g': 21.2, 'protein_g': 'Only available for premium subscribers.', 'sodium_mg': 741, 'potassium_mg': 515, 'cholesterol_mg': 112, 'carbohydrates_total_g': 3.5, 'fiber_g': 0.0, 'sugar_g': 0.5}, {'name': 'salsa', 'calories': 'Only available for premium subscribers.', 'serving_size_g': 187.5, 'fat_total_g': 0.3, 'fat_saturated_g': 0.1, 'protein_g': 'Only available for premium subscribers.', 'sodium_mg': 1341, 'potassium_mg': 61, 'cholesterol_mg': 0, 'carbohydrates_total_g': 12.2, 'fiber_g': 3.5, 'sugar_g': 7.5}, {'name': 'black beans', 'calories': 'Only available for premium subscribers.', 'serving_size_g': 172.0, 'fat_total_g': 0.9, 'fat_saturated_g': 0.2, 'protein_g': 'Only available for premium subscribers.', 'sodium_mg': 1, 'potassium_mg': 243, 'cholesterol_mg': 0, 'carbohydrates_total_g': 41.1, 'fiber_g': 15.1, 'sugar_g': 0.6}])
[2026-01-07 22:39:56] INFO [recipes.services.recipe_providers.utils.recipe_scrapers:104] Macros supplemented via macro analysis service.
[2026-01-07 22:39:56] INFO [recipes.services.recipe_providers.budgetbytes.budgetbytes:361] Recipe data normalized successfully - Title: Stuffed Poblano Peppers, Ingredients: 9, Instructions: 6, Has structured ingredients: True
[2026-01-07 22:39:56] INFO [recipes.services.recipe_providers.budgetbytes.budgetbytes:75] Recipe scraped successfully from https://www.budgetbytes.com/stuffed-poblano-peppers/ - Title: Stuffed Poblano Peppers (provider: BudgetBytes)
[2026-01-07 22:39:57] INFO [recipes.management.commands.budget_bytes_recipe_discovery:30] Recipe data: RecipeData(title='Stuffed Poblano Peppers', source_url='https://www.budgetbytes.com/stuffed-poblano-peppers/', description='Stuffed poblano peppers are a fun, filling, and flavorful vegetarian meal. The southwest flavors are vibrant while beans and rice keep you feeling full.', ingredients=[IngredientData(name='long grain rice', quantity=1.0, unit='cup', notes='uncooked', original_text='1 cup uncooked long grain rice ($0.30)'), IngredientData(name='bullion', quantity=2.0, unit='cubes', notes=None, original_text='2 cubes bullion, vegetable, or chicken ($0.24)'), IngredientData(name='chili powder', quantity=0.25, unit='teaspoon', notes=None, original_text='1/4 tsp chili powder ($0.05)'), IngredientData(name='fresh cilantro', quantity=0.25, unit='bunches', notes=None, original_text='1/4 bunch fresh cilantro ($0.17)'), IngredientData(name='poblano peppers', quantity=6.0, unit='', notes=None, original_text='6 poblano peppers ($2.98)'), IngredientData(name='cheese', quantity=4.0, unit='ounce', notes=None, original_text='4 oz. cheese ($0.99)'), IngredientData(name='salsa', quantity=0.75, unit='cup', notes='divided', original_text='3/4 cup divided salsa ($0.52)'), IngredientData(name='black beans', quantity=1.0, unit='can', notes=None, original_text='1 15oz. can black beans ($0.87)'), IngredientData(name='non-stick spray', quantity=None, unit=None, notes=None, original_text='non-stick spray (if needed) ($0.10)')], instructions=['Cook the rice in a medium pot with 1.75 cups of water and two buillion cubes. (instructions for cooking rice here) While the rice is cooking, finely chop the cilantro. Mix the cilantro and chili powder into the rice after it has finished cooking. Set the rice aside until you are ready to use it.', 'While the rice is cooking, roast the poblanos. Preheat the broiler to 400 degrees. Spray a baking sheet and coat all sides of the poblano peppers with non-stick spray (you can rub olive oil all over them but I find spraying is much easier). Place the baking sheet a few inches under the broiler (I use the second rack level) and broil on each side for 5 minutes.', 'After broiling the poblanos, the skin should be blistered and bubbly. Immediately place the peppers into a ziplock bag for about 15 minutes to allow the steam to loosen the skin. Remove them from the bag and peel away as much of the skin as possible (be gentle and it is okay if you can’t get ALL of the skin).', 'Cut a boat shaped piece out of each pepper and then carefully remove the seeds and seed pod. Save the pieces of pepper that are removed to make the openings because it makes a great ingredient for salads, burrito bowls or quesadillas (breakfast quesadilla anyone?).', 'Preheat the oven to 350 degrees (bake, not broil this time). Gently fill the peppers with layers of seasoned rice, salsa, cheese and beans. I began with rice (1/3 to 1/2 cup), then 1 Tbsp of salsa, 1/3 oz. of cheese, beans (as much as I could stuff in), then more salsa and cheese (same amounts as before).', 'Place the peppers back in the oven and bake until they are heated through and the cheese is melted (about 20 minutes). Enjoy!'], prep_time=30, cook_time=90, servings=6, cuisine_type='Southwest', difficulty_level=None, image_url='https://www.budgetbytes.com/wp-content/uploads/2010/02/Stuffed20Poblanos202.jpg', nutrition={'servingSize': '1 Serving', 'calories': '290.52 kcal', 'carbohydrateContent': '47.75 g', 'proteinContent': '13.53 g', 'fatContent': '5.08 g', 'fiberContent': '9.8 g', 'sodiumContent': '921.68 mg'}, macros=MacroNutrition(calories=290.52, protein=13.53, carbohydrates=47.75, fat=5.08, fiber=9.8, sugar=20.4, sodium=921.68, saturated_fat=None, cholesterol=None), tags=['Diner,Main Course,Side Dish', 'Southwest'], dietary_restrictions=[], author='Beth Moncel', rating=4.67, provider=None)
[2026-01-07 22:39:57] INFO [recipes.management.commands.budget_bytes_recipe_discovery:52] Recipe data found, creating recipe
[2026-01-07 22:39:57] WARNING [recipes.services.recipe_storage:191] Skipping macro nutrition upsert because required macro values are missing.
[2026-01-07 22:39:58] ERROR [recipes.services.recipe_storage:246] Failed to generate embedding for recipe 'Stuffed Poblano Peppers': The truth value of an array with more than one element is ambiguous. Use a.any() or a.all()
[2026-01-07 22:39:58] INFO [recipes.management.commands.budget_bytes_recipe_discovery:55] Recipe stored: Stuffed Poblano Peppers (e4829817-d211-495c-a352-24d7947c2043)
[2026-01-07 22:49:22] INFO [recipes.management.commands.budget_bytes_recipe_discovery:18] Starting budget bytes recipe discovery
[2026-01-07 22:49:22] INFO [recipes.services.recipe_providers.base:240] Recipe provider initialized - Name: BudgetBytes, Domain: budgetbytes.com
[2026-01-07 22:49:22] INFO [recipes.services.macro_analysis.api_ninja:36] Initializing API NINJA Nutrition API
[2026-01-07 22:49:22] INFO [recipes.services.recipe_providers.budgetbytes.budgetbytes:97] Starting sitemap-based recipe URL discovery (limit: 10)
[2026-01-07 22:49:24] INFO [recipes.services.recipe_providers.budgetbytes.budgetbytes:122] Attempting to fetch sitemap: https://www.budgetbytes.com/post-sitemap.xml
[2026-01-07 22:49:30] INFO [recipes.services.recipe_providers.budgetbytes.budgetbytes:132] Successfully fetched sitemap: https://www.budgetbytes.com/post-sitemap.xml
[2026-01-07 22:49:30] INFO [recipes.services.recipe_providers.budgetbytes.budgetbytes:198] Processing regular sitemap
[2026-01-07 22:49:30] INFO [recipes.services.recipe_providers.budgetbytes.budgetbytes:136] Found 958 URLs in sitemap: https://www.budgetbytes.com/post-sitemap.xml
[2026-01-07 22:49:32] INFO [recipes.services.recipe_providers.budgetbytes.budgetbytes:122] Attempting to fetch sitemap: https://www.budgetbytes.com/post-sitemap2.xml
[2026-01-07 22:49:38] INFO [recipes.services.recipe_providers.budgetbytes.budgetbytes:132] Successfully fetched sitemap: https://www.budgetbytes.com/post-sitemap2.xml
[2026-01-07 22:49:38] INFO [recipes.services.recipe_providers.budgetbytes.budgetbytes:198] Processing regular sitemap
[2026-01-07 22:49:38] INFO [recipes.services.recipe_providers.budgetbytes.budgetbytes:136] Found 1906 URLs in sitemap: https://www.budgetbytes.com/post-sitemap2.xml
[2026-01-07 22:49:38] INFO [recipes.services.recipe_providers.budgetbytes.budgetbytes:157] Filtered recipe URLs - Total discovered: 1906, Recipes found: 1871
[2026-01-07 22:49:38] INFO [recipes.services.recipe_providers.budgetbytes.budgetbytes:101] Recipe URL discovery completed from sitemap - Total discovered: 10 (method: sitemap)
[2026-01-07 22:49:38] INFO [recipes.management.commands.budget_bytes_recipe_discovery:27] Discovered recipe URL: https://www.budgetbytes.com/stuffed-poblano-peppers/
[2026-01-07 22:49:38] INFO [recipes.services.recipe_providers.budgetbytes.budgetbytes:70] Starting recipe scrape from URL: https://www.budgetbytes.com/stuffed-poblano-peppers/
[2026-01-07 22:49:40] ERROR [recipes.utils:73] Failed to extract data from method dietary_restrictions with default value None and error recipe-scrapers (15.8.0) exception: No dietary restrictions data in SchemaOrg.
[2026-01-07 22:49:40] INFO [recipes.services.macro_analysis.api_ninja:36] Initializing API NINJA Nutrition API
[2026-01-07 22:49:42] INFO [recipes.services.macro_analysis.api_ninja:339] API Ninja availability check - Available: True, Status code: 200
[2026-01-07 22:49:42] INFO [recipes.services.macro_analysis.base:308] Macro analysis request - Service: ApiNinjaMacroAnalyzer, Food name: Stuffed Poblano Peppers
Ingredients:
1 cup uncooked long grain rice ($0.30)
2 cubes bullion, vegetable, or chicken ($0.24)
1/4 tsp chili powder ($0.05)
1/4 bunch fresh cilantro ($0.17)
6 poblano peppers ($2.98)
4 oz. cheese ($0.99)
3/4 cup divided salsa ($0.52)
1 15oz. can black beans ($0.87)
non-stick spray (if needed) ($0.10), Quantity: 0, Analysis type: recipe
[2026-01-07 22:49:43] INFO [recipes.services.macro_analysis.base:319] Macro analysis successful - Service: ApiNinjaMacroAnalyzer, Food name: Stuffed Poblano Peppers
Ingredients:
1 cup uncooke..., Analysis type: recipe, Calories: 0.0, Confidence: 0.8
[2026-01-07 22:49:43] INFO [recipes.services.recipe_providers.utils.recipe_scrapers:102] Macro nutrients analysis result: MacroAnalysisResult(food_name='Stuffed Poblano Peppers\nIngredients:\n1 cup uncooke...', status=<MacroAnalysisStatus.SUCCESS: 'success'>, analysis_type=<AnalysisType.RECIPE: 'recipe'>, macro_nutrients=MacroNutrients(calories=0.0, protein=0.0, carbohydrates=149.8, fat=61.89999999999999, fiber=28.200000000000003, sugar=20.4, sodium=2261.0, cholesterol=268.0, saturated_fat=28.2, monounsaturated_fat=None, polyunsaturated_fat=None), recipe_ingredients=[RecipeIngredientResult(name='poblano', quantity=100.0, unit=None, macro_nutrients=MacroNutrients(calories=0.0, protein=0.0, carbohydrates=4.7, fat=0.2, fiber=1.7, sugar=2.4, sodium=2.0, cholesterol=0.0, saturated_fat=0.1, monounsaturated_fat=None, polyunsaturated_fat=None), confidence=0.8), RecipeIngredientResult(name='long grain rice', quantity=250.0, unit=None, macro_nutrients=MacroNutrients(calories=0.0, protein=0.0, carbohydrates=69.8, fat=0.7, fiber=1.0, sugar=0.1, sodium=2.0, cholesterol=0.0, saturated_fat=0.2, monounsaturated_fat=None, polyunsaturated_fat=None), confidence=0.8), RecipeIngredientResult(name='chicken', quantity=170.0, unit=None, macro_nutrients=MacroNutrients(calories=0.0, protein=0.0, carbohydrates=0.1, fat=21.9, fiber=0.0, sugar=0.0, sodium=122.0, cholesterol=156.0, saturated_fat=6.2, monounsaturated_fat=None, polyunsaturated_fat=None), confidence=0.8), RecipeIngredientResult(name='chili powder', quantity=1.4225, unit=None, macro_nutrients=MacroNutrients(calories=0.0, protein=0.0, carbohydrates=0.7, fat=0.2, fiber=0.5, sugar=0.1, sodium=41.0, cholesterol=0.0, saturated_fat=0.0, monounsaturated_fat=None, polyunsaturated_fat=None), confidence=0.8), RecipeIngredientResult(name='fresh cilantro', quantity=1.0, unit=None, macro_nutrients=MacroNutrients(calories=0.0, protein=0.0, carbohydrates=0.0, fat=0.0, fiber=0.0, sugar=0.0, sodium=0.0, cholesterol=0.0, saturated_fat=0.0, monounsaturated_fat=None, polyunsaturated_fat=None), confidence=0.8), RecipeIngredientResult(name='poblano peppers', quantity=384.0, unit=None, macro_nutrients=MacroNutrients(calories=0.0, protein=0.0, carbohydrates=17.7, fat=0.7, fiber=6.4, sugar=9.2, sodium=11.0, cholesterol=0.0, saturated_fat=0.2, monounsaturated_fat=None, polyunsaturated_fat=None), confidence=0.8), RecipeIngredientResult(name='cheese', quantity=112.0, unit=None, macro_nutrients=MacroNutrients(calories=0.0, protein=0.0, carbohydrates=3.5, fat=37.0, fiber=0.0, sugar=0.5, sodium=741.0, cholesterol=112.0, saturated_fat=21.2, monounsaturated_fat=None, polyunsaturated_fat=None), confidence=0.8), RecipeIngredientResult(name='salsa', quantity=187.5, unit=None, macro_nutrients=MacroNutrients(calories=0.0, protein=0.0, carbohydrates=12.2, fat=0.3, fiber=3.5, sugar=7.5, sodium=1341.0, cholesterol=0.0, saturated_fat=0.1, monounsaturated_fat=None, polyunsaturated_fat=None), confidence=0.8), RecipeIngredientResult(name='black beans', quantity=172.0, unit=None, macro_nutrients=MacroNutrients(calories=0.0, protein=0.0, carbohydrates=41.1, fat=0.9, fiber=15.1, sugar=0.6, sodium=1.0, cholesterol=0.0, saturated_fat=0.2, monounsaturated_fat=None, polyunsaturated_fat=None), confidence=0.8)], total_weight=1377.9225000000001, servings=6, additional_nutrients=None, source='API Ninja', confidence=0.8, error_message=None, raw_data=[{'name': 'poblano', 'calories': 'Only available for premium subscribers.', 'serving_size_g': 100.0, 'fat_total_g': 0.2, 'fat_saturated_g': 0.1, 'protein_g': 'Only available for premium subscribers.', 'sodium_mg': 2, 'potassium_mg': 20, 'cholesterol_mg': 0, 'carbohydrates_total_g': 4.7, 'fiber_g': 1.7, 'sugar_g': 2.4}, {'name': 'long grain rice', 'calories': 'Only available for premium subscribers.', 'serving_size_g': 250.0, 'fat_total_g': 0.7, 'fat_saturated_g': 0.2, 'protein_g': 'Only available for premium subscribers.', 'sodium_mg': 2, 'potassium_mg': 106, 'cholesterol_mg': 0, 'carbohydrates_total_g': 69.8, 'fiber_g': 1.0, 'sugar_g': 0.1}, {'name': 'chicken', 'calories': 'Only available for premium subscribers.', 'serving_size_g': 170.0, 'fat_total_g': 21.9, 'fat_saturated_g': 6.2, 'protein_g': 'Only available for premium subscribers.', 'sodium_mg': 122, 'potassium_mg': 304, 'cholesterol_mg': 156, 'carbohydrates_total_g': 0.1, 'fiber_g': 0.0, 'sugar_g': 0.0}, {'name': 'chili powder', 'calories': 'Only available for premium subscribers.', 'serving_size_g': 1.4225, 'fat_total_g': 0.2, 'fat_saturated_g': 0.0, 'protein_g': 'Only available for premium subscribers.', 'sodium_mg': 41, 'potassium_mg': 4, 'cholesterol_mg': 0, 'carbohydrates_total_g': 0.7, 'fiber_g': 0.5, 'sugar_g': 0.1}, {'name': 'fresh cilantro', 'calories': 'Only available for premium subscribers.', 'serving_size_g': 1.0, 'fat_total_g': 0.0, 'fat_saturated_g': 0.0, 'protein_g': 'Only available for premium subscribers.', 'sodium_mg': 0, 'potassium_mg': 0, 'cholesterol_mg': 0, 'carbohydrates_total_g': 0.0, 'fiber_g': 0.0, 'sugar_g': 0.0}, {'name': 'poblano peppers', 'calories': 'Only available for premium subscribers.', 'serving_size_g': 384.0, 'fat_total_g': 0.7, 'fat_saturated_g': 0.2, 'protein_g': 'Only available for premium subscribers.', 'sodium_mg': 11, 'potassium_mg': 77, 'cholesterol_mg': 0, 'carbohydrates_total_g': 17.7, 'fiber_g': 6.4, 'sugar_g': 9.2}, {'name': 'cheese', 'calories': 'Only available for premium subscribers.', 'serving_size_g': 112.0, 'fat_total_g': 37.0, 'fat_saturated_g': 21.2, 'protein_g': 'Only available for premium subscribers.', 'sodium_mg': 741, 'potassium_mg': 515, 'cholesterol_mg': 112, 'carbohydrates_total_g': 3.5, 'fiber_g': 0.0, 'sugar_g': 0.5}, {'name': 'salsa', 'calories': 'Only available for premium subscribers.', 'serving_size_g': 187.5, 'fat_total_g': 0.3, 'fat_saturated_g': 0.1, 'protein_g': 'Only available for premium subscribers.', 'sodium_mg': 1341, 'potassium_mg': 61, 'cholesterol_mg': 0, 'carbohydrates_total_g': 12.2, 'fiber_g': 3.5, 'sugar_g': 7.5}, {'name': 'black beans', 'calories': 'Only available for premium subscribers.', 'serving_size_g': 172.0, 'fat_total_g': 0.9, 'fat_saturated_g': 0.2, 'protein_g': 'Only available for premium subscribers.', 'sodium_mg': 1, 'potassium_mg': 243, 'cholesterol_mg': 0, 'carbohydrates_total_g': 41.1, 'fiber_g': 15.1, 'sugar_g': 0.6}])
[2026-01-07 22:49:43] INFO [recipes.services.recipe_providers.utils.recipe_scrapers:110] Macros supplemented via macro analysis service.
[2026-01-07 22:49:43] INFO [recipes.services.recipe_providers.budgetbytes.budgetbytes:361] Recipe data normalized successfully - Title: Stuffed Poblano Peppers, Ingredients: 9, Instructions: 6, Has structured ingredients: True
[2026-01-07 22:49:43] INFO [recipes.services.recipe_providers.budgetbytes.budgetbytes:75] Recipe scraped successfully from https://www.budgetbytes.com/stuffed-poblano-peppers/ - Title: Stuffed Poblano Peppers (provider: BudgetBytes)
[2026-01-07 22:49:43] INFO [recipes.management.commands.budget_bytes_recipe_discovery:30] Recipe data: RecipeData(title='Stuffed Poblano Peppers', source_url='https://www.budgetbytes.com/stuffed-poblano-peppers/', description='Stuffed poblano peppers are a fun, filling, and flavorful vegetarian meal. The southwest flavors are vibrant while beans and rice keep you feeling full.', ingredients=[IngredientData(name='long grain rice', quantity=1.0, unit='cup', notes='uncooked', original_text='1 cup uncooked long grain rice ($0.30)'), IngredientData(name='bullion', quantity=2.0, unit='cubes', notes=None, original_text='2 cubes bullion, vegetable, or chicken ($0.24)'), IngredientData(name='chili powder', quantity=0.25, unit='teaspoon', notes=None, original_text='1/4 tsp chili powder ($0.05)'), IngredientData(name='fresh cilantro', quantity=0.25, unit='bunches', notes=None, original_text='1/4 bunch fresh cilantro ($0.17)'), IngredientData(name='poblano peppers', quantity=6.0, unit='', notes=None, original_text='6 poblano peppers ($2.98)'), IngredientData(name='cheese', quantity=4.0, unit='ounce', notes=None, original_text='4 oz. cheese ($0.99)'), IngredientData(name='salsa', quantity=0.75, unit='cup', notes='divided', original_text='3/4 cup divided salsa ($0.52)'), IngredientData(name='black beans', quantity=1.0, unit='can', notes=None, original_text='1 15oz. can black beans ($0.87)'), IngredientData(name='non-stick spray', quantity=None, unit=None, notes=None, original_text='non-stick spray (if needed) ($0.10)')], instructions=['Cook the rice in a medium pot with 1.75 cups of water and two buillion cubes. (instructions for cooking rice here) While the rice is cooking, finely chop the cilantro. Mix the cilantro and chili powder into the rice after it has finished cooking. Set the rice aside until you are ready to use it.', 'While the rice is cooking, roast the poblanos. Preheat the broiler to 400 degrees. Spray a baking sheet and coat all sides of the poblano peppers with non-stick spray (you can rub olive oil all over them but I find spraying is much easier). Place the baking sheet a few inches under the broiler (I use the second rack level) and broil on each side for 5 minutes.', 'After broiling the poblanos, the skin should be blistered and bubbly. Immediately place the peppers into a ziplock bag for about 15 minutes to allow the steam to loosen the skin. Remove them from the bag and peel away as much of the skin as possible (be gentle and it is okay if you can’t get ALL of the skin).', 'Cut a boat shaped piece out of each pepper and then carefully remove the seeds and seed pod. Save the pieces of pepper that are removed to make the openings because it makes a great ingredient for salads, burrito bowls or quesadillas (breakfast quesadilla anyone?).', 'Preheat the oven to 350 degrees (bake, not broil this time). Gently fill the peppers with layers of seasoned rice, salsa, cheese and beans. I began with rice (1/3 to 1/2 cup), then 1 Tbsp of salsa, 1/3 oz. of cheese, beans (as much as I could stuff in), then more salsa and cheese (same amounts as before).', 'Place the peppers back in the oven and bake until they are heated through and the cheese is melted (about 20 minutes). Enjoy!'], prep_time=30, cook_time=90, servings=6, cuisine_type='Southwest', difficulty_level=None, image_url='https://www.budgetbytes.com/wp-content/uploads/2010/02/Stuffed20Poblanos202.jpg', nutrition={'servingSize': '1 Serving', 'calories': '290.52 kcal', 'carbohydrateContent': '47.75 g', 'proteinContent': '13.53 g', 'fatContent': '5.08 g', 'fiberContent': '9.8 g', 'sodiumContent': '921.68 mg'}, macros=MacroNutrition(calories=290.52, protein=13.53, carbohydrates=47.75, fat=5.08, fiber=9.8, sugar=20.4, sodium=921.68, saturated_fat=28.2, cholesterol=268.0, monounsaturated_fat=None, polyunsaturated_fat=None), tags=['Diner,Main Course,Side Dish', 'Southwest'], dietary_restrictions=[], author='Beth Moncel', rating=4.67, provider=None)
[2026-01-07 22:49:43] INFO [recipes.management.commands.budget_bytes_recipe_discovery:52] Recipe data found, creating recipe
[2026-01-07 22:49:45] ERROR [recipes.services.recipe_storage:246] Failed to generate embedding for recipe 'Stuffed Poblano Peppers': The truth value of an array with more than one element is ambiguous. Use a.any() or a.all()
[2026-01-07 22:49:45] INFO [recipes.management.commands.budget_bytes_recipe_discovery:55] Recipe stored: Stuffed Poblano Peppers (e4829817-d211-495c-a352-24d7947c2043)
[2026-01-08 18:22:04] INFO [recipes.management.commands.budget_bytes_recipe_discovery:18] Starting budget bytes recipe discovery
[2026-01-08 18:22:04] INFO [recipes.services.recipe_providers.base:240] Recipe provider initialized - Name: BudgetBytes, Domain: budgetbytes.com
[2026-01-08 18:22:04] INFO [recipes.services.macro_analysis.api_ninja:36] Initializing API NINJA Nutrition API
[2026-01-08 18:22:04] INFO [recipes.services.recipe_providers.budgetbytes.budgetbytes:97] Starting sitemap-based recipe URL discovery (limit: 10)
[2026-01-08 18:22:06] INFO [recipes.services.recipe_providers.budgetbytes.budgetbytes:122] Attempting to fetch sitemap: https://www.budgetbytes.com/post-sitemap.xml
[2026-01-08 18:28:13] INFO [recipes.management.commands.budget_bytes_recipe_discovery:18] Starting budget bytes recipe discovery
[2026-01-08 18:28:13] INFO [recipes.services.recipe_providers.base:240] Recipe provider initialized - Name: BudgetBytes, Domain: budgetbytes.com
[2026-01-08 18:28:13] INFO [recipes.services.macro_analysis.api_ninja:36] Initializing API NINJA Nutrition API
[2026-01-08 18:28:13] INFO [recipes.services.recipe_providers.budgetbytes.budgetbytes:97] Starting sitemap-based recipe URL discovery (limit: 10)
[2026-01-08 18:28:15] INFO [recipes.services.recipe_providers.budgetbytes.budgetbytes:122] Attempting to fetch sitemap: https://www.budgetbytes.com/post-sitemap.xml
[2026-01-08 18:28:20] INFO [recipes.services.recipe_providers.budgetbytes.budgetbytes:132] Successfully fetched sitemap: https://www.budgetbytes.com/post-sitemap.xml
[2026-01-08 18:28:20] INFO [recipes.services.recipe_providers.budgetbytes.budgetbytes:197] Processing regular sitemap
[2026-01-08 18:28:20] INFO [recipes.services.recipe_providers.budgetbytes.budgetbytes:136] Found 958 URLs in sitemap: https://www.budgetbytes.com/post-sitemap.xml
[2026-01-08 18:28:22] INFO [recipes.services.recipe_providers.budgetbytes.budgetbytes:122] Attempting to fetch sitemap: https://www.budgetbytes.com/post-sitemap2.xml
[2026-01-08 18:28:27] INFO [recipes.services.recipe_providers.budgetbytes.budgetbytes:132] Successfully fetched sitemap: https://www.budgetbytes.com/post-sitemap2.xml
[2026-01-08 18:28:27] INFO [recipes.services.recipe_providers.budgetbytes.budgetbytes:197] Processing regular sitemap
[2026-01-08 18:28:27] INFO [recipes.services.recipe_providers.budgetbytes.budgetbytes:136] Found 1906 URLs in sitemap: https://www.budgetbytes.com/post-sitemap2.xml
[2026-01-08 18:28:27] INFO [recipes.services.recipe_providers.budgetbytes.budgetbytes:157] Filtered recipe URLs - Total discovered: 1906, Recipes found: 1871
[2026-01-08 18:28:27] INFO [recipes.services.recipe_providers.budgetbytes.budgetbytes:101] Recipe URL discovery completed from sitemap - Total discovered: 10 (method: sitemap)
[2026-01-08 18:28:27] INFO [recipes.management.commands.budget_bytes_recipe_discovery:28] Discovered recipe URL: https://www.budgetbytes.com/stuffed-poblano-peppers/
[2026-01-08 18:28:27] INFO [recipes.services.recipe_providers.budgetbytes.budgetbytes:70] Starting recipe scrape from URL: https://www.budgetbytes.com/stuffed-poblano-peppers/
[2026-01-08 18:28:31] ERROR [recipes.utils:73] Failed to extract data from method dietary_restrictions with default value None and error recipe-scrapers (15.8.0) exception: No dietary restrictions data in SchemaOrg.
[2026-01-08 18:28:31] INFO [recipes.services.macro_analysis.api_ninja:36] Initializing API NINJA Nutrition API
[2026-01-08 18:28:32] INFO [recipes.services.macro_analysis.api_ninja:339] API Ninja availability check - Available: True, Status code: 200
[2026-01-08 18:28:32] INFO [recipes.services.macro_analysis.base:308] Macro analysis request - Service: ApiNinjaMacroAnalyzer, Food name: Stuffed Poblano Peppers
Ingredients:
1 cup uncooked long grain rice ($0.30)
2 cubes bullion, vegetable, or chicken ($0.24)
1/4 tsp chili powder ($0.05)
1/4 bunch fresh cilantro ($0.17)
6 poblano peppers ($2.98)
4 oz. cheese ($0.99)
3/4 cup divided salsa ($0.52)
1 15oz. can black beans ($0.87)
non-stick spray (if needed) ($0.10), Quantity: 0, Analysis type: recipe
[2026-01-08 18:28:33] INFO [recipes.services.macro_analysis.base:319] Macro analysis successful - Service: ApiNinjaMacroAnalyzer, Food name: Stuffed Poblano Peppers
Ingredients:
1 cup uncooke..., Analysis type: recipe, Calories: 0.0, Confidence: 0.8
[2026-01-08 18:28:33] INFO [recipes.services.recipe_providers.utils.recipe_scrapers:102] Macro nutrients analysis result: MacroAnalysisResult(food_name='Stuffed Poblano Peppers\nIngredients:\n1 cup uncooke...', status=<MacroAnalysisStatus.SUCCESS: 'success'>, analysis_type=<AnalysisType.RECIPE: 'recipe'>, macro_nutrients=MacroNutrients(calories=0.0, protein=0.0, carbohydrates=149.8, fat=61.89999999999999, fiber=28.200000000000003, sugar=20.4, sodium=2261.0, cholesterol=268.0, saturated_fat=28.2, monounsaturated_fat=None, polyunsaturated_fat=None), recipe_ingredients=[RecipeIngredientResult(name='poblano', quantity=100.0, unit=None, macro_nutrients=MacroNutrients(calories=0.0, protein=0.0, carbohydrates=4.7, fat=0.2, fiber=1.7, sugar=2.4, sodium=2.0, cholesterol=0.0, saturated_fat=0.1, monounsaturated_fat=None, polyunsaturated_fat=None), confidence=0.8), RecipeIngredientResult(name='long grain rice', quantity=250.0, unit=None, macro_nutrients=MacroNutrients(calories=0.0, protein=0.0, carbohydrates=69.8, fat=0.7, fiber=1.0, sugar=0.1, sodium=2.0, cholesterol=0.0, saturated_fat=0.2, monounsaturated_fat=None, polyunsaturated_fat=None), confidence=0.8), RecipeIngredientResult(name='chicken', quantity=170.0, unit=None, macro_nutrients=MacroNutrients(calories=0.0, protein=0.0, carbohydrates=0.1, fat=21.9, fiber=0.0, sugar=0.0, sodium=122.0, cholesterol=156.0, saturated_fat=6.2, monounsaturated_fat=None, polyunsaturated_fat=None), confidence=0.8), RecipeIngredientResult(name='chili powder', quantity=1.4225, unit=None, macro_nutrients=MacroNutrients(calories=0.0, protein=0.0, carbohydrates=0.7, fat=0.2, fiber=0.5, sugar=0.1, sodium=41.0, cholesterol=0.0, saturated_fat=0.0, monounsaturated_fat=None, polyunsaturated_fat=None), confidence=0.8), RecipeIngredientResult(name='fresh cilantro', quantity=1.0, unit=None, macro_nutrients=MacroNutrients(calories=0.0, protein=0.0, carbohydrates=0.0, fat=0.0, fiber=0.0, sugar=0.0, sodium=0.0, cholesterol=0.0, saturated_fat=0.0, monounsaturated_fat=None, polyunsaturated_fat=None), confidence=0.8), RecipeIngredientResult(name='poblano peppers', quantity=384.0, unit=None, macro_nutrients=MacroNutrients(calories=0.0, protein=0.0, carbohydrates=17.7, fat=0.7, fiber=6.4, sugar=9.2, sodium=11.0, cholesterol=0.0, saturated_fat=0.2, monounsaturated_fat=None, polyunsaturated_fat=None), confidence=0.8), RecipeIngredientResult(name='cheese', quantity=112.0, unit=None, macro_nutrients=MacroNutrients(calories=0.0, protein=0.0, carbohydrates=3.5, fat=37.0, fiber=0.0, sugar=0.5, sodium=741.0, cholesterol=112.0, saturated_fat=21.2, monounsaturated_fat=None, polyunsaturated_fat=None), confidence=0.8), RecipeIngredientResult(name='salsa', quantity=187.5, unit=None, macro_nutrients=MacroNutrients(calories=0.0, protein=0.0, carbohydrates=12.2, fat=0.3, fiber=3.5, sugar=7.5, sodium=1341.0, cholesterol=0.0, saturated_fat=0.1, monounsaturated_fat=None, polyunsaturated_fat=None), confidence=0.8), RecipeIngredientResult(name='black beans', quantity=172.0, unit=None, macro_nutrients=MacroNutrients(calories=0.0, protein=0.0, carbohydrates=41.1, fat=0.9, fiber=15.1, sugar=0.6, sodium=1.0, cholesterol=0.0, saturated_fat=0.2, monounsaturated_fat=None, polyunsaturated_fat=None), confidence=0.8)], total_weight=1377.9225000000001, servings=6, additional_nutrients=None, source='API Ninja', confidence=0.8, error_message=None, raw_data=[{'name': 'poblano', 'calories': 'Only available for premium subscribers.', 'serving_size_g': 100.0, 'fat_total_g': 0.2, 'fat_saturated_g': 0.1, 'protein_g': 'Only available for premium subscribers.', 'sodium_mg': 2, 'potassium_mg': 20, 'cholesterol_mg': 0, 'carbohydrates_total_g': 4.7, 'fiber_g': 1.7, 'sugar_g': 2.4}, {'name': 'long grain rice', 'calories': 'Only available for premium subscribers.', 'serving_size_g': 250.0, 'fat_total_g': 0.7, 'fat_saturated_g': 0.2, 'protein_g': 'Only available for premium subscribers.', 'sodium_mg': 2, 'potassium_mg': 106, 'cholesterol_mg': 0, 'carbohydrates_total_g': 69.8, 'fiber_g': 1.0, 'sugar_g': 0.1}, {'name': 'chicken', 'calories': 'Only available for premium subscribers.', 'serving_size_g': 170.0, 'fat_total_g': 21.9, 'fat_saturated_g': 6.2, 'protein_g': 'Only available for premium subscribers.', 'sodium_mg': 122, 'potassium_mg': 304, 'cholesterol_mg': 156, 'carbohydrates_total_g': 0.1, 'fiber_g': 0.0, 'sugar_g': 0.0}, {'name': 'chili powder', 'calories': 'Only available for premium subscribers.', 'serving_size_g': 1.4225, 'fat_total_g': 0.2, 'fat_saturated_g': 0.0, 'protein_g': 'Only available for premium subscribers.', 'sodium_mg': 41, 'potassium_mg': 4, 'cholesterol_mg': 0, 'carbohydrates_total_g': 0.7, 'fiber_g': 0.5, 'sugar_g': 0.1}, {'name': 'fresh cilantro', 'calories': 'Only available for premium subscribers.', 'serving_size_g': 1.0, 'fat_total_g': 0.0, 'fat_saturated_g': 0.0, 'protein_g': 'Only available for premium subscribers.', 'sodium_mg': 0, 'potassium_mg': 0, 'cholesterol_mg': 0, 'carbohydrates_total_g': 0.0, 'fiber_g': 0.0, 'sugar_g': 0.0}, {'name': 'poblano peppers', 'calories': 'Only available for premium subscribers.', 'serving_size_g': 384.0, 'fat_total_g': 0.7, 'fat_saturated_g': 0.2, 'protein_g': 'Only available for premium subscribers.', 'sodium_mg': 11, 'potassium_mg': 77, 'cholesterol_mg': 0, 'carbohydrates_total_g': 17.7, 'fiber_g': 6.4, 'sugar_g': 9.2}, {'name': 'cheese', 'calories': 'Only available for premium subscribers.', 'serving_size_g': 112.0, 'fat_total_g': 37.0, 'fat_saturated_g': 21.2, 'protein_g': 'Only available for premium subscribers.', 'sodium_mg': 741, 'potassium_mg': 515, 'cholesterol_mg': 112, 'carbohydrates_total_g': 3.5, 'fiber_g': 0.0, 'sugar_g': 0.5}, {'name': 'salsa', 'calories': 'Only available for premium subscribers.', 'serving_size_g': 187.5, 'fat_total_g': 0.3, 'fat_saturated_g': 0.1, 'protein_g': 'Only available for premium subscribers.', 'sodium_mg': 1341, 'potassium_mg': 61, 'cholesterol_mg': 0, 'carbohydrates_total_g': 12.2, 'fiber_g': 3.5, 'sugar_g': 7.5}, {'name': 'black beans', 'calories': 'Only available for premium subscribers.', 'serving_size_g': 172.0, 'fat_total_g': 0.9, 'fat_saturated_g': 0.2, 'protein_g': 'Only available for premium subscribers.', 'sodium_mg': 1, 'potassium_mg': 243, 'cholesterol_mg': 0, 'carbohydrates_total_g': 41.1, 'fiber_g': 15.1, 'sugar_g': 0.6}])
[2026-01-08 18:28:33] INFO [recipes.services.recipe_providers.utils.recipe_scrapers:110] Macros supplemented via macro analysis service.
[2026-01-08 18:28:33] INFO [recipes.services.recipe_providers.budgetbytes.budgetbytes:355] Recipe data normalized successfully - Title: Stuffed Poblano Peppers, Ingredients: 9, Instructions: 6, Has structured ingredients: True
[2026-01-08 18:28:33] INFO [recipes.services.recipe_providers.budgetbytes.budgetbytes:75] Recipe scraped successfully from https://www.budgetbytes.com/stuffed-poblano-peppers/ - Title: Stuffed Poblano Peppers (provider: BudgetBytes)
[2026-01-08 18:28:33] INFO [recipes.management.commands.budget_bytes_recipe_discovery:31] Recipe data: RecipeData(title='Stuffed Poblano Peppers', source_url='https://www.budgetbytes.com/stuffed-poblano-peppers/', description='Stuffed poblano peppers are a fun, filling, and flavorful vegetarian meal. The southwest flavors are vibrant while beans and rice keep you feeling full.', ingredients=[IngredientData(name='long grain rice', quantity=1.0, unit='cup', notes='uncooked', original_text='1 cup uncooked long grain rice ($0.30)'), IngredientData(name='bullion', quantity=2.0, unit='cubes', notes=None, original_text='2 cubes bullion, vegetable, or chicken ($0.24)'), IngredientData(name='chili powder', quantity=0.25, unit='teaspoon', notes=None, original_text='1/4 tsp chili powder ($0.05)'), IngredientData(name='fresh cilantro', quantity=0.25, unit='bunches', notes=None, original_text='1/4 bunch fresh cilantro ($0.17)'), IngredientData(name='poblano peppers', quantity=6.0, unit='', notes=None, original_text='6 poblano peppers ($2.98)'), IngredientData(name='cheese', quantity=4.0, unit='ounce', notes=None, original_text='4 oz. cheese ($0.99)'), IngredientData(name='salsa', quantity=0.75, unit='cup', notes='divided', original_text='3/4 cup divided salsa ($0.52)'), IngredientData(name='black beans', quantity=1.0, unit='can', notes=None, original_text='1 15oz. can black beans ($0.87)'), IngredientData(name='non-stick spray', quantity=None, unit=None, notes=None, original_text='non-stick spray (if needed) ($0.10)')], instructions=['Cook the rice in a medium pot with 1.75 cups of water and two buillion cubes. (instructions for cooking rice here) While the rice is cooking, finely chop the cilantro. Mix the cilantro and chili powder into the rice after it has finished cooking. Set the rice aside until you are ready to use it.', 'While the rice is cooking, roast the poblanos. Preheat the broiler to 400 degrees. Spray a baking sheet and coat all sides of the poblano peppers with non-stick spray (you can rub olive oil all over them but I find spraying is much easier). Place the baking sheet a few inches under the broiler (I use the second rack level) and broil on each side for 5 minutes.', 'After broiling the poblanos, the skin should be blistered and bubbly. Immediately place the peppers into a ziplock bag for about 15 minutes to allow the steam to loosen the skin. Remove them from the bag and peel away as much of the skin as possible (be gentle and it is okay if you can’t get ALL of the skin).', 'Cut a boat shaped piece out of each pepper and then carefully remove the seeds and seed pod. Save the pieces of pepper that are removed to make the openings because it makes a great ingredient for salads, burrito bowls or quesadillas (breakfast quesadilla anyone?).', 'Preheat the oven to 350 degrees (bake, not broil this time). Gently fill the peppers with layers of seasoned rice, salsa, cheese and beans. I began with rice (1/3 to 1/2 cup), then 1 Tbsp of salsa, 1/3 oz. of cheese, beans (as much as I could stuff in), then more salsa and cheese (same amounts as before).', 'Place the peppers back in the oven and bake until they are heated through and the cheese is melted (about 20 minutes). Enjoy!'], prep_time=30, cook_time=90, servings=6, cuisine_type='Southwest', difficulty_level=None, image_url='https://www.budgetbytes.com/wp-content/uploads/2010/02/Stuffed20Poblanos202.jpg', nutrition={'servingSize': '1 Serving', 'calories': '290.52 kcal', 'carbohydrateContent': '47.75 g', 'proteinContent': '13.53 g', 'fatContent': '5.08 g', 'fiberContent': '9.8 g', 'sodiumContent': '921.68 mg'}, macros=MacroNutrition(calories=290.52, protein=13.53, carbohydrates=47.75, fat=5.08, fiber=9.8, sugar=20.4, sodium=921.68, saturated_fat=28.2, cholesterol=268.0, monounsaturated_fat=None, polyunsaturated_fat=None), tags=['Diner,Main Course,Side Dish', 'Southwest'], dietary_restrictions=[], author='Beth Moncel', rating=4.67, provider=None)
[2026-01-08 18:28:34] ERROR [recipes.services.recipe_storage:246] Failed to generate embedding for recipe 'Stuffed Poblano Peppers': The truth value of an array with more than one element is ambiguous. Use a.any() or a.all()
[2026-01-08 18:28:34] INFO [recipes.management.commands.budget_bytes_recipe_discovery:45] Recipe stored: Stuffed Poblano Peppers (e4829817-d211-495c-a352-24d7947c2043)
[2026-01-08 18:28:34] INFO [recipes.management.commands.budget_bytes_recipe_discovery:28] Discovered recipe URL: https://www.budgetbytes.com/grits-n-greens/
[2026-01-08 18:28:34] INFO [recipes.services.recipe_providers.budgetbytes.budgetbytes:70] Starting recipe scrape from URL: https://www.budgetbytes.com/grits-n-greens/
[2026-01-08 18:28:37] ERROR [recipes.utils:73] Failed to extract data from method ratings with default value None and error recipe-scrapers (15.8.0) exception: No ratingValue in SchemaOrg.
[2026-01-08 18:28:37] ERROR [recipes.utils:73] Failed to extract data from method dietary_restrictions with default value None and error recipe-scrapers (15.8.0) exception: No dietary restrictions data in SchemaOrg.
[2026-01-08 18:28:37] INFO [recipes.services.macro_analysis.api_ninja:36] Initializing API NINJA Nutrition API
[2026-01-08 18:28:37] INFO [recipes.services.macro_analysis.api_ninja:339] API Ninja availability check - Available: True, Status code: 200
[2026-01-08 18:28:37] INFO [recipes.services.macro_analysis.base:308] Macro analysis request - Service: ApiNinjaMacroAnalyzer, Food name: Grits 'n Greens
Ingredients:
3 Tbsp quick cooking grits ($0.04)
1/2 Tbsp butter ($0.03)
1/2 cup collard greens ($0.42)
1 large egg ($0.12)
to taste salt and pepper ($0.05), Quantity: 0, Analysis type: recipe
[2026-01-08 18:28:38] INFO [recipes.services.macro_analysis.base:319] Macro analysis successful - Service: ApiNinjaMacroAnalyzer, Food name: Grits 'n Greens
Ingredients:
3 Tbsp quick cooking ..., Analysis type: recipe, Calories: 0.0, Confidence: 0.8
[2026-01-08 18:28:38] INFO [recipes.services.recipe_providers.utils.recipe_scrapers:102] Macro nutrients analysis result: MacroAnalysisResult(food_name="Grits 'n Greens\nIngredients:\n3 Tbsp quick cooking ...", status=<MacroAnalysisStatus.SUCCESS: 'success'>, analysis_type=<AnalysisType.RECIPE: 'recipe'>, macro_nutrients=MacroNutrients(calories=0.0, protein=0.0, carbohydrates=43.9, fat=12.700000000000001, fiber=12.5, sugar=0.8, sodium=28490.0, cholesterol=201.0, saturated_fat=5.4, monounsaturated_fat=None, polyunsaturated_fat=None), recipe_ingredients=[RecipeIngredientResult(name='grits', quantity=100.0, unit=None, macro_nutrients=MacroNutrients(calories=0.0, protein=0.0, carbohydrates=13.8, fat=0.4, fiber=0.7, sugar=0.1, sodium=2.0, cholesterol=0.0, saturated_fat=0.1, monounsaturated_fat=None, polyunsaturated_fat=None), confidence=0.8), RecipeIngredientResult(name='grits', quantity=42.525000000000006, unit=None, macro_nutrients=MacroNutrients(calories=0.0, protein=0.0, carbohydrates=5.9, fat=0.2, fiber=0.3, sugar=0.0, sodium=0.0, cholesterol=0.0, saturated_fat=0.0, monounsaturated_fat=None, polyunsaturated_fat=None), confidence=0.8), RecipeIngredientResult(name='butter', quantity=7.0875, unit=None, macro_nutrients=MacroNutrients(calories=0.0, protein=0.0, carbohydrates=0.0, fat=5.6, fiber=0.0, sugar=0.0, sodium=45.0, cholesterol=15.0, saturated_fat=3.6, monounsaturated_fat=None, polyunsaturated_fat=None), confidence=0.8), RecipeIngredientResult(name='collard greens', quantity=125.0, unit=None, macro_nutrients=MacroNutrients(calories=0.0, protein=0.0, carbohydrates=6.9, fat=0.9, fiber=4.9, sugar=0.5, sodium=18.0, cholesterol=0.0, saturated_fat=0.1, monounsaturated_fat=None, polyunsaturated_fat=None), confidence=0.8), RecipeIngredientResult(name='large egg', quantity=50.0, unit=None, macro_nutrients=MacroNutrients(calories=0.0, protein=0.0, carbohydrates=0.4, fat=4.7, fiber=0.0, sugar=0.2, sodium=72.0, cholesterol=186.0, saturated_fat=1.6, monounsaturated_fat=None, polyunsaturated_fat=None), confidence=0.8), RecipeIngredientResult(name='salt and pepper', quantity=100.0, unit=None, macro_nutrients=MacroNutrients(calories=0.0, protein=0.0, carbohydrates=16.9, fat=0.9, fiber=6.6, sugar=0.0, sodium=28353.0, cholesterol=0.0, saturated_fat=0.0, monounsaturated_fat=None, polyunsaturated_fat=None), confidence=0.8)], total_weight=424.6125, servings=1, additional_nutrients=None, source='API Ninja', confidence=0.8, error_message=None, raw_data=[{'name': 'grits', 'calories': 'Only available for premium subscribers.', 'serving_size_g': 100.0, 'fat_total_g': 0.4, 'fat_saturated_g': 0.1, 'protein_g': 'Only available for premium subscribers.', 'sodium_mg': 2, 'potassium_mg': 14, 'cholesterol_mg': 0, 'carbohydrates_total_g': 13.8, 'fiber_g': 0.7, 'sugar_g': 0.1}, {'name': 'grits', 'calories': 'Only available for premium subscribers.', 'serving_size_g': 42.525000000000006, 'fat_total_g': 0.2, 'fat_saturated_g': 0.0, 'protein_g': 'Only available for premium subscribers.', 'sodium_mg': 0, 'potassium_mg': 5, 'cholesterol_mg': 0, 'carbohydrates_total_g': 5.9, 'fiber_g': 0.3, 'sugar_g': 0.0}, {'name': 'butter', 'calories': 'Only available for premium subscribers.', 'serving_size_g': 7.0875, 'fat_total_g': 5.6, 'fat_saturated_g': 3.6, 'protein_g': 'Only available for premium subscribers.', 'sodium_mg': 45, 'potassium_mg': 1, 'cholesterol_mg': 15, 'carbohydrates_total_g': 0.0, 'fiber_g': 0.0, 'sugar_g': 0.0}, {'name': 'collard greens', 'calories': 'Only available for premium subscribers.', 'serving_size_g': 125.0, 'fat_total_g': 0.9, 'fat_saturated_g': 0.1, 'protein_g': 'Only available for premium subscribers.', 'sodium_mg': 18, 'potassium_mg': 39, 'cholesterol_mg': 0, 'carbohydrates_total_g': 6.9, 'fiber_g': 4.9, 'sugar_g': 0.5}, {'name': 'large egg', 'calories': 'Only available for premium subscribers.', 'serving_size_g': 50.0, 'fat_total_g': 4.7, 'fat_saturated_g': 1.6, 'protein_g': 'Only available for premium subscribers.', 'sodium_mg': 72, 'potassium_mg': 100, 'cholesterol_mg': 186, 'carbohydrates_total_g': 0.4, 'fiber_g': 0.0, 'sugar_g': 0.2}, {'name': 'salt and pepper', 'calories': 'Only available for premium subscribers.', 'serving_size_g': 100.0, 'fat_total_g': 0.9, 'fat_saturated_g': 0.0, 'protein_g': 'Only available for premium subscribers.', 'sodium_mg': 28353, 'potassium_mg': 44, 'cholesterol_mg': 0, 'carbohydrates_total_g': 16.9, 'fiber_g': 6.6, 'sugar_g': 0.0}])
[2026-01-08 18:28:38] INFO [recipes.services.recipe_providers.utils.recipe_scrapers:110] Macros supplemented via macro analysis service.
[2026-01-08 18:28:38] INFO [recipes.services.recipe_providers.budgetbytes.budgetbytes:355] Recipe data normalized successfully - Title: Grits 'n Greens, Ingredients: 5, Instructions: 3, Has structured ingredients: True
[2026-01-08 18:28:38] INFO [recipes.services.recipe_providers.budgetbytes.budgetbytes:75] Recipe scraped successfully from https://www.budgetbytes.com/grits-n-greens/ - Title: Grits 'n Greens (provider: BudgetBytes)
[2026-01-08 18:28:38] INFO [recipes.management.commands.budget_bytes_recipe_discovery:31] Recipe data: RecipeData(title="Grits 'n Greens", source_url='https://www.budgetbytes.com/grits-n-greens/', description='This super hearty breakfast starts with a bed of traditional grits, gets dressed up with some cooked collard greens and then is topped off with an egg.', ingredients=[IngredientData(name='quick cooking grits', quantity=3.0, unit='Tbsps', notes=None, original_text='3 Tbsp quick cooking grits ($0.04)'), IngredientData(name='butter', quantity=0.5, unit='Tbsps', notes=None, original_text='1/2 Tbsp butter ($0.03)'), IngredientData(name='collard greens', quantity=0.5, unit='cup', notes=None, original_text='1/2 cup collard greens ($0.42)'), IngredientData(name='egg', quantity=1.0, unit='', notes=None, original_text='1 large egg ($0.12)'), IngredientData(name='salt', quantity=None, unit=None, notes=None, original_text='to taste salt and pepper ($0.05)')], instructions=['Cook the grits according to the directions on the package (mix with 1 cup of water and microwave on high for 1.5 minutes – watch to make sure it doesn’t boil over). Season the grits with butter, salt and pepper.', 'In a small skillet, cook the egg leaving the yolk runny (if desired).', 'Warm a half cup of collard greens in the microwave. Spoon the greens over the grits then top with the egg. Dig in!'], prep_time=5, cook_time=10, servings=1, cuisine_type='American', difficulty_level=None, image_url='https://www.budgetbytes.com/wp-content/uploads/2010/08/Grits20n20Greens202.jpg', nutrition={'servingSize': '1 Serving', 'calories': '228 kcal', 'carbohydrateContent': '23.6 g', 'proteinContent': '9.3 g', 'fatContent': '11.2 g', 'fiberContent': '2 g', 'sodiumContent': '944 mg'}, macros=MacroNutrition(calories=228.0, protein=9.3, carbohydrates=23.6, fat=11.2, fiber=2.0, sugar=0.8, sodium=944.0, saturated_fat=5.4, cholesterol=201.0, monounsaturated_fat=None, polyunsaturated_fat=None), tags=['Breakfast,Brunch', 'American'], dietary_restrictions=[], author='Beth Moncel', rating=None, provider=None)
[2026-01-08 18:28:38] ERROR [recipes.services.recipe_storage:246] Failed to generate embedding for recipe 'Grits 'n Greens': The truth value of an array with more than one element is ambiguous. Use a.any() or a.all()
[2026-01-08 18:28:38] INFO [recipes.management.commands.budget_bytes_recipe_discovery:45] Recipe stored: Grits 'n Greens (dbfae4eb-4273-49f9-bebd-22368bc68e1e)
[2026-01-08 18:28:38] INFO [recipes.management.commands.budget_bytes_recipe_discovery:28] Discovered recipe URL: https://www.budgetbytes.com/cranberry-walnut-bread/
[2026-01-08 18:28:38] INFO [recipes.services.recipe_providers.budgetbytes.budgetbytes:70] Starting recipe scrape from URL: https://www.budgetbytes.com/cranberry-walnut-bread/
[2026-01-08 18:28:41] ERROR [recipes.utils:73] Failed to extract data from method dietary_restrictions with default value None and error recipe-scrapers (15.8.0) exception: No dietary restrictions data in SchemaOrg.
[2026-01-08 18:28:41] INFO [recipes.services.macro_analysis.api_ninja:36] Initializing API NINJA Nutrition API
[2026-01-08 18:28:42] INFO [recipes.services.macro_analysis.api_ninja:339] API Ninja availability check - Available: True, Status code: 200
[2026-01-08 18:28:42] INFO [recipes.services.macro_analysis.base:308] Macro analysis request - Service: ApiNinjaMacroAnalyzer, Food name: Cranberry Walnut Bread
Ingredients:
1 cup whole wheat flour ($0.16)
2 1/4 cups bread flour ($0.33)
1 1/4 tsp salt ($0.05)
3/4 Tbsp instant yeast ($0.20)
1/4 cup chopped walnuts ($0.42)
1/4 cup dried cranberries ($0.30)
1 1/4 cups water ($0.00)
2 Tbsp cornmeal ($0.03), Quantity: 0, Analysis type: recipe
[2026-01-08 18:28:42] INFO [recipes.services.macro_analysis.base:319] Macro analysis successful - Service: ApiNinjaMacroAnalyzer, Food name: Cranberry Walnut Bread
Ingredients:
1 cup whole wh..., Analysis type: recipe, Calories: 0.0, Confidence: 0.8
[2026-01-08 18:28:42] INFO [recipes.services.recipe_providers.utils.recipe_scrapers:102] Macro nutrients analysis result: MacroAnalysisResult(food_name='Cranberry Walnut Bread\nIngredients:\n1 cup whole wh...', status=<MacroAnalysisStatus.SUCCESS: 'success'>, analysis_type=<AnalysisType.RECIPE: 'recipe'>, macro_nutrients=MacroNutrients(calories=0.0, protein=0.0, carbohydrates=707.3000000000001, fat=124.00000000000001, fiber=63.4, sugar=57.2, sodium=2778.0, cholesterol=None, saturated_fat=12.399999999999999, monounsaturated_fat=None, polyunsaturated_fat=None), recipe_ingredients=[RecipeIngredientResult(name='cranberry', quantity=100.0, unit=None, macro_nutrients=MacroNutrients(calories=0.0, protein=0.0, carbohydrates=12.2, fat=0.1, fiber=3.6, sugar=4.3, sodium=1.0, cholesterol=0.0, saturated_fat=0.0, monounsaturated_fat=None, polyunsaturated_fat=None), confidence=0.8), RecipeIngredientResult(name='walnut', quantity=100.0, unit=None, macro_nutrients=MacroNutrients(calories=0.0, protein=0.0, carbohydrates=13.8, fat=65.0, fiber=6.9, sugar=2.5, sodium=1.0, cholesterol=0.0, saturated_fat=5.9, monounsaturated_fat=None, polyunsaturated_fat=None), confidence=0.8), RecipeIngredientResult(name='whole wheat flour', quantity=250.0, unit=None, macro_nutrients=MacroNutrients(calories=0.0, protein=0.0, carbohydrates=178.8, fat=6.4, fiber=27.2, sugar=1.0, sodium=5.0, cholesterol=0.0, saturated_fat=1.1, monounsaturated_fat=None, polyunsaturated_fat=None), confidence=0.8), RecipeIngredientResult(name='bread flour', quantity=562.5, unit=None, macro_nutrients=MacroNutrients(calories=0.0, protein=0.0, carbohydrates=415.7, fat=9.4, fiber=13.3, sugar=1.7, sodium=11.0, cholesterol=0.0, saturated_fat=1.3, monounsaturated_fat=None, polyunsaturated_fat=None), confidence=0.8), RecipeIngredientResult(name='salt', quantity=7.112500000000001, unit=None, macro_nutrients=MacroNutrients(calories=0.0, protein=0.0, carbohydrates=0.0, fat=0.0, fiber=0.0, sugar=0.0, sodium=2730.0, cholesterol=0.0, saturated_fat=0.0, monounsaturated_fat=None, polyunsaturated_fat=None), confidence=0.8), RecipeIngredientResult(name='yeast', quantity=10.631250000000001, unit=None, macro_nutrients=MacroNutrients(calories=0.0, protein=0.0, carbohydrates=4.5, fat=0.8, fiber=2.8, sugar=0.0, sodium=5.0, cholesterol=0.0, saturated_fat=0.1, monounsaturated_fat=None, polyunsaturated_fat=None), confidence=0.8), RecipeIngredientResult(name='chopped walnuts', quantity=62.5, unit=None, macro_nutrients=MacroNutrients(calories=0.0, protein=0.0, carbohydrates=8.6, fat=40.6, fiber=4.2, sugar=1.7, sodium=1.0, cholesterol=0.0, saturated_fat=3.8, monounsaturated_fat=None, polyunsaturated_fat=None), confidence=0.8), RecipeIngredientResult(name='dried cranberries', quantity=62.5, unit=None, macro_nutrients=MacroNutrients(calories=0.0, protein=0.0, carbohydrates=52.1, fat=0.7, fiber=3.3, sugar=45.8, sodium=3.0, cholesterol=0.0, saturated_fat=0.1, monounsaturated_fat=None, polyunsaturated_fat=None), confidence=0.8), RecipeIngredientResult(name='water', quantity=312.5, unit=None, macro_nutrients=MacroNutrients(calories=0.0, protein=0.0, carbohydrates=0.0, fat=0.0, fiber=0.0, sugar=0.0, sodium=12.0, cholesterol=0.0, saturated_fat=0.0, monounsaturated_fat=None, polyunsaturated_fat=None), confidence=0.8), RecipeIngredientResult(name='cornmeal', quantity=28.35, unit=None, macro_nutrients=MacroNutrients(calories=0.0, protein=0.0, carbohydrates=21.6, fat=1.0, fiber=2.1, sugar=0.2, sodium=9.0, cholesterol=0.0, saturated_fat=0.1, monounsaturated_fat=None, polyunsaturated_fat=None), confidence=0.8)], total_weight=1496.0937499999998, servings=12, additional_nutrients=None, source='API Ninja', confidence=0.8, error_message=None, raw_data=[{'name': 'cranberry', 'calories': 'Only available for premium subscribers.', 'serving_size_g': 100.0, 'fat_total_g': 0.1, 'fat_saturated_g': 0.0, 'protein_g': 'Only available for premium subscribers.', 'sodium_mg': 1, 'potassium_mg': 10, 'cholesterol_mg': 0, 'carbohydrates_total_g': 12.2, 'fiber_g': 3.6, 'sugar_g': 4.3}, {'name': 'walnut', 'calories': 'Only available for premium subscribers.', 'serving_size_g': 100.0, 'fat_total_g': 65.0, 'fat_saturated_g': 5.9, 'protein_g': 'Only available for premium subscribers.', 'sodium_mg': 1, 'potassium_mg': 347, 'cholesterol_mg': 0, 'carbohydrates_total_g': 13.8, 'fiber_g': 6.9, 'sugar_g': 2.5}, {'name': 'whole wheat flour', 'calories': 'Only available for premium subscribers.', 'serving_size_g': 250.0, 'fat_total_g': 6.4, 'fat_saturated_g': 1.1, 'protein_g': 'Only available for premium subscribers.', 'sodium_mg': 5, 'potassium_mg': 906, 'cholesterol_mg': 0, 'carbohydrates_total_g': 178.8, 'fiber_g': 27.2, 'sugar_g': 1.0}, {'name': 'bread flour', 'calories': 'Only available for premium subscribers.', 'serving_size_g': 562.5, 'fat_total_g': 9.4, 'fat_saturated_g': 1.3, 'protein_g': 'Only available for premium subscribers.', 'sodium_mg': 11, 'potassium_mg': 542, 'cholesterol_mg': 0, 'carbohydrates_total_g': 415.7, 'fiber_g': 13.3, 'sugar_g': 1.7}, {'name': 'salt', 'calories': 'Only available for premium subscribers.', 'serving_size_g': 7.112500000000001, 'fat_total_g': 0.0, 'fat_saturated_g': 0.0, 'protein_g': 'Only available for premium subscribers.', 'sodium_mg': 2730, 'potassium_mg': 0, 'cholesterol_mg': 0, 'carbohydrates_total_g': 0.0, 'fiber_g': 0.0, 'sugar_g': 0.0}, {'name': 'yeast', 'calories': 'Only available for premium subscribers.', 'serving_size_g': 10.631250000000001, 'fat_total_g': 0.8, 'fat_saturated_g': 0.1, 'protein_g': 'Only available for premium subscribers.', 'sodium_mg': 5, 'potassium_mg': 67, 'cholesterol_mg': 0, 'carbohydrates_total_g': 4.5, 'fiber_g': 2.8, 'sugar_g': 0.0}, {'name': 'chopped walnuts', 'calories': 'Only available for premium subscribers.', 'serving_size_g': 62.5, 'fat_total_g': 40.6, 'fat_saturated_g': 3.8, 'protein_g': 'Only available for premium subscribers.', 'sodium_mg': 1, 'potassium_mg': 216, 'cholesterol_mg': 0, 'carbohydrates_total_g': 8.6, 'fiber_g': 4.2, 'sugar_g': 1.7}, {'name': 'dried cranberries', 'calories': 'Only available for premium subscribers.', 'serving_size_g': 62.5, 'fat_total_g': 0.7, 'fat_saturated_g': 0.1, 'protein_g': 'Only available for premium subscribers.', 'sodium_mg': 3, 'potassium_mg': 5, 'cholesterol_mg': 0, 'carbohydrates_total_g': 52.1, 'fiber_g': 3.3, 'sugar_g': 45.8}, {'name': 'water', 'calories': 'Only available for premium subscribers.', 'serving_size_g': 312.5, 'fat_total_g': 0.0, 'fat_saturated_g': 0.0, 'protein_g': 'Only available for premium subscribers.', 'sodium_mg': 12, 'potassium_mg': 0, 'cholesterol_mg': 0, 'carbohydrates_total_g': 0.0, 'fiber_g': 0.0, 'sugar_g': 0.0}, {'name': 'cornmeal', 'calories': 'Only available for premium subscribers.', 'serving_size_g': 28.35, 'fat_total_g': 1.0, 'fat_saturated_g': 0.1, 'protein_g': 'Only available for premium subscribers.', 'sodium_mg': 9, 'potassium_mg': 67, 'cholesterol_mg': 0, 'carbohydrates_total_g': 21.6, 'fiber_g': 2.1, 'sugar_g': 0.2}])
[2026-01-08 18:28:42] INFO [recipes.services.recipe_providers.utils.recipe_scrapers:110] Macros supplemented via macro analysis service.
[2026-01-08 18:28:42] INFO [recipes.services.recipe_providers.budgetbytes.budgetbytes:355] Recipe data normalized successfully - Title: Cranberry Walnut Bread, Ingredients: 8, Instructions: 4, Has structured ingredients: True
[2026-01-08 18:28:42] INFO [recipes.services.recipe_providers.budgetbytes.budgetbytes:75] Recipe scraped successfully from https://www.budgetbytes.com/cranberry-walnut-bread/ - Title: Cranberry Walnut Bread (provider: BudgetBytes)
[2026-01-08 18:28:42] INFO [recipes.management.commands.budget_bytes_recipe_discovery:31] Recipe data: RecipeData(title='Cranberry Walnut Bread', source_url='https://www.budgetbytes.com/cranberry-walnut-bread/', description='This super easy cranberry walnut bread requites no kneading and bakes up to a nice chewy interior and perfectly crispy crust.', ingredients=[IngredientData(name='whole wheat flour', quantity=1.0, unit='cup', notes=None, original_text='1 cup whole wheat flour ($0.16)'), IngredientData(name='bread flour', quantity=2.25, unit='cup', notes=None, original_text='2 1/4 cups bread flour ($0.33)'), IngredientData(name='salt', quantity=1.25, unit='teaspoon', notes=None, original_text='1 1/4 tsp salt ($0.05)'), IngredientData(name='instant yeast', quantity=0.75, unit='Tbsps', notes=None, original_text='3/4 Tbsp instant yeast ($0.20)'), IngredientData(name='walnuts', quantity=0.25, unit='cup', notes='chopped', original_text='1/4 cup chopped walnuts ($0.42)'), IngredientData(name='dried cranberries', quantity=0.25, unit='cup', notes=None, original_text='1/4 cup dried cranberries ($0.30)'), IngredientData(name='water', quantity=1.25, unit='cup', notes=None, original_text='1 1/4 cups water ($0.00)'), IngredientData(name='cornmeal', quantity=2.0, unit='Tbsps', notes=None, original_text='2 Tbsp cornmeal ($0.03)')], instructions=['In a large bowl or pot, combine the dry ingredients (flours, salt, yeast, cranberries and walnuts. Cornmeal not included). Add the water and stir until a shaggy ball forms.', 'Let the dough sit at room temperature with a loose cover (I use the lid to the pot, slightly cocked so gasses can escape) for two hours. After two hours turn the dough out onto a floured surface and give it 3 or four turns (or kneads) just to make a coherent, smooth ball. Cut into two or leave as one large piece of dough. Shape into a round ball.', 'Place the shaped dough onto a baking sheet covered with parchment paper and sprinkled with cornmeal. Let rise for at least one hour or until double in size. At the end of the rise, preheat the oven to 450 degrees.', 'Using a sharp knife or a serrated bread knife, gently make a few slits across the top of the dough. Brush or spritz the dough with water and bake for about 30 minutes or until the crust is a deep golden brown. Remove from the oven and cool on a wire rack.'], prep_time=190, cook_time=30, servings=12, cuisine_type='American', difficulty_level=None, image_url='https://www.budgetbytes.com/wp-content/uploads/2010/12/720baked.jpg', nutrition={'servingSize': '1 Serving', 'calories': '161.92 kcal', 'carbohydrateContent': '30.55 g', 'proteinContent': '5.21 g', 'fatContent': '2.43 g', 'fiberContent': '2.29 g', 'sodiumContent': '247.27 mg'}, macros=MacroNutrition(calories=161.92, protein=5.21, carbohydrates=30.55, fat=2.43, fiber=2.29, sugar=57.2, sodium=247.27, saturated_fat=12.399999999999999, cholesterol=None, monounsaturated_fat=None, polyunsaturated_fat=None), tags=['Bread,Dinner,Lunch', 'American'], dietary_restrictions=[], author='Beth Moncel', rating=4.64, provider=None)
[2026-01-08 18:28:42] WARNING [recipes.services.recipe_storage:191] Skipping macro nutrition upsert because required macro values are missing.
[2026-01-08 18:28:43] ERROR [recipes.services.recipe_storage:246] Failed to generate embedding for recipe 'Cranberry Walnut Bread': The truth value of an array with more than one element is ambiguous. Use a.any() or a.all()
[2026-01-08 18:28:43] INFO [recipes.management.commands.budget_bytes_recipe_discovery:45] Recipe stored: Cranberry Walnut Bread (7305eb92-d03f-4303-9959-1bef5255731f)
[2026-01-08 18:28:43] INFO [recipes.management.commands.budget_bytes_recipe_discovery:28] Discovered recipe URL: https://www.budgetbytes.com/flour-tortillas/
[2026-01-08 18:28:43] INFO [recipes.services.recipe_providers.budgetbytes.budgetbytes:70] Starting recipe scrape from URL: https://www.budgetbytes.com/flour-tortillas/
[2026-01-08 18:28:46] ERROR [recipes.utils:73] Failed to extract data from method dietary_restrictions with default value None and error recipe-scrapers (15.8.0) exception: No dietary restrictions data in SchemaOrg.
[2026-01-08 18:28:46] INFO [recipes.services.macro_analysis.api_ninja:36] Initializing API NINJA Nutrition API
[2026-01-08 18:28:47] INFO [recipes.services.macro_analysis.api_ninja:339] API Ninja availability check - Available: True, Status code: 200
[2026-01-08 18:28:47] INFO [recipes.services.macro_analysis.base:308] Macro analysis request - Service: ApiNinjaMacroAnalyzer, Food name: Flour Tortillas
Ingredients:
3/4 cup whole wheat flour ($0.12)
2 cups all-purpose flour ($0.29)
5 Tbsp lard ($0.22)
3/4 tsp salt ($0.05)
3/4 cup warm water ($0.00), Quantity: 0, Analysis type: recipe
[2026-01-08 18:28:48] INFO [recipes.services.macro_analysis.base:319] Macro analysis successful - Service: ApiNinjaMacroAnalyzer, Food name: Flour Tortillas
Ingredients:
3/4 cup whole wheat f..., Analysis type: recipe, Calories: 0.0, Confidence: 0.8
[2026-01-08 18:28:48] INFO [recipes.services.recipe_providers.utils.recipe_scrapers:102] Macro nutrients analysis result: MacroAnalysisResult(food_name='Flour Tortillas\nIngredients:\n3/4 cup whole wheat f...', status=<MacroAnalysisStatus.SUCCESS: 'success'>, analysis_type=<AnalysisType.RECIPE: 'recipe'>, macro_nutrients=MacroNutrients(calories=0.0, protein=0.0, carbohydrates=595.9, fat=82.3, fiber=36.5, sugar=2.5, sodium=1660.0, cholesterol=68.0, saturated_fat=29.6, monounsaturated_fat=None, polyunsaturated_fat=None), recipe_ingredients=[RecipeIngredientResult(name='flour', quantity=100.0, unit=None, macro_nutrients=MacroNutrients(calories=0.0, protein=0.0, carbohydrates=77.0, fat=1.0, fiber=2.7, sugar=0.3, sodium=2.0, cholesterol=0.0, saturated_fat=0.2, monounsaturated_fat=None, polyunsaturated_fat=None), confidence=0.8), RecipeIngredientResult(name='whole wheat flour', quantity=187.5, unit=None, macro_nutrients=MacroNutrients(calories=0.0, protein=0.0, carbohydrates=134.1, fat=4.8, fiber=20.4, sugar=0.8, sodium=3.0, cholesterol=0.0, saturated_fat=0.8, monounsaturated_fat=None, polyunsaturated_fat=None), confidence=0.8), RecipeIngredientResult(name='flour', quantity=500.0, unit=None, macro_nutrients=MacroNutrients(calories=0.0, protein=0.0, carbohydrates=384.8, fat=5.0, fiber=13.4, sugar=1.4, sodium=10.0, cholesterol=0.0, saturated_fat=0.8, monounsaturated_fat=None, polyunsaturated_fat=None), confidence=0.8), RecipeIngredientResult(name='lard', quantity=70.875, unit=None, macro_nutrients=MacroNutrients(calories=0.0, protein=0.0, carbohydrates=0.0, fat=71.5, fiber=0.0, sugar=0.0, sodium=0.0, cholesterol=68.0, saturated_fat=27.8, monounsaturated_fat=None, polyunsaturated_fat=None), confidence=0.8), RecipeIngredientResult(name='salt', quantity=4.2675, unit=None, macro_nutrients=MacroNutrients(calories=0.0, protein=0.0, carbohydrates=0.0, fat=0.0, fiber=0.0, sugar=0.0, sodium=1638.0, cholesterol=0.0, saturated_fat=0.0, monounsaturated_fat=None, polyunsaturated_fat=None), confidence=0.8), RecipeIngredientResult(name='water', quantity=187.5, unit=None, macro_nutrients=MacroNutrients(calories=0.0, protein=0.0, carbohydrates=0.0, fat=0.0, fiber=0.0, sugar=0.0, sodium=7.0, cholesterol=0.0, saturated_fat=0.0, monounsaturated_fat=None, polyunsaturated_fat=None), confidence=0.8)], total_weight=1050.1425, servings=8, additional_nutrients=None, source='API Ninja', confidence=0.8, error_message=None, raw_data=[{'name': 'flour', 'calories': 'Only available for premium subscribers.', 'serving_size_g': 100.0, 'fat_total_g': 1.0, 'fat_saturated_g': 0.2, 'protein_g': 'Only available for premium subscribers.', 'sodium_mg': 2, 'potassium_mg': 106, 'cholesterol_mg': 0, 'carbohydrates_total_g': 77.0, 'fiber_g': 2.7, 'sugar_g': 0.3}, {'name': 'whole wheat flour', 'calories': 'Only available for premium subscribers.', 'serving_size_g': 187.5, 'fat_total_g': 4.8, 'fat_saturated_g': 0.8, 'protein_g': 'Only available for premium subscribers.', 'sodium_mg': 3, 'potassium_mg': 680, 'cholesterol_mg': 0, 'carbohydrates_total_g': 134.1, 'fiber_g': 20.4, 'sugar_g': 0.8}, {'name': 'flour', 'calories': 'Only available for premium subscribers.', 'serving_size_g': 500.0, 'fat_total_g': 5.0, 'fat_saturated_g': 0.8, 'protein_g': 'Only available for premium subscribers.', 'sodium_mg': 10, 'potassium_mg': 532, 'cholesterol_mg': 0, 'carbohydrates_total_g': 384.8, 'fiber_g': 13.4, 'sugar_g': 1.4}, {'name': 'lard', 'calories': 'Only available for premium subscribers.', 'serving_size_g': 70.875, 'fat_total_g': 71.5, 'fat_saturated_g': 27.8, 'protein_g': 'Only available for premium subscribers.', 'sodium_mg': 0, 'potassium_mg': 0, 'cholesterol_mg': 68, 'carbohydrates_total_g': 0.0, 'fiber_g': 0.0, 'sugar_g': 0.0}, {'name': 'salt', 'calories': 'Only available for premium subscribers.', 'serving_size_g': 4.2675, 'fat_total_g': 0.0, 'fat_saturated_g': 0.0, 'protein_g': 'Only available for premium subscribers.', 'sodium_mg': 1638, 'potassium_mg': 0, 'cholesterol_mg': 0, 'carbohydrates_total_g': 0.0, 'fiber_g': 0.0, 'sugar_g': 0.0}, {'name': 'water', 'calories': 'Only available for premium subscribers.', 'serving_size_g': 187.5, 'fat_total_g': 0.0, 'fat_saturated_g': 0.0, 'protein_g': 'Only available for premium subscribers.', 'sodium_mg': 7, 'potassium_mg': 0, 'cholesterol_mg': 0, 'carbohydrates_total_g': 0.0, 'fiber_g': 0.0, 'sugar_g': 0.0}])
[2026-01-08 18:28:48] INFO [recipes.services.recipe_providers.utils.recipe_scrapers:110] Macros supplemented via macro analysis service.
[2026-01-08 18:28:48] INFO [recipes.services.recipe_providers.budgetbytes.budgetbytes:355] Recipe data normalized successfully - Title: Flour Tortillas, Ingredients: 5, Instructions: 6, Has structured ingredients: True
[2026-01-08 18:28:48] INFO [recipes.services.recipe_providers.budgetbytes.budgetbytes:75] Recipe scraped successfully from https://www.budgetbytes.com/flour-tortillas/ - Title: Flour Tortillas (provider: BudgetBytes)
[2026-01-08 18:28:48] INFO [recipes.management.commands.budget_bytes_recipe_discovery:31] Recipe data: RecipeData(title='Flour Tortillas', source_url='https://www.budgetbytes.com/flour-tortillas/', description='Classic flour tortillas are easy to make and require just a few ingredients.', ingredients=[IngredientData(name='whole wheat flour', quantity=0.75, unit='cup', notes=None, original_text='3/4 cup whole wheat flour ($0.12)'), IngredientData(name='all-purpose flour', quantity=2.0, unit='cup', notes=None, original_text='2 cups all-purpose flour ($0.29)'), IngredientData(name='lard', quantity=5.0, unit='Tbsps', notes=None, original_text='5 Tbsp lard ($0.22)'), IngredientData(name='salt', quantity=0.75, unit='teaspoon', notes=None, original_text='3/4 tsp salt ($0.05)'), IngredientData(name='warm water', quantity=0.75, unit='cup', notes=None, original_text='3/4 cup warm water ($0.00)')], instructions=['Combine the flours in a large bowl and stir until evenly mixed. Add the lard and work it in with your hands until the flour is coated in lard you have an even, crumbly mixture (looks like coarse sand).', 'Dissolve the salt into the warm water. Add the salt water to the flour/lard a little at a time until a cohesive ball has formed. You may need more or less water depending on the moisture content of your flour.', 'Once you have a rough ball of dough, turn it out onto a lightly floured surface and knead it for a minute or two or just until everything is evenly mixed. The dough will be fairly stiff and quite unlike regular bread dough so don’t worry if it is difficult to knead.', 'Divid the dough into 8 pieces (for large tortillas) or 12 (for smaller, 6-inch tortillas). Do your best to shape them into balls and let them sit for 30 minutes, covered with a damp towel.', 'After the dough has rested it will be much softer and easier to roll out. Roll each ball into a very thin circle (about the thickness of poster board). You can pile the rolled tortillas, one on top of the other until you are finished rolling.', 'Heat a heavy bottomed skillet over a medium flame. Once the pan is fully preheated, place one tortilla in at a time. Wait for it to bubble up and turn slightly golden then flip and cook the second side in the same manner (about 30 seconds each side). As each tortilla comes out of the skillet, pile them on a plate and cover with a damp cloth to keep soft and warm.'], prep_time=15, cook_time=30, servings=8, cuisine_type='Southwest', difficulty_level=None, image_url='https://www.budgetbytes.com/wp-content/uploads/2011/01/Tortillas20lard.jpg', nutrition={'servingSize': '1 Serving', 'calories': '223.88 kcal', 'carbohydrateContent': '31.95 g', 'proteinContent': '4.71 g', 'fatContent': '8.59 g', 'fiberContent': '2.05 g', 'sodiumContent': '222.1 mg'}, macros=MacroNutrition(calories=223.88, protein=4.71, carbohydrates=31.95, fat=8.59, fiber=2.05, sugar=2.5, sodium=222.1, saturated_fat=29.6, cholesterol=68.0, monounsaturated_fat=None, polyunsaturated_fat=None), tags=['Bread,Dinner,Lunch', 'Southwest'], dietary_restrictions=[], author='Beth Moncel', rating=5.0, provider=None)
[2026-01-08 18:28:48] ERROR [recipes.services.recipe_storage:246] Failed to generate embedding for recipe 'Flour Tortillas': The truth value of an array with more than one element is ambiguous. Use a.any() or a.all()
[2026-01-08 18:28:48] INFO [recipes.management.commands.budget_bytes_recipe_discovery:45] Recipe stored: Flour Tortillas (13694c75-c42e-4ad9-b8a7-a28bee3bacc6)
[2026-01-08 18:28:48] INFO [recipes.management.commands.budget_bytes_recipe_discovery:28] Discovered recipe URL: https://www.budgetbytes.com/sriracha-hummus/
[2026-01-08 18:28:48] INFO [recipes.services.recipe_providers.budgetbytes.budgetbytes:70] Starting recipe scrape from URL: https://www.budgetbytes.com/sriracha-hummus/
[2026-01-08 18:28:52] ERROR [recipes.utils:73] Failed to extract data from method cook_time with default value None and error recipe-scrapers (15.8.0) exception: Cooktime information not found in SchemaOrg
[2026-01-08 18:28:52] ERROR [recipes.utils:73] Failed to extract data from method cuisine with default value None and error recipe-scrapers (15.8.0) exception: No cuisine data in SchemaOrg.
[2026-01-08 18:28:52] ERROR [recipes.utils:73] Failed to extract data from method cuisine with default value None and error recipe-scrapers (15.8.0) exception: No cuisine data in SchemaOrg.
[2026-01-08 18:28:52] ERROR [recipes.utils:73] Failed to extract data from method dietary_restrictions with default value None and error recipe-scrapers (15.8.0) exception: No dietary restrictions data in SchemaOrg.
[2026-01-08 18:28:52] INFO [recipes.services.macro_analysis.api_ninja:36] Initializing API NINJA Nutrition API
[2026-01-08 18:28:53] INFO [recipes.services.macro_analysis.api_ninja:339] API Ninja availability check - Available: True, Status code: 200
[2026-01-08 18:28:53] INFO [recipes.services.macro_analysis.base:308] Macro analysis request - Service: ApiNinjaMacroAnalyzer, Food name: Sriracha Hummus
Ingredients:
1 15oz. can chickpeas ($1.29)
2 Tbsp olive oil ($0.28)
1/4 cup lemon juice ($0.22)
1/4 cup tahini ($0.81)
1 clove garlic ($0.08)
1/2 tsp salt ($0.02)
1/8 tsp ground cumin ($0.02)
2 Tbsp Sriracha ($0.24), Quantity: 0, Analysis type: recipe
[2026-01-08 18:28:54] INFO [recipes.services.macro_analysis.base:319] Macro analysis successful - Service: ApiNinjaMacroAnalyzer, Food name: Sriracha Hummus
Ingredients:
1 15oz. can chickpeas..., Analysis type: recipe, Calories: 0.0, Confidence: 0.8
[2026-01-08 18:28:54] INFO [recipes.services.recipe_providers.utils.recipe_scrapers:102] Macro nutrients analysis result: MacroAnalysisResult(food_name='Sriracha Hummus\nIngredients:\n1 15oz. can chickpeas...', status=<MacroAnalysisStatus.SUCCESS: 'success'>, analysis_type=<AnalysisType.RECIPE: 'recipe'>, macro_nutrients=MacroNutrients(calories=0.0, protein=0.0, carbohydrates=88.6, fat=68.0, fiber=18.800000000000004, sugar=28.2, sodium=4218.0, cholesterol=None, saturated_fat=9.0, monounsaturated_fat=None, polyunsaturated_fat=None), recipe_ingredients=[RecipeIngredientResult(name='sriracha', quantity=100.0, unit=None, macro_nutrients=MacroNutrients(calories=0.0, protein=0.0, carbohydrates=19.4, fat=0.9, fiber=2.2, sugar=15.1, sodium=2103.0, cholesterol=0.0, saturated_fat=0.0, monounsaturated_fat=None, polyunsaturated_fat=None), confidence=0.8), RecipeIngredientResult(name='chickpeas', quantity=164.0, unit=None, macro_nutrients=MacroNutrients(calories=0.0, protein=0.0, carbohydrates=45.7, fat=4.2, fiber=12.3, sugar=7.8, sodium=390.0, cholesterol=0.0, saturated_fat=0.4, monounsaturated_fat=None, polyunsaturated_fat=None), confidence=0.8), RecipeIngredientResult(name='olive oil', quantity=28.35, unit=None, macro_nutrients=MacroNutrients(calories=0.0, protein=0.0, carbohydrates=0.0, fat=28.7, fiber=0.0, sugar=0.0, sodium=0.0, cholesterol=0.0, saturated_fat=3.9, monounsaturated_fat=None, polyunsaturated_fat=None), confidence=0.8), RecipeIngredientResult(name='lemon juice', quantity=62.5, unit=None, macro_nutrients=MacroNutrients(calories=0.0, protein=0.0, carbohydrates=3.4, fat=0.0, fiber=0.5, sugar=1.0, sodium=14.0, cholesterol=0.0, saturated_fat=0.0, monounsaturated_fat=None, polyunsaturated_fat=None), confidence=0.8), RecipeIngredientResult(name='tahini', quantity=62.5, unit=None, macro_nutrients=MacroNutrients(calories=0.0, protein=0.0, carbohydrates=13.3, fat=33.7, fiber=3.0, sugar=0.0, sodium=22.0, cholesterol=0.0, saturated_fat=4.7, monounsaturated_fat=None, polyunsaturated_fat=None), confidence=0.8), RecipeIngredientResult(name='clove garlic', quantity=3.0, unit=None, macro_nutrients=MacroNutrients(calories=0.0, protein=0.0, carbohydrates=1.0, fat=0.0, fiber=0.1, sugar=0.0, sodium=0.0, cholesterol=0.0, saturated_fat=0.0, monounsaturated_fat=None, polyunsaturated_fat=None), confidence=0.8), RecipeIngredientResult(name='salt', quantity=2.845, unit=None, macro_nutrients=MacroNutrients(calories=0.0, protein=0.0, carbohydrates=0.0, fat=0.0, fiber=0.0, sugar=0.0, sodium=1092.0, cholesterol=0.0, saturated_fat=0.0, monounsaturated_fat=None, polyunsaturated_fat=None), confidence=0.8), RecipeIngredientResult(name='ground cumin', quantity=0.71125, unit=None, macro_nutrients=MacroNutrients(calories=0.0, protein=0.0, carbohydrates=0.3, fat=0.2, fiber=0.1, sugar=0.0, sodium=1.0, cholesterol=0.0, saturated_fat=0.0, monounsaturated_fat=None, polyunsaturated_fat=None), confidence=0.8), RecipeIngredientResult(name='sriracha', quantity=28.35, unit=None, macro_nutrients=MacroNutrients(calories=0.0, protein=0.0, carbohydrates=5.5, fat=0.3, fiber=0.6, sugar=4.3, sodium=596.0, cholesterol=0.0, saturated_fat=0.0, monounsaturated_fat=None, polyunsaturated_fat=None), confidence=0.8)], total_weight=452.2562500000001, servings=5, additional_nutrients=None, source='API Ninja', confidence=0.8, error_message=None, raw_data=[{'name': 'sriracha', 'calories': 'Only available for premium subscribers.', 'serving_size_g': 100.0, 'fat_total_g': 0.9, 'fat_saturated_g': 0.0, 'protein_g': 'Only available for premium subscribers.', 'sodium_mg': 2103, 'potassium_mg': 45, 'cholesterol_mg': 0, 'carbohydrates_total_g': 19.4, 'fiber_g': 2.2, 'sugar_g': 15.1}, {'name': 'chickpeas', 'calories': 'Only available for premium subscribers.', 'serving_size_g': 164.0, 'fat_total_g': 4.2, 'fat_saturated_g': 0.4, 'protein_g': 'Only available for premium subscribers.', 'sodium_mg': 390, 'potassium_mg': 274, 'cholesterol_mg': 0, 'carbohydrates_total_g': 45.7, 'fiber_g': 12.3, 'sugar_g': 7.8}, {'name': 'olive oil', 'calories': 'Only available for premium subscribers.', 'serving_size_g': 28.35, 'fat_total_g': 28.7, 'fat_saturated_g': 3.9, 'protein_g': 'Only available for premium subscribers.', 'sodium_mg': 0, 'potassium_mg': 0, 'cholesterol_mg': 0, 'carbohydrates_total_g': 0.0, 'fiber_g': 0.0, 'sugar_g': 0.0}, {'name': 'lemon juice', 'calories': 'Only available for premium subscribers.', 'serving_size_g': 62.5, 'fat_total_g': 0.0, 'fat_saturated_g': 0.0, 'protein_g': 'Only available for premium subscribers.', 'sodium_mg': 14, 'potassium_mg': 5, 'cholesterol_mg': 0, 'carbohydrates_total_g': 3.4, 'fiber_g': 0.5, 'sugar_g': 1.0}, {'name': 'tahini', 'calories': 'Only available for premium subscribers.', 'serving_size_g': 62.5, 'fat_total_g': 33.7, 'fat_saturated_g': 4.7, 'protein_g': 'Only available for premium subscribers.', 'sodium_mg': 22, 'potassium_mg': 493, 'cholesterol_mg': 0, 'carbohydrates_total_g': 13.3, 'fiber_g': 3.0, 'sugar_g': 0.0}, {'name': 'clove garlic', 'calories': 'Only available for premium subscribers.', 'serving_size_g': 3.0, 'fat_total_g': 0.0, 'fat_saturated_g': 0.0, 'protein_g': 'Only available for premium subscribers.', 'sodium_mg': 0, 'potassium_mg': 4, 'cholesterol_mg': 0, 'carbohydrates_total_g': 1.0, 'fiber_g': 0.1, 'sugar_g': 0.0}, {'name': 'salt', 'calories': 'Only available for premium subscribers.', 'serving_size_g': 2.845, 'fat_total_g': 0.0, 'fat_saturated_g': 0.0, 'protein_g': 'Only available for premium subscribers.', 'sodium_mg': 1092, 'potassium_mg': 0, 'cholesterol_mg': 0, 'carbohydrates_total_g': 0.0, 'fiber_g': 0.0, 'sugar_g': 0.0}, {'name': 'ground cumin', 'calories': 'Only available for premium subscribers.', 'serving_size_g': 0.71125, 'fat_total_g': 0.2, 'fat_saturated_g': 0.0, 'protein_g': 'Only available for premium subscribers.', 'sodium_mg': 1, 'potassium_mg': 3, 'cholesterol_mg': 0, 'carbohydrates_total_g': 0.3, 'fiber_g': 0.1, 'sugar_g': 0.0}, {'name': 'sriracha', 'calories': 'Only available for premium subscribers.', 'serving_size_g': 28.35, 'fat_total_g': 0.3, 'fat_saturated_g': 0.0, 'protein_g': 'Only available for premium subscribers.', 'sodium_mg': 596, 'potassium_mg': 12, 'cholesterol_mg': 0, 'carbohydrates_total_g': 5.5, 'fiber_g': 0.6, 'sugar_g': 4.3}])
[2026-01-08 18:28:54] INFO [recipes.services.recipe_providers.utils.recipe_scrapers:110] Macros supplemented via macro analysis service.
[2026-01-08 18:28:54] INFO [recipes.services.recipe_providers.budgetbytes.budgetbytes:355] Recipe data normalized successfully - Title: Sriracha Hummus, Ingredients: 8, Instructions: 2, Has structured ingredients: True
[2026-01-08 18:28:54] INFO [recipes.services.recipe_providers.budgetbytes.budgetbytes:75] Recipe scraped successfully from https://www.budgetbytes.com/sriracha-hummus/ - Title: Sriracha Hummus (provider: BudgetBytes)
[2026-01-08 18:28:54] INFO [recipes.management.commands.budget_bytes_recipe_discovery:31] Recipe data: RecipeData(title='Sriracha Hummus', source_url='https://www.budgetbytes.com/sriracha-hummus/', description='Sriracha hummus is a fun, spicy twist on the creamy traditional chickpea dip.', ingredients=[IngredientData(name='chickpeas', quantity=1.0, unit='can', notes=None, original_text='1 15oz. can chickpeas ($1.29)'), IngredientData(name='olive oil', quantity=2.0, unit='Tbsps', notes=None, original_text='2 Tbsp olive oil ($0.28)'), IngredientData(name='lemon juice', quantity=0.25, unit='cup', notes=None, original_text='1/4 cup lemon juice ($0.22)'), IngredientData(name='tahini', quantity=0.25, unit='cup', notes=None, original_text='1/4 cup tahini ($0.81)'), IngredientData(name='garlic', quantity=1.0, unit='clove', notes=None, original_text='1 clove garlic ($0.08)'), IngredientData(name='salt', quantity=0.5, unit='teaspoon', notes=None, original_text='1/2 tsp salt ($0.02)'), IngredientData(name='ground cumin', quantity=0.125, unit='teaspoon', notes=None, original_text='1/8 tsp ground cumin ($0.02)'), IngredientData(name='Sriracha', quantity=2.0, unit='Tbsps', notes=None, original_text='2 Tbsp Sriracha ($0.24)')], instructions=['Drain the chickpeas and add to a food processor along with the olive oil, tahini, lemon juice, garlic (whole is fine), salt, and cumin. Process until smooth, adding water or more olive oil as needed. I usually add 1/4 – 1/2 cup water, but you can olive oil for a creamier hummus.', 'Start with 1 Tbsp of sriracha and add more to your liking. I like it hot so I added about 2 Tbsp.'], prep_time=10, cook_time=None, servings=5, cuisine_type=None, difficulty_level=None, image_url='https://www.budgetbytes.com/wp-content/uploads/2012/03/SrirachaHummusclose.jpg', nutrition={'servingSize': '1 Serving', 'calories': '254.08 kcal', 'carbohydrateContent': '24.16 g', 'proteinContent': '9.26 g', 'fatContent': '14.72 g', 'fiberContent': '7.56 g', 'sodiumContent': '693.72 mg'}, macros=MacroNutrition(calories=254.08, protein=9.26, carbohydrates=24.16, fat=14.72, fiber=7.56, sugar=28.2, sodium=693.72, saturated_fat=9.0, cholesterol=None, monounsaturated_fat=None, polyunsaturated_fat=None), tags=[], dietary_restrictions=[], author='Beth Moncel', rating=4.8, provider=None)
[2026-01-08 18:28:57] ERROR [recipes.services.recipe_storage:60] Failed to store recipe 'Sriracha Hummus': value too long for type character varying(50)

[2026-01-08 18:28:57] ERROR [recipes.management.commands.budget_bytes_recipe_discovery:49] Failed to store recipe data
[2026-01-08 18:28:57] INFO [recipes.management.commands.budget_bytes_recipe_discovery:28] Discovered recipe URL: https://www.budgetbytes.com/lentil-tacos/
[2026-01-08 18:28:57] INFO [recipes.services.recipe_providers.budgetbytes.budgetbytes:70] Starting recipe scrape from URL: https://www.budgetbytes.com/lentil-tacos/
[2026-01-08 18:29:02] ERROR [recipes.utils:73] Failed to extract data from method cuisine with default value None and error recipe-scrapers (15.8.0) exception: No cuisine data in SchemaOrg.
[2026-01-08 18:29:02] ERROR [recipes.utils:73] Failed to extract data from method cuisine with default value None and error recipe-scrapers (15.8.0) exception: No cuisine data in SchemaOrg.
[2026-01-08 18:29:02] ERROR [recipes.utils:73] Failed to extract data from method dietary_restrictions with default value None and error recipe-scrapers (15.8.0) exception: No dietary restrictions data in SchemaOrg.
[2026-01-08 18:29:02] INFO [recipes.services.macro_analysis.api_ninja:36] Initializing API NINJA Nutrition API
[2026-01-08 18:29:03] INFO [recipes.services.macro_analysis.api_ninja:339] API Ninja availability check - Available: True, Status code: 200
[2026-01-08 18:29:03] INFO [recipes.services.macro_analysis.base:308] Macro analysis request - Service: ApiNinjaMacroAnalyzer, Food name: Lentil Tacos
Ingredients:
2 cups dry brown lentils ($0.61)
1 small yellow onion ($0.51)
2 cloves garlic ($0.16)
2 Tbsp olive oil ($0.24)
1 recipe taco seasoning (with corn starch) ($0.34)
1 tsp salt ($0.05)
16 small corn tortillas ($1.03)
1 recipe pico de gallo ($1.91)
8 oz. sour cream ($1.39)
2 small avocados ($1.19), Quantity: 0, Analysis type: recipe
[2026-01-08 18:29:03] INFO [recipes.services.macro_analysis.base:319] Macro analysis successful - Service: ApiNinjaMacroAnalyzer, Food name: Lentil Tacos
Ingredients:
2 cups dry brown lentils..., Analysis type: recipe, Calories: 0.0, Confidence: 0.8
[2026-01-08 18:29:03] INFO [recipes.services.recipe_providers.utils.recipe_scrapers:102] Macro nutrients analysis result: MacroAnalysisResult(food_name='Lentil Tacos\nIngredients:\n2 cups dry brown lentils...', status=<MacroAnalysisStatus.SUCCESS: 'success'>, analysis_type=<AnalysisType.RECIPE: 'recipe'>, macro_nutrients=MacroNutrients(calories=0.0, protein=0.0, carbohydrates=362.0, fat=104.0, fiber=94.69999999999999, sugar=30.0, sodium=3291.0, cholesterol=56.0, saturated_fat=21.8, monounsaturated_fat=None, polyunsaturated_fat=None), recipe_ingredients=[RecipeIngredientResult(name='lentil', quantity=100.0, unit=None, macro_nutrients=MacroNutrients(calories=0.0, protein=0.0, carbohydrates=19.4, fat=0.4, fiber=7.8, sugar=1.8, sodium=236.0, cholesterol=0.0, saturated_fat=0.1, monounsaturated_fat=None, polyunsaturated_fat=None), confidence=0.8), RecipeIngredientResult(name='brown lentils', quantity=500.0, unit=None, macro_nutrients=MacroNutrients(calories=0.0, protein=0.0, carbohydrates=100.4, fat=1.9, fiber=39.0, sugar=9.1, sodium=9.0, cholesterol=0.0, saturated_fat=0.3, monounsaturated_fat=None, polyunsaturated_fat=None), confidence=0.8), RecipeIngredientResult(name='yellow onion', quantity=94.0, unit=None, macro_nutrients=MacroNutrients(calories=0.0, protein=0.0, carbohydrates=9.5, fat=0.2, fiber=1.3, sugar=4.4, sodium=2.0, cholesterol=0.0, saturated_fat=0.0, monounsaturated_fat=None, polyunsaturated_fat=None), confidence=0.8), RecipeIngredientResult(name='cloves garlic', quantity=6.0, unit=None, macro_nutrients=MacroNutrients(calories=0.0, protein=0.0, carbohydrates=2.0, fat=0.0, fiber=0.1, sugar=0.1, sodium=1.0, cholesterol=0.0, saturated_fat=0.0, monounsaturated_fat=None, polyunsaturated_fat=None), confidence=0.8), RecipeIngredientResult(name='olive oil', quantity=28.35, unit=None, macro_nutrients=MacroNutrients(calories=0.0, protein=0.0, carbohydrates=0.0, fat=28.7, fiber=0.0, sugar=0.0, sodium=0.0, cholesterol=0.0, saturated_fat=3.9, monounsaturated_fat=None, polyunsaturated_fat=None), confidence=0.8), RecipeIngredientResult(name='taco seasoning', quantity=5.7, unit=None, macro_nutrients=MacroNutrients(calories=0.0, protein=0.0, carbohydrates=3.3, fat=0.0, fiber=0.7, sugar=0.6, sodium=412.0, cholesterol=0.0, saturated_fat=0.0, monounsaturated_fat=None, polyunsaturated_fat=None), confidence=0.8), RecipeIngredientResult(name='corn', quantity=100.0, unit=None, macro_nutrients=MacroNutrients(calories=0.0, protein=0.0, carbohydrates=21.0, fat=1.5, fiber=2.4, sugar=4.6, sodium=1.0, cholesterol=0.0, saturated_fat=0.2, monounsaturated_fat=None, polyunsaturated_fat=None), confidence=0.8), RecipeIngredientResult(name='salt', quantity=5.69, unit=None, macro_nutrients=MacroNutrients(calories=0.0, protein=0.0, carbohydrates=0.0, fat=0.0, fiber=0.0, sugar=0.0, sodium=2184.0, cholesterol=0.0, saturated_fat=0.0, monounsaturated_fat=None, polyunsaturated_fat=None), confidence=0.8), RecipeIngredientResult(name='corn tortillas', quantity=384.0, unit=None, macro_nutrients=MacroNutrients(calories=0.0, protein=0.0, carbohydrates=174.7, fat=10.8, fiber=24.3, sugar=3.4, sodium=172.0, cholesterol=0.0, saturated_fat=1.8, monounsaturated_fat=None, polyunsaturated_fat=None), confidence=0.8), RecipeIngredientResult(name='pico de gallo', quantity=70.0, unit=None, macro_nutrients=MacroNutrients(calories=0.0, protein=0.0, carbohydrates=3.8, fat=0.2, fiber=1.0, sugar=1.9, sodium=224.0, cholesterol=0.0, saturated_fat=0.0, monounsaturated_fat=None, polyunsaturated_fat=None), confidence=0.8), RecipeIngredientResult(name='sour cream', quantity=96.0, unit=None, macro_nutrients=MacroNutrients(calories=0.0, protein=0.0, carbohydrates=4.5, fat=18.8, fiber=0.0, sugar=3.3, sodium=29.0, cholesterol=56.0, saturated_fat=9.7, monounsaturated_fat=None, polyunsaturated_fat=None), confidence=0.8), RecipeIngredientResult(name='avocados', quantity=272.0, unit=None, macro_nutrients=MacroNutrients(calories=0.0, protein=0.0, carbohydrates=23.4, fat=41.5, fiber=18.1, sugar=0.8, sodium=21.0, cholesterol=0.0, saturated_fat=5.8, monounsaturated_fat=None, polyunsaturated_fat=None), confidence=0.8)], total_weight=1661.7400000000002, servings=8, additional_nutrients=None, source='API Ninja', confidence=0.8, error_message=None, raw_data=[{'name': 'lentil', 'calories': 'Only available for premium subscribers.', 'serving_size_g': 100.0, 'fat_total_g': 0.4, 'fat_saturated_g': 0.1, 'protein_g': 'Only available for premium subscribers.', 'sodium_mg': 236, 'potassium_mg': 180, 'cholesterol_mg': 0, 'carbohydrates_total_g': 19.4, 'fiber_g': 7.8, 'sugar_g': 1.8}, {'name': 'brown lentils', 'calories': 'Only available for premium subscribers.', 'serving_size_g': 500.0, 'fat_total_g': 1.9, 'fat_saturated_g': 0.3, 'protein_g': 'Only available for premium subscribers.', 'sodium_mg': 9, 'potassium_mg': 915, 'cholesterol_mg': 0, 'carbohydrates_total_g': 100.4, 'fiber_g': 39.0, 'sugar_g': 9.1}, {'name': 'yellow onion', 'calories': 'Only available for premium subscribers.', 'serving_size_g': 94.0, 'fat_total_g': 0.2, 'fat_saturated_g': 0.0, 'protein_g': 'Only available for premium subscribers.', 'sodium_mg': 2, 'potassium_mg': 32, 'cholesterol_mg': 0, 'carbohydrates_total_g': 9.5, 'fiber_g': 1.3, 'sugar_g': 4.4}, {'name': 'cloves garlic', 'calories': 'Only available for premium subscribers.', 'serving_size_g': 6.0, 'fat_total_g': 0.0, 'fat_saturated_g': 0.0, 'protein_g': 'Only available for premium subscribers.', 'sodium_mg': 1, 'potassium_mg': 9, 'cholesterol_mg': 0, 'carbohydrates_total_g': 2.0, 'fiber_g': 0.1, 'sugar_g': 0.1}, {'name': 'olive oil', 'calories': 'Only available for premium subscribers.', 'serving_size_g': 28.35, 'fat_total_g': 28.7, 'fat_saturated_g': 3.9, 'protein_g': 'Only available for premium subscribers.', 'sodium_mg': 0, 'potassium_mg': 0, 'cholesterol_mg': 0, 'carbohydrates_total_g': 0.0, 'fiber_g': 0.0, 'sugar_g': 0.0}, {'name': 'taco seasoning', 'calories': 'Only available for premium subscribers.', 'serving_size_g': 5.7, 'fat_total_g': 0.0, 'fat_saturated_g': 0.0, 'protein_g': 'Only available for premium subscribers.', 'sodium_mg': 412, 'potassium_mg': 0, 'cholesterol_mg': 0, 'carbohydrates_total_g': 3.3, 'fiber_g': 0.7, 'sugar_g': 0.6}, {'name': 'corn', 'calories': 'Only available for premium subscribers.', 'serving_size_g': 100.0, 'fat_total_g': 1.5, 'fat_saturated_g': 0.2, 'protein_g': 'Only available for premium subscribers.', 'sodium_mg': 1, 'potassium_mg': 75, 'cholesterol_mg': 0, 'carbohydrates_total_g': 21.0, 'fiber_g': 2.4, 'sugar_g': 4.6}, {'name': 'salt', 'calories': 'Only available for premium subscribers.', 'serving_size_g': 5.69, 'fat_total_g': 0.0, 'fat_saturated_g': 0.0, 'protein_g': 'Only available for premium subscribers.', 'sodium_mg': 2184, 'potassium_mg': 0, 'cholesterol_mg': 0, 'carbohydrates_total_g': 0.0, 'fiber_g': 0.0, 'sugar_g': 0.0}, {'name': 'corn tortillas', 'calories': 'Only available for premium subscribers.', 'serving_size_g': 384.0, 'fat_total_g': 10.8, 'fat_saturated_g': 1.8, 'protein_g': 'Only available for premium subscribers.', 'sodium_mg': 172, 'potassium_mg': 1222, 'cholesterol_mg': 0, 'carbohydrates_total_g': 174.7, 'fiber_g': 24.3, 'sugar_g': 3.4}, {'name': 'pico de gallo', 'calories': 'Only available for premium subscribers.', 'serving_size_g': 70.0, 'fat_total_g': 0.2, 'fat_saturated_g': 0.0, 'protein_g': 'Only available for premium subscribers.', 'sodium_mg': 224, 'potassium_mg': 19, 'cholesterol_mg': 0, 'carbohydrates_total_g': 3.8, 'fiber_g': 1.0, 'sugar_g': 1.9}, {'name': 'sour cream', 'calories': 'Only available for premium subscribers.', 'serving_size_g': 96.0, 'fat_total_g': 18.8, 'fat_saturated_g': 9.7, 'protein_g': 'Only available for premium subscribers.', 'sodium_mg': 29, 'potassium_mg': 73, 'cholesterol_mg': 56, 'carbohydrates_total_g': 4.5, 'fiber_g': 0.0, 'sugar_g': 3.3}, {'name': 'avocados', 'calories': 'Only available for premium subscribers.', 'serving_size_g': 272.0, 'fat_total_g': 41.5, 'fat_saturated_g': 5.8, 'protein_g': 'Only available for premium subscribers.', 'sodium_mg': 21, 'potassium_mg': 145, 'cholesterol_mg': 0, 'carbohydrates_total_g': 23.4, 'fiber_g': 18.1, 'sugar_g': 0.8}])
[2026-01-08 18:29:03] INFO [recipes.services.recipe_providers.utils.recipe_scrapers:110] Macros supplemented via macro analysis service.
[2026-01-08 18:29:03] INFO [recipes.services.recipe_providers.budgetbytes.budgetbytes:355] Recipe data normalized successfully - Title: Lentil Tacos, Ingredients: 10, Instructions: 5, Has structured ingredients: True
[2026-01-08 18:29:03] INFO [recipes.services.recipe_providers.budgetbytes.budgetbytes:75] Recipe scraped successfully from https://www.budgetbytes.com/lentil-tacos/ - Title: Lentil Tacos (provider: BudgetBytes)
[2026-01-08 18:29:03] INFO [recipes.management.commands.budget_bytes_recipe_discovery:31] Recipe data: RecipeData(title='Lentil Tacos', source_url='https://www.budgetbytes.com/lentil-tacos/', description="You'll never know the meat is missing in these incredibly flavorful and filling lentil tacos! Step by step photos.", ingredients=[IngredientData(name='dry brown lentils', quantity=2.0, unit='cup', notes=None, original_text='2 cups dry brown lentils ($0.61)'), IngredientData(name='yellow onion', quantity=1.0, unit='', notes=None, original_text='1 small yellow onion ($0.51)'), IngredientData(name='garlic', quantity=2.0, unit='cloves', notes=None, original_text='2 cloves garlic ($0.16)'), IngredientData(name='olive oil', quantity=2.0, unit='Tbsps', notes=None, original_text='2 Tbsp olive oil ($0.24)'), IngredientData(name='taco seasoning', quantity=1.0, unit='recipe', notes=None, original_text='1 recipe taco seasoning (with corn starch) ($0.34)'), IngredientData(name='salt', quantity=1.0, unit='teaspoon', notes=None, original_text='1 tsp salt ($0.05)'), IngredientData(name='corn tortillas', quantity=16.0, unit='', notes=None, original_text='16 small corn tortillas ($1.03)'), IngredientData(name='pico de gallo', quantity=1.0, unit='recipe', notes=None, original_text='1 recipe pico de gallo ($1.91)'), IngredientData(name='sour cream', quantity=8.0, unit='ounce', notes=None, original_text='8 oz. sour cream ($1.39)'), IngredientData(name='avocados', quantity=2.0, unit='', notes=None, original_text='2 small avocados ($1.19)')], instructions=['In a skillet over medium heat, lightly toast the corn tortillas on both sides. If you are using a non-stick or cast iron pan, no oil is needed. If you are using a stainless steel or other cooking surface, you may need a quick spritz of non-stick spray. The tortillas should be lightly browned in some spots but still pliable.', 'Sort and rinse the lentils. Bring 3 cups of water to a rolling boil in a medium pot. Once it reaches a boil, add the lentils. Let the pot return to a boil, then reduce the heat to low, place a lid on top. Allow the lentils to simmer for 20 minutes. After 20 minutes, taste the lentils to test the texture. They should be tender but not mushy. Drain the lentils in a colander. (For a step by step picture tutorial on how to cook lentils, click here)', 'While the lentils are simmering, prepare the pico de gallo (instructions here). Also mix together the taco seasoning, including the corn starch (instructions here).', 'Dice the onion, mince the garlic and cook them with olive oil in a large skillet over medium heat until tender. Once the onion is tender, add the drained lentils, the taco seasoning, and about a half cup of water. Stir and cook over medium heat until the mixture has thickened (about 3-5 minutes). Season to taste with salt – this will really bring out the flavors (I added one teaspoon).', 'Build the tacos, using about 1/4 cup of seasoned lentils per taco, one slice of avocado, a small amount of pico de gallo, and sour cream. If you have cilantro left over from the pico de gallo, it can also be used to top the tacos.'], prep_time=20, cook_time=30, servings=8, cuisine_type=None, difficulty_level=None, image_url='https://www.budgetbytes.com/wp-content/uploads/2012/04/LentilTacosclose.jpg', nutrition={'servingSize': '1 Serving', 'calories': '391.83 kcal', 'carbohydrateContent': '54.09 g', 'proteinContent': '15.71 g', 'fatContent': '14.31 g', 'fiberContent': '10.13 g', 'sodiumContent': '639.84 mg'}, macros=MacroNutrition(calories=391.83, protein=15.71, carbohydrates=54.09, fat=14.31, fiber=10.13, sugar=30.0, sodium=639.84, saturated_fat=21.8, cholesterol=56.0, monounsaturated_fat=None, polyunsaturated_fat=None), tags=[], dietary_restrictions=[], author='Beth Moncel', rating=4.65, provider=None)
[2026-01-08 18:29:06] ERROR [recipes.services.recipe_storage:60] Failed to store recipe 'Lentil Tacos': value too long for type character varying(50)

[2026-01-08 18:29:06] ERROR [recipes.management.commands.budget_bytes_recipe_discovery:49] Failed to store recipe data
[2026-01-08 18:29:06] INFO [recipes.management.commands.budget_bytes_recipe_discovery:28] Discovered recipe URL: https://www.budgetbytes.com/orange-molasses-pork-chops/
[2026-01-08 18:29:06] INFO [recipes.services.recipe_providers.budgetbytes.budgetbytes:70] Starting recipe scrape from URL: https://www.budgetbytes.com/orange-molasses-pork-chops/
[2026-01-08 18:29:09] ERROR [recipes.utils:73] Failed to extract data from method cuisine with default value None and error recipe-scrapers (15.8.0) exception: No cuisine data in SchemaOrg.
[2026-01-08 18:29:09] ERROR [recipes.utils:73] Failed to extract data from method cuisine with default value None and error recipe-scrapers (15.8.0) exception: No cuisine data in SchemaOrg.
[2026-01-08 18:29:09] ERROR [recipes.utils:73] Failed to extract data from method dietary_restrictions with default value None and error recipe-scrapers (15.8.0) exception: No dietary restrictions data in SchemaOrg.
[2026-01-08 18:29:09] INFO [recipes.services.macro_analysis.api_ninja:36] Initializing API NINJA Nutrition API
[2026-01-08 18:29:10] INFO [recipes.services.macro_analysis.api_ninja:339] API Ninja availability check - Available: True, Status code: 200
[2026-01-08 18:29:10] INFO [recipes.services.macro_analysis.base:308] Macro analysis request - Service: ApiNinjaMacroAnalyzer, Food name: Orange Molasses Pork Chops
Ingredients:
2 lbs pork chops (6 chops thick-cut , $6.19)
1/4 cup molasses ($0.60)
1/4 cup orange juice concentrate ($0.33)
1 Tbsp apple cider vinegar ($0.06)
1 Tbsp dijon mustard ($0.11)
1/4 tsp garlic powder ($0.02)
1/2 tsp salt ($0.02)
2 Tbsp vegetable oil ($0.08), Quantity: 0, Analysis type: recipe
[2026-01-08 18:29:10] INFO [recipes.services.macro_analysis.base:319] Macro analysis successful - Service: ApiNinjaMacroAnalyzer, Food name: Orange Molasses Pork Chops
Ingredients:
2 lbs pork..., Analysis type: recipe, Calories: 0.0, Confidence: 0.8
[2026-01-08 18:29:10] INFO [recipes.services.recipe_providers.utils.recipe_scrapers:102] Macro nutrients analysis result: MacroAnalysisResult(food_name='Orange Molasses Pork Chops\nIngredients:\n2 lbs pork...', status=<MacroAnalysisStatus.SUCCESS: 'success'>, analysis_type=<AnalysisType.RECIPE: 'recipe'>, macro_nutrients=MacroNutrients(calories=0.0, protein=0.0, carbohydrates=144.70000000000002, fat=143.0, fiber=3.0000000000000004, sugar=134.7, sodium=2062.0, cholesterol=839.0, saturated_fat=38.7, monounsaturated_fat=None, polyunsaturated_fat=None), recipe_ingredients=[RecipeIngredientResult(name='orange', quantity=100.0, unit=None, macro_nutrients=MacroNutrients(calories=0.0, protein=0.0, carbohydrates=12.4, fat=0.1, fiber=2.2, sugar=8.4, sodium=1.0, cholesterol=0.0, saturated_fat=0.0, monounsaturated_fat=None, polyunsaturated_fat=None), confidence=0.8), RecipeIngredientResult(name='molasses', quantity=100.0, unit=None, macro_nutrients=MacroNutrients(calories=0.0, protein=0.0, carbohydrates=75.9, fat=0.1, fiber=0.0, sugar=74.4, sodium=36.0, cholesterol=0.0, saturated_fat=0.0, monounsaturated_fat=None, polyunsaturated_fat=None), confidence=0.8), RecipeIngredientResult(name='pork', quantity=100.0, unit=None, macro_nutrients=MacroNutrients(calories=0.0, protein=0.0, carbohydrates=0.0, fat=14.0, fiber=0.0, sugar=0.0, sodium=57.0, cholesterol=88.0, saturated_fat=4.9, monounsaturated_fat=None, polyunsaturated_fat=None), confidence=0.8), RecipeIngredientResult(name='pork chops', quantity=907.184, unit=None, macro_nutrients=MacroNutrients(calories=0.0, protein=0.0, carbohydrates=0.0, fat=100.2, fiber=0.0, sugar=0.0, sodium=502.0, cholesterol=751.0, saturated_fat=31.7, monounsaturated_fat=None, polyunsaturated_fat=None), confidence=0.8), RecipeIngredientResult(name='molasses', quantity=62.5, unit=None, macro_nutrients=MacroNutrients(calories=0.0, protein=0.0, carbohydrates=47.5, fat=0.1, fiber=0.0, sugar=46.5, sodium=22.0, cholesterol=0.0, saturated_fat=0.0, monounsaturated_fat=None, polyunsaturated_fat=None), confidence=0.8), RecipeIngredientResult(name='orange juice', quantity=62.5, unit=None, macro_nutrients=MacroNutrients(calories=0.0, protein=0.0, carbohydrates=7.0, fat=0.1, fiber=0.2, sugar=5.2, sodium=1.0, cholesterol=0.0, saturated_fat=0.0, monounsaturated_fat=None, polyunsaturated_fat=None), confidence=0.8), RecipeIngredientResult(name='apple cider vinegar', quantity=14.175, unit=None, macro_nutrients=MacroNutrients(calories=0.0, protein=0.0, carbohydrates=0.1, fat=0.0, fiber=0.0, sugar=0.1, sodium=0.0, cholesterol=0.0, saturated_fat=0.0, monounsaturated_fat=None, polyunsaturated_fat=None), confidence=0.8), RecipeIngredientResult(name='dijon mustard', quantity=14.175, unit=None, macro_nutrients=MacroNutrients(calories=0.0, protein=0.0, carbohydrates=0.8, fat=0.4, fiber=0.5, sugar=0.1, sodium=351.0, cholesterol=0.0, saturated_fat=0.0, monounsaturated_fat=None, polyunsaturated_fat=None), confidence=0.8), RecipeIngredientResult(name='garlic powder', quantity=1.4225, unit=None, macro_nutrients=MacroNutrients(calories=0.0, protein=0.0, carbohydrates=1.0, fat=0.0, fiber=0.1, sugar=0.0, sodium=0.0, cholesterol=0.0, saturated_fat=0.0, monounsaturated_fat=None, polyunsaturated_fat=None), confidence=0.8), RecipeIngredientResult(name='salt', quantity=2.845, unit=None, macro_nutrients=MacroNutrients(calories=0.0, protein=0.0, carbohydrates=0.0, fat=0.0, fiber=0.0, sugar=0.0, sodium=1092.0, cholesterol=0.0, saturated_fat=0.0, monounsaturated_fat=None, polyunsaturated_fat=None), confidence=0.8), RecipeIngredientResult(name='vegetable oil', quantity=28.35, unit=None, macro_nutrients=MacroNutrients(calories=0.0, protein=0.0, carbohydrates=0.0, fat=28.0, fiber=0.0, sugar=0.0, sodium=0.0, cholesterol=0.0, saturated_fat=2.1, monounsaturated_fat=None, polyunsaturated_fat=None), confidence=0.8)], total_weight=1393.1514999999997, servings=6, additional_nutrients=None, source='API Ninja', confidence=0.8, error_message=None, raw_data=[{'name': 'orange', 'calories': 'Only available for premium subscribers.', 'serving_size_g': 100.0, 'fat_total_g': 0.1, 'fat_saturated_g': 0.0, 'protein_g': 'Only available for premium subscribers.', 'sodium_mg': 1, 'potassium_mg': 23, 'cholesterol_mg': 0, 'carbohydrates_total_g': 12.4, 'fiber_g': 2.2, 'sugar_g': 8.4}, {'name': 'molasses', 'calories': 'Only available for premium subscribers.', 'serving_size_g': 100.0, 'fat_total_g': 0.1, 'fat_saturated_g': 0.0, 'protein_g': 'Only available for premium subscribers.', 'sodium_mg': 36, 'potassium_mg': 30, 'cholesterol_mg': 0, 'carbohydrates_total_g': 75.9, 'fiber_g': 0.0, 'sugar_g': 74.4}, {'name': 'pork', 'calories': 'Only available for premium subscribers.', 'serving_size_g': 100.0, 'fat_total_g': 14.0, 'fat_saturated_g': 4.9, 'protein_g': 'Only available for premium subscribers.', 'sodium_mg': 57, 'potassium_mg': 219, 'cholesterol_mg': 88, 'carbohydrates_total_g': 0.0, 'fiber_g': 0.0, 'sugar_g': 0.0}, {'name': 'pork chops', 'calories': 'Only available for premium subscribers.', 'serving_size_g': 907.184, 'fat_total_g': 100.2, 'fat_saturated_g': 31.7, 'protein_g': 'Only available for premium subscribers.', 'sodium_mg': 502, 'potassium_mg': 2020, 'cholesterol_mg': 751, 'carbohydrates_total_g': 0.0, 'fiber_g': 0.0, 'sugar_g': 0.0}, {'name': 'molasses', 'calories': 'Only available for premium subscribers.', 'serving_size_g': 62.5, 'fat_total_g': 0.1, 'fat_saturated_g': 0.0, 'protein_g': 'Only available for premium subscribers.', 'sodium_mg': 22, 'potassium_mg': 19, 'cholesterol_mg': 0, 'carbohydrates_total_g': 47.5, 'fiber_g': 0.0, 'sugar_g': 46.5}, {'name': 'orange juice', 'calories': 'Only available for premium subscribers.', 'serving_size_g': 62.5, 'fat_total_g': 0.1, 'fat_saturated_g': 0.0, 'protein_g': 'Only available for premium subscribers.', 'sodium_mg': 1, 'potassium_mg': 29, 'cholesterol_mg': 0, 'carbohydrates_total_g': 7.0, 'fiber_g': 0.2, 'sugar_g': 5.2}, {'name': 'apple cider vinegar', 'calories': 'Only available for premium subscribers.', 'serving_size_g': 14.175, 'fat_total_g': 0.0, 'fat_saturated_g': 0.0, 'protein_g': 'Only available for premium subscribers.', 'sodium_mg': 0, 'potassium_mg': 1, 'cholesterol_mg': 0, 'carbohydrates_total_g': 0.1, 'fiber_g': 0.0, 'sugar_g': 0.1}, {'name': 'dijon mustard', 'calories': 'Only available for premium subscribers.', 'serving_size_g': 14.175, 'fat_total_g': 0.4, 'fat_saturated_g': 0.0, 'protein_g': 'Only available for premium subscribers.', 'sodium_mg': 351, 'potassium_mg': 14, 'cholesterol_mg': 0, 'carbohydrates_total_g': 0.8, 'fiber_g': 0.5, 'sugar_g': 0.1}, {'name': 'garlic powder', 'calories': 'Only available for premium subscribers.', 'serving_size_g': 1.4225, 'fat_total_g': 0.0, 'fat_saturated_g': 0.0, 'protein_g': 'Only available for premium subscribers.', 'sodium_mg': 0, 'potassium_mg': 5, 'cholesterol_mg': 0, 'carbohydrates_total_g': 1.0, 'fiber_g': 0.1, 'sugar_g': 0.0}, {'name': 'salt', 'calories': 'Only available for premium subscribers.', 'serving_size_g': 2.845, 'fat_total_g': 0.0, 'fat_saturated_g': 0.0, 'protein_g': 'Only available for premium subscribers.', 'sodium_mg': 1092, 'potassium_mg': 0, 'cholesterol_mg': 0, 'carbohydrates_total_g': 0.0, 'fiber_g': 0.0, 'sugar_g': 0.0}, {'name': 'vegetable oil', 'calories': 'Only available for premium subscribers.', 'serving_size_g': 28.35, 'fat_total_g': 28.0, 'fat_saturated_g': 2.1, 'protein_g': 'Only available for premium subscribers.', 'sodium_mg': 0, 'potassium_mg': 0, 'cholesterol_mg': 0, 'carbohydrates_total_g': 0.0, 'fiber_g': 0.0, 'sugar_g': 0.0}])
[2026-01-08 18:29:10] INFO [recipes.services.recipe_providers.utils.recipe_scrapers:110] Macros supplemented via macro analysis service.
[2026-01-08 18:29:10] INFO [recipes.services.recipe_providers.budgetbytes.budgetbytes:355] Recipe data normalized successfully - Title: Orange Molasses Pork Chops, Ingredients: 8, Instructions: 2, Has structured ingredients: True
[2026-01-08 18:29:10] INFO [recipes.services.recipe_providers.budgetbytes.budgetbytes:75] Recipe scraped successfully from https://www.budgetbytes.com/orange-molasses-pork-chops/ - Title: Orange Molasses Pork Chops (provider: BudgetBytes)
[2026-01-08 18:29:10] INFO [recipes.management.commands.budget_bytes_recipe_discovery:31] Recipe data: RecipeData(title='Orange Molasses Pork Chops', source_url='https://www.budgetbytes.com/orange-molasses-pork-chops/', description='A sweet and tangy marinade makes these orange molasses pork chops succulent and addicting.', ingredients=[IngredientData(name='pork chops', quantity=2.0, unit='pound', notes=None, original_text='2 lbs pork chops (6 chops thick-cut , $6.19)'), IngredientData(name='molasses', quantity=0.25, unit='cup', notes=None, original_text='1/4 cup molasses ($0.60)'), IngredientData(name='orange juice concentrate', quantity=0.25, unit='cup', notes=None, original_text='1/4 cup orange juice concentrate ($0.33)'), IngredientData(name='apple cider vinegar', quantity=1.0, unit='Tbsp', notes=None, original_text='1 Tbsp apple cider vinegar ($0.06)'), IngredientData(name='dijon mustard', quantity=1.0, unit='Tbsp', notes=None, original_text='1 Tbsp dijon mustard ($0.11)'), IngredientData(name='garlic powder', quantity=0.25, unit='teaspoon', notes=None, original_text='1/4 tsp garlic powder ($0.02)'), IngredientData(name='salt', quantity=0.5, unit='teaspoon', notes=None, original_text='1/2 tsp salt ($0.02)'), IngredientData(name='vegetable oil', quantity=2.0, unit='Tbsps', notes=None, original_text='2 Tbsp vegetable oil ($0.08)')], instructions=['Make the marinade by stirring together the molasses, orange juice concentrate, apple cider vinegar, dijon mustard, garlic powder, and salt. Place the marinade in a bag, add the chops, and seal tightly. Place in the refrigerator for at least two hours or longer if desired.', 'When you’re ready to cook the chops, heat 2 Tbsp of vegetable oil in a large, heavy skillet over medium-high heat. When the oil is very hot (it will look wavy in the pan), add the chops. Cook for about 7 minutes on each side or until cooked through and the marinade has reduced to a thick sauce. No need to pour all of the marinade into the skillet, the amount that comes off of the chops as they cook will be plenty to make a nice sauce. Discard the extra marinade from the bag. Serve hot!'], prep_time=120, cook_time=15, servings=6, cuisine_type=None, difficulty_level=None, image_url='https://www.budgetbytes.com/wp-content/uploads/2012/04/OrangeMolassasChopsangle.jpg', nutrition={'servingSize': '1 Serving', 'calories': '320.58 kcal', 'carbohydrateContent': '11.87 g', 'proteinContent': '32.65 g', 'fatContent': '15.05 g', 'fiberContent': '0.08 g', 'sodiumContent': '283.78 mg'}, macros=MacroNutrition(calories=320.58, protein=32.65, carbohydrates=11.87, fat=15.05, fiber=0.08, sugar=134.7, sodium=283.78, saturated_fat=38.7, cholesterol=839.0, monounsaturated_fat=None, polyunsaturated_fat=None), tags=[], dietary_restrictions=[], author='Beth Moncel', rating=4.67, provider=None)
[2026-01-08 18:29:13] ERROR [recipes.services.recipe_storage:60] Failed to store recipe 'Orange Molasses Pork Chops': value too long for type character varying(50)

[2026-01-08 18:29:13] ERROR [recipes.management.commands.budget_bytes_recipe_discovery:49] Failed to store recipe data
[2026-01-08 18:29:13] INFO [recipes.management.commands.budget_bytes_recipe_discovery:28] Discovered recipe URL: https://www.budgetbytes.com/hawaiian-ham-quesadillas/
[2026-01-08 18:29:13] INFO [recipes.services.recipe_providers.budgetbytes.budgetbytes:70] Starting recipe scrape from URL: https://www.budgetbytes.com/hawaiian-ham-quesadillas/
[2026-01-08 18:29:17] ERROR [recipes.utils:73] Failed to extract data from method cuisine with default value None and error recipe-scrapers (15.8.0) exception: No cuisine data in SchemaOrg.
[2026-01-08 18:29:17] ERROR [recipes.utils:73] Failed to extract data from method cuisine with default value None and error recipe-scrapers (15.8.0) exception: No cuisine data in SchemaOrg.
[2026-01-08 18:29:17] ERROR [recipes.utils:73] Failed to extract data from method dietary_restrictions with default value None and error recipe-scrapers (15.8.0) exception: No dietary restrictions data in SchemaOrg.
[2026-01-08 18:29:17] INFO [recipes.services.macro_analysis.api_ninja:36] Initializing API NINJA Nutrition API
[2026-01-08 18:29:18] INFO [recipes.services.macro_analysis.api_ninja:339] API Ninja availability check - Available: True, Status code: 200
[2026-01-08 18:29:18] INFO [recipes.services.macro_analysis.base:308] Macro analysis request - Service: ApiNinjaMacroAnalyzer, Food name: Hawaiian Ham Quesadillas
Ingredients:
8 oz. cream cheese ($1.87)
1 cup shredded mozzarella ($0.92)
3 sliced green onions ($0.35)
1/8 tsp red pepper flakes (optional, $0.02)
15 oz. can pineapple chunks in juice ($1.14)
1/2 lb. smoked ham ($3.27)
8 8-inch four tortillas ($1.79), Quantity: 0, Analysis type: recipe
[2026-01-08 18:29:19] INFO [recipes.services.macro_analysis.base:319] Macro analysis successful - Service: ApiNinjaMacroAnalyzer, Food name: Hawaiian Ham Quesadillas
Ingredients:
8 oz. cream ..., Analysis type: recipe, Calories: 0.0, Confidence: 0.8
[2026-01-08 18:29:19] INFO [recipes.services.recipe_providers.utils.recipe_scrapers:102] Macro nutrients analysis result: MacroAnalysisResult(food_name='Hawaiian Ham Quesadillas\nIngredients:\n8 oz. cream ...', status=<MacroAnalysisStatus.SUCCESS: 'success'>, analysis_type=<AnalysisType.RECIPE: 'recipe'>, macro_nutrients=MacroNutrients(calories=0.0, protein=0.0, carbohydrates=752.6, fat=150.79999999999998, fiber=37.5, sugar=570.0000000000001, sodium=4695.0, cholesterol=467.0, saturated_fat=80.10000000000001, monounsaturated_fat=None, polyunsaturated_fat=None), recipe_ingredients=[RecipeIngredientResult(name='ham', quantity=100.0, unit=None, macro_nutrients=MacroNutrients(calories=0.0, protein=0.0, carbohydrates=1.0, fat=5.1, fiber=0.0, sugar=1.1, sodium=968.0, cholesterol=64.0, saturated_fat=0.9, monounsaturated_fat=None, polyunsaturated_fat=None), confidence=0.8), RecipeIngredientResult(name='cream cheese', quantity=232.0, unit=None, macro_nutrients=MacroNutrients(calories=0.0, protein=0.0, carbohydrates=12.8, fat=78.9, fiber=0.0, sugar=8.7, sodium=718.0, cholesterol=232.0, saturated_fat=46.7, monounsaturated_fat=None, polyunsaturated_fat=None), confidence=0.8), RecipeIngredientResult(name='shredded mozzarella', quantity=250.0, unit=None, macro_nutrients=MacroNutrients(calories=0.0, protein=0.0, carbohydrates=20.2, fat=48.8, fiber=0.0, sugar=5.6, sodium=1724.0, cholesterol=165.0, saturated_fat=28.8, monounsaturated_fat=None, polyunsaturated_fat=None), confidence=0.8), RecipeIngredientResult(name='green onions', quantity=45.0, unit=None, macro_nutrients=MacroNutrients(calories=0.0, protein=0.0, carbohydrates=3.3, fat=0.1, fiber=1.2, sugar=1.1, sodium=7.0, cholesterol=0.0, saturated_fat=0.0, monounsaturated_fat=None, polyunsaturated_fat=None), confidence=0.8), RecipeIngredientResult(name='red pepper flakes', quantity=0.71125, unit=None, macro_nutrients=MacroNutrients(calories=0.0, protein=0.0, carbohydrates=0.4, fat=0.1, fiber=0.2, sugar=0.1, sodium=0.0, cholesterol=0.0, saturated_fat=0.0, monounsaturated_fat=None, polyunsaturated_fat=None), confidence=0.8), RecipeIngredientResult(name='pineapple chunks', quantity=3735.0, unit=None, macro_nutrients=MacroNutrients(calories=0.0, protein=0.0, carbohydrates=590.4, fat=3.0, fiber=29.4, sugar=541.2, sodium=37.0, cholesterol=0.0, saturated_fat=0.1, monounsaturated_fat=None, polyunsaturated_fat=None), confidence=0.8), RecipeIngredientResult(name='juice', quantity=100.0, unit=None, macro_nutrients=MacroNutrients(calories=0.0, protein=0.0, carbohydrates=13.3, fat=0.0, fiber=0.1, sugar=12.2, sodium=61.0, cholesterol=0.0, saturated_fat=0.0, monounsaturated_fat=None, polyunsaturated_fat=None), confidence=0.8), RecipeIngredientResult(name='smoked ham', quantity=27.5, unit=None, macro_nutrients=MacroNutrients(calories=0.0, protein=0.0, carbohydrates=2.0, fat=0.7, fiber=0.0, sugar=0.0, sodium=250.0, cholesterol=6.0, saturated_fat=0.2, monounsaturated_fat=None, polyunsaturated_fat=None), confidence=0.8), RecipeIngredientResult(name='tortillas', quantity=196.0, unit=None, macro_nutrients=MacroNutrients(calories=0.0, protein=0.0, carbohydrates=109.2, fat=14.1, fiber=6.6, sugar=0.0, sodium=930.0, cholesterol=0.0, saturated_fat=3.4, monounsaturated_fat=None, polyunsaturated_fat=None), confidence=0.8)], total_weight=4686.21125, servings=9, additional_nutrients=None, source='API Ninja', confidence=0.8, error_message=None, raw_data=[{'name': 'ham', 'calories': 'Only available for premium subscribers.', 'serving_size_g': 100.0, 'fat_total_g': 5.1, 'fat_saturated_g': 0.9, 'protein_g': 'Only available for premium subscribers.', 'sodium_mg': 968, 'potassium_mg': 305, 'cholesterol_mg': 64, 'carbohydrates_total_g': 1.0, 'fiber_g': 0.0, 'sugar_g': 1.1}, {'name': 'cream cheese', 'calories': 'Only available for premium subscribers.', 'serving_size_g': 232.0, 'fat_total_g': 78.9, 'fat_saturated_g': 46.7, 'protein_g': 'Only available for premium subscribers.', 'sodium_mg': 718, 'potassium_mg': 246, 'cholesterol_mg': 232, 'carbohydrates_total_g': 12.8, 'fiber_g': 0.0, 'sugar_g': 8.7}, {'name': 'shredded mozzarella', 'calories': 'Only available for premium subscribers.', 'serving_size_g': 250.0, 'fat_total_g': 48.8, 'fat_saturated_g': 28.8, 'protein_g': 'Only available for premium subscribers.', 'sodium_mg': 1724, 'potassium_mg': 1340, 'cholesterol_mg': 165, 'carbohydrates_total_g': 20.2, 'fiber_g': 0.0, 'sugar_g': 5.6}, {'name': 'green onions', 'calories': 'Only available for premium subscribers.', 'serving_size_g': 45.0, 'fat_total_g': 0.1, 'fat_saturated_g': 0.0, 'protein_g': 'Only available for premium subscribers.', 'sodium_mg': 7, 'potassium_mg': 16, 'cholesterol_mg': 0, 'carbohydrates_total_g': 3.3, 'fiber_g': 1.2, 'sugar_g': 1.1}, {'name': 'red pepper flakes', 'calories': 'Only available for premium subscribers.', 'serving_size_g': 0.71125, 'fat_total_g': 0.1, 'fat_saturated_g': 0.0, 'protein_g': 'Only available for premium subscribers.', 'sodium_mg': 0, 'potassium_mg': 2, 'cholesterol_mg': 0, 'carbohydrates_total_g': 0.4, 'fiber_g': 0.2, 'sugar_g': 0.1}, {'name': 'pineapple chunks', 'calories': 'Only available for premium subscribers.', 'serving_size_g': 3735.0, 'fat_total_g': 3.0, 'fat_saturated_g': 0.1, 'protein_g': 'Only available for premium subscribers.', 'sodium_mg': 37, 'potassium_mg': 225, 'cholesterol_mg': 0, 'carbohydrates_total_g': 590.4, 'fiber_g': 29.4, 'sugar_g': 541.2}, {'name': 'juice', 'calories': 'Only available for premium subscribers.', 'serving_size_g': 100.0, 'fat_total_g': 0.0, 'fat_saturated_g': 0.0, 'protein_g': 'Only available for premium subscribers.', 'sodium_mg': 61, 'potassium_mg': 6, 'cholesterol_mg': 0, 'carbohydrates_total_g': 13.3, 'fiber_g': 0.1, 'sugar_g': 12.2}, {'name': 'smoked ham', 'calories': 'Only available for premium subscribers.', 'serving_size_g': 27.5, 'fat_total_g': 0.7, 'fat_saturated_g': 0.2, 'protein_g': 'Only available for premium subscribers.', 'sodium_mg': 250, 'potassium_mg': 103, 'cholesterol_mg': 6, 'carbohydrates_total_g': 2.0, 'fiber_g': 0.0, 'sugar_g': 0.0}, {'name': 'tortillas', 'calories': 'Only available for premium subscribers.', 'serving_size_g': 196.0, 'fat_total_g': 14.1, 'fat_saturated_g': 3.4, 'protein_g': 'Only available for premium subscribers.', 'sodium_mg': 930, 'potassium_mg': 245, 'cholesterol_mg': 0, 'carbohydrates_total_g': 109.2, 'fiber_g': 6.6, 'sugar_g': 0.0}])
[2026-01-08 18:29:19] INFO [recipes.services.recipe_providers.utils.recipe_scrapers:110] Macros supplemented via macro analysis service.
[2026-01-08 18:29:19] INFO [recipes.services.recipe_providers.budgetbytes.budgetbytes:355] Recipe data normalized successfully - Title: Hawaiian Ham Quesadillas, Ingredients: 7, Instructions: 3, Has structured ingredients: True
[2026-01-08 18:29:19] INFO [recipes.services.recipe_providers.budgetbytes.budgetbytes:75] Recipe scraped successfully from https://www.budgetbytes.com/hawaiian-ham-quesadillas/ - Title: Hawaiian Ham Quesadillas (provider: BudgetBytes)
[2026-01-08 18:29:19] INFO [recipes.management.commands.budget_bytes_recipe_discovery:31] Recipe data: RecipeData(title='Hawaiian Ham Quesadillas', source_url='https://www.budgetbytes.com/hawaiian-ham-quesadillas/', description='Hawaiian ham quesadillas with a creamy cheesy filling, ham, pineapple, and green onions.', ingredients=[IngredientData(name='cream cheese', quantity=8.0, unit='ounce', notes=None, original_text='8 oz. cream cheese ($1.87)'), IngredientData(name='mozzarella', quantity=1.0, unit='cup', notes='shredded', original_text='1 cup shredded mozzarella ($0.92)'), IngredientData(name='green onions', quantity=3.0, unit='', notes='sliced', original_text='3 sliced green onions ($0.35)'), IngredientData(name='red pepper flakes', quantity=0.125, unit='teaspoon', notes=None, original_text='1/8 tsp red pepper flakes (optional, $0.02)'), IngredientData(name='pineapple chunks in juice', quantity=15.0, unit='oz cans', notes=None, original_text='15 oz. can pineapple chunks in juice ($1.14)'), IngredientData(name='smoked ham', quantity=0.5, unit='pound', notes=None, original_text='1/2 lb. smoked ham ($3.27)'), IngredientData(name='tortillas', quantity=8.0, unit='', notes=None, original_text='8 8-inch four tortillas ($1.79)')], instructions=['Allow the cream cheese to come to room temperature before you begin. Combine the cream cheese, shredded mozzarella, sliced green onions, and red pepper flakes in a bowl. Stir until well combined.', 'Drain the pineapple chunks as much as possible. Roughly chop them into smaller pieces. Roughly chop the sliced ham into small pieces. Add both to the cheese mixture and stir to combine.', 'Place 1/4 to 1/3 cup of the filling in each tortilla and spread to cover half of the surface. Fold the tortilla in half to close. Cook each quesadilla in a skillet over medium heat until brown and crispy on both sides.'], prep_time=10, cook_time=15, servings=9, cuisine_type=None, difficulty_level=None, image_url='https://www.budgetbytes.com/wp-content/uploads/2012/09/HawaiianHamQuesadillasclose.jpg', nutrition={'servingSize': '1 Serving', 'calories': '309.7 kcal', 'carbohydrateContent': '31.04 g', 'proteinContent': '12.48 g', 'fatContent': '15.34 g', 'fiberContent': '1.92 g', 'sodiumContent': '683.4 mg'}, macros=MacroNutrition(calories=309.7, protein=12.48, carbohydrates=31.04, fat=15.34, fiber=1.92, sugar=570.0000000000001, sodium=683.4, saturated_fat=80.10000000000001, cholesterol=467.0, monounsaturated_fat=None, polyunsaturated_fat=None), tags=[], dietary_restrictions=[], author='Beth Moncel', rating=4.38, provider=None)
[2026-01-08 18:29:22] ERROR [recipes.services.recipe_storage:60] Failed to store recipe 'Hawaiian Ham Quesadillas': value too long for type character varying(50)

[2026-01-08 18:29:22] ERROR [recipes.management.commands.budget_bytes_recipe_discovery:49] Failed to store recipe data
[2026-01-08 18:29:22] INFO [recipes.management.commands.budget_bytes_recipe_discovery:28] Discovered recipe URL: https://www.budgetbytes.com/chai-spiced-scones/
[2026-01-08 18:29:22] INFO [recipes.services.recipe_providers.budgetbytes.budgetbytes:70] Starting recipe scrape from URL: https://www.budgetbytes.com/chai-spiced-scones/
[2026-01-08 18:29:26] ERROR [recipes.utils:73] Failed to extract data from method cuisine with default value None and error recipe-scrapers (15.8.0) exception: No cuisine data in SchemaOrg.
[2026-01-08 18:29:26] ERROR [recipes.utils:73] Failed to extract data from method cuisine with default value None and error recipe-scrapers (15.8.0) exception: No cuisine data in SchemaOrg.
[2026-01-08 18:29:26] ERROR [recipes.utils:73] Failed to extract data from method dietary_restrictions with default value None and error recipe-scrapers (15.8.0) exception: No dietary restrictions data in SchemaOrg.
[2026-01-08 18:29:26] INFO [recipes.services.macro_analysis.api_ninja:36] Initializing API NINJA Nutrition API
[2026-01-08 18:29:26] INFO [recipes.services.macro_analysis.api_ninja:339] API Ninja availability check - Available: True, Status code: 200
[2026-01-08 18:29:26] INFO [recipes.services.macro_analysis.base:308] Macro analysis request - Service: ApiNinjaMacroAnalyzer, Food name: Chai Spiced Scones
Ingredients:
2 cups all-purpose flour ($0.20)
3 Tbsp sugar ($0.03)
1/2 tsp salt ($0.02)
2 tsp baking powder ($0.06)
1 tsp cinnamon ($0.05)
1/2 tsp ground ginger ($0.05)
1/2 tsp ground cloves ($0.05)
1/4 tsp ground cardamom ($0.03)
5 Tbsp cold butter ($0.43)
1/4 cup milk ($0.06)
2 large eggs ($0.47), Quantity: 0, Analysis type: recipe
[2026-01-08 18:29:27] INFO [recipes.services.macro_analysis.base:319] Macro analysis successful - Service: ApiNinjaMacroAnalyzer, Food name: Chai Spiced Scones
Ingredients:
2 cups all-purpose..., Analysis type: recipe, Calories: 0.0, Confidence: 0.8
[2026-01-08 18:29:27] INFO [recipes.services.recipe_providers.utils.recipe_scrapers:102] Macro nutrients analysis result: MacroAnalysisResult(food_name='Chai Spiced Scones\nIngredients:\n2 cups all-purpose...', status=<MacroAnalysisStatus.SUCCESS: 'success'>, analysis_type=<AnalysisType.RECIPE: 'recipe'>, macro_nutrients=MacroNutrients(calories=0.0, protein=0.0, carbohydrates=444.5000000000001, fat=72.89999999999999, fiber=18.4, sugar=44.7, sodium=2940.0, cholesterol=533.0, saturated_fat=41.00000000000001, monounsaturated_fat=None, polyunsaturated_fat=None), recipe_ingredients=[RecipeIngredientResult(name='chai', quantity=100.0, unit=None, macro_nutrients=MacroNutrients(calories=0.0, protein=0.0, carbohydrates=0.6, fat=0.0, fiber=0.1, sugar=0.0, sodium=0.0, cholesterol=0.0, saturated_fat=0.0, monounsaturated_fat=None, polyunsaturated_fat=None), confidence=0.8), RecipeIngredientResult(name='flour', quantity=500.0, unit=None, macro_nutrients=MacroNutrients(calories=0.0, protein=0.0, carbohydrates=384.8, fat=5.0, fiber=13.4, sugar=1.4, sodium=10.0, cholesterol=0.0, saturated_fat=0.8, monounsaturated_fat=None, polyunsaturated_fat=None), confidence=0.8), RecipeIngredientResult(name='sugar', quantity=42.525000000000006, unit=None, macro_nutrients=MacroNutrients(calories=0.0, protein=0.0, carbohydrates=42.5, fat=0.0, fiber=0.0, sugar=42.5, sodium=0.0, cholesterol=0.0, saturated_fat=0.0, monounsaturated_fat=None, polyunsaturated_fat=None), confidence=0.8), RecipeIngredientResult(name='salt', quantity=2.845, unit=None, macro_nutrients=MacroNutrients(calories=0.0, protein=0.0, carbohydrates=0.0, fat=0.0, fiber=0.0, sugar=0.0, sodium=1092.0, cholesterol=0.0, saturated_fat=0.0, monounsaturated_fat=None, polyunsaturated_fat=None), confidence=0.8), RecipeIngredientResult(name='baking powder', quantity=11.38, unit=None, macro_nutrients=MacroNutrients(calories=0.0, protein=0.0, carbohydrates=3.1, fat=0.0, fiber=0.0, sugar=0.0, sodium=1208.0, cholesterol=0.0, saturated_fat=0.0, monounsaturated_fat=None, polyunsaturated_fat=None), confidence=0.8), RecipeIngredientResult(name='cinnamon', quantity=5.69, unit=None, macro_nutrients=MacroNutrients(calories=0.0, protein=0.0, carbohydrates=4.6, fat=0.1, fiber=3.1, sugar=0.1, sodium=0.0, cholesterol=0.0, saturated_fat=0.0, monounsaturated_fat=None, polyunsaturated_fat=None), confidence=0.8), RecipeIngredientResult(name='ground ginger', quantity=2.845, unit=None, macro_nutrients=MacroNutrients(calories=0.0, protein=0.0, carbohydrates=2.1, fat=0.1, fiber=0.4, sugar=0.1, sodium=0.0, cholesterol=0.0, saturated_fat=0.1, monounsaturated_fat=None, polyunsaturated_fat=None), confidence=0.8), RecipeIngredientResult(name='ground cloves', quantity=2.845, unit=None, macro_nutrients=MacroNutrients(calories=0.0, protein=0.0, carbohydrates=1.9, fat=0.4, fiber=1.0, sugar=0.1, sodium=7.0, cholesterol=0.0, saturated_fat=0.1, monounsaturated_fat=None, polyunsaturated_fat=None), confidence=0.8), RecipeIngredientResult(name='cardamom', quantity=1.4225, unit=None, macro_nutrients=MacroNutrients(calories=0.0, protein=0.0, carbohydrates=1.0, fat=0.1, fiber=0.4, sugar=0.0, sodium=0.0, cholesterol=0.0, saturated_fat=0.0, monounsaturated_fat=None, polyunsaturated_fat=None), confidence=0.8), RecipeIngredientResult(name='butter', quantity=70.875, unit=None, macro_nutrients=MacroNutrients(calories=0.0, protein=0.0, carbohydrates=0.1, fat=56.4, fiber=0.0, sugar=0.1, sodium=451.0, cholesterol=152.0, saturated_fat=36.2, monounsaturated_fat=None, polyunsaturated_fat=None), confidence=0.8), RecipeIngredientResult(name='milk', quantity=62.5, unit=None, macro_nutrients=MacroNutrients(calories=0.0, protein=0.0, carbohydrates=3.1, fat=1.2, fiber=0.0, sugar=0.0, sodium=32.0, cholesterol=5.0, saturated_fat=0.7, monounsaturated_fat=None, polyunsaturated_fat=None), confidence=0.8), RecipeIngredientResult(name='large eggs', quantity=100.0, unit=None, macro_nutrients=MacroNutrients(calories=0.0, protein=0.0, carbohydrates=0.7, fat=9.6, fiber=0.0, sugar=0.4, sodium=140.0, cholesterol=376.0, saturated_fat=3.1, monounsaturated_fat=None, polyunsaturated_fat=None), confidence=0.8)], total_weight=902.9275000000001, servings=8, additional_nutrients=None, source='API Ninja', confidence=0.8, error_message=None, raw_data=[{'name': 'chai', 'calories': 'Only available for premium subscribers.', 'serving_size_g': 100.0, 'fat_total_g': 0.0, 'fat_saturated_g': 0.0, 'protein_g': 'Only available for premium subscribers.', 'sodium_mg': 0, 'potassium_mg': 1, 'cholesterol_mg': 0, 'carbohydrates_total_g': 0.6, 'fiber_g': 0.1, 'sugar_g': 0.0}, {'name': 'flour', 'calories': 'Only available for premium subscribers.', 'serving_size_g': 500.0, 'fat_total_g': 5.0, 'fat_saturated_g': 0.8, 'protein_g': 'Only available for premium subscribers.', 'sodium_mg': 10, 'potassium_mg': 532, 'cholesterol_mg': 0, 'carbohydrates_total_g': 384.8, 'fiber_g': 13.4, 'sugar_g': 1.4}, {'name': 'sugar', 'calories': 'Only available for premium subscribers.', 'serving_size_g': 42.525000000000006, 'fat_total_g': 0.0, 'fat_saturated_g': 0.0, 'protein_g': 'Only available for premium subscribers.', 'sodium_mg': 0, 'potassium_mg': 0, 'cholesterol_mg': 0, 'carbohydrates_total_g': 42.5, 'fiber_g': 0.0, 'sugar_g': 42.5}, {'name': 'salt', 'calories': 'Only available for premium subscribers.', 'serving_size_g': 2.845, 'fat_total_g': 0.0, 'fat_saturated_g': 0.0, 'protein_g': 'Only available for premium subscribers.', 'sodium_mg': 1092, 'potassium_mg': 0, 'cholesterol_mg': 0, 'carbohydrates_total_g': 0.0, 'fiber_g': 0.0, 'sugar_g': 0.0}, {'name': 'baking powder', 'calories': 'Only available for premium subscribers.', 'serving_size_g': 11.38, 'fat_total_g': 0.0, 'fat_saturated_g': 0.0, 'protein_g': 'Only available for premium subscribers.', 'sodium_mg': 1208, 'potassium_mg': 245, 'cholesterol_mg': 0, 'carbohydrates_total_g': 3.1, 'fiber_g': 0.0, 'sugar_g': 0.0}, {'name': 'cinnamon', 'calories': 'Only available for premium subscribers.', 'serving_size_g': 5.69, 'fat_total_g': 0.1, 'fat_saturated_g': 0.0, 'protein_g': 'Only available for premium subscribers.', 'sodium_mg': 0, 'potassium_mg': 3, 'cholesterol_mg': 0, 'carbohydrates_total_g': 4.6, 'fiber_g': 3.1, 'sugar_g': 0.1}, {'name': 'ground ginger', 'calories': 'Only available for premium subscribers.', 'serving_size_g': 2.845, 'fat_total_g': 0.1, 'fat_saturated_g': 0.1, 'protein_g': 'Only available for premium subscribers.', 'sodium_mg': 0, 'potassium_mg': 4, 'cholesterol_mg': 0, 'carbohydrates_total_g': 2.1, 'fiber_g': 0.4, 'sugar_g': 0.1}, {'name': 'ground cloves', 'calories': 'Only available for premium subscribers.', 'serving_size_g': 2.845, 'fat_total_g': 0.4, 'fat_saturated_g': 0.1, 'protein_g': 'Only available for premium subscribers.', 'sodium_mg': 7, 'potassium_mg': 2, 'cholesterol_mg': 0, 'carbohydrates_total_g': 1.9, 'fiber_g': 1.0, 'sugar_g': 0.1}, {'name': 'cardamom', 'calories': 'Only available for premium subscribers.', 'serving_size_g': 1.4225, 'fat_total_g': 0.1, 'fat_saturated_g': 0.0, 'protein_g': 'Only available for premium subscribers.', 'sodium_mg': 0, 'potassium_mg': 2, 'cholesterol_mg': 0, 'carbohydrates_total_g': 1.0, 'fiber_g': 0.4, 'sugar_g': 0.0}, {'name': 'butter', 'calories': 'Only available for premium subscribers.', 'serving_size_g': 70.875, 'fat_total_g': 56.4, 'fat_saturated_g': 36.2, 'protein_g': 'Only available for premium subscribers.', 'sodium_mg': 451, 'potassium_mg': 16, 'cholesterol_mg': 152, 'carbohydrates_total_g': 0.1, 'fiber_g': 0.0, 'sugar_g': 0.1}, {'name': 'milk', 'calories': 'Only available for premium subscribers.', 'serving_size_g': 62.5, 'fat_total_g': 1.2, 'fat_saturated_g': 0.7, 'protein_g': 'Only available for premium subscribers.', 'sodium_mg': 32, 'potassium_mg': 62, 'cholesterol_mg': 5, 'carbohydrates_total_g': 3.1, 'fiber_g': 0.0, 'sugar_g': 0.0}, {'name': 'large eggs', 'calories': 'Only available for premium subscribers.', 'serving_size_g': 100.0, 'fat_total_g': 9.6, 'fat_saturated_g': 3.1, 'protein_g': 'Only available for premium subscribers.', 'sodium_mg': 140, 'potassium_mg': 201, 'cholesterol_mg': 376, 'carbohydrates_total_g': 0.7, 'fiber_g': 0.0, 'sugar_g': 0.4}])
[2026-01-08 18:29:27] INFO [recipes.services.recipe_providers.utils.recipe_scrapers:110] Macros supplemented via macro analysis service.
[2026-01-08 18:29:27] INFO [recipes.services.recipe_providers.budgetbytes.budgetbytes:355] Recipe data normalized successfully - Title: Chai Spiced Scones, Ingredients: 11, Instructions: 5, Has structured ingredients: True
[2026-01-08 18:29:27] INFO [recipes.services.recipe_providers.budgetbytes.budgetbytes:75] Recipe scraped successfully from https://www.budgetbytes.com/chai-spiced-scones/ - Title: Chai Spiced Scones (provider: BudgetBytes)
[2026-01-08 18:29:27] INFO [recipes.management.commands.budget_bytes_recipe_discovery:31] Recipe data: RecipeData(title='Chai Spiced Scones', source_url='https://www.budgetbytes.com/chai-spiced-scones/', description='Simple scones spiced with classic chai spices like cinnamon, ginger, and cloves.', ingredients=[IngredientData(name='all-purpose flour', quantity=2.0, unit='cup', notes=None, original_text='2 cups all-purpose flour ($0.20)'), IngredientData(name='sugar', quantity=3.0, unit='Tbsps', notes=None, original_text='3 Tbsp sugar ($0.03)'), IngredientData(name='salt', quantity=0.5, unit='teaspoon', notes=None, original_text='1/2 tsp salt ($0.02)'), IngredientData(name='baking powder', quantity=2.0, unit='teaspoon', notes=None, original_text='2 tsp baking powder ($0.06)'), IngredientData(name='cinnamon', quantity=1.0, unit='teaspoon', notes=None, original_text='1 tsp cinnamon ($0.05)'), IngredientData(name='ground ginger', quantity=0.5, unit='teaspoon', notes=None, original_text='1/2 tsp ground ginger ($0.05)'), IngredientData(name='ground cloves', quantity=0.5, unit='teaspoon', notes=None, original_text='1/2 tsp ground cloves ($0.05)'), IngredientData(name='ground cardamom', quantity=0.25, unit='teaspoon', notes=None, original_text='1/4 tsp ground cardamom ($0.03)'), IngredientData(name='cold butter', quantity=5.0, unit='Tbsps', notes=None, original_text='5 Tbsp cold butter ($0.43)'), IngredientData(name='milk', quantity=0.25, unit='cup', notes=None, original_text='1/4 cup milk ($0.06)'), IngredientData(name='eggs', quantity=2.0, unit='', notes=None, original_text='2 large eggs ($0.47)')], instructions=['Preheat the oven to 450 degrees. In a large bowl combine the flour, sugar, salt, baking powder, cinnamon, ginger, cloves, and cardamom. Stir until everything is well combined.', 'Make sure the butter is cold. Cut it into chunks and then add it to the flour mixture. Use your hands to rub or smoosh the butter into the flour until the mixture has a grainy appearance.', 'In a separate small bowl, whisk together the eggs and milk. Pour the egg mixture into the bowl with the flour and butter. Stir everything together until it forms one lump of very moist dough. If it remains crumbly with dry flour on the bottom of the bowl, add a small amount of water (about 1/2 to 1 tablespoon) to make it come together.', 'Turn the dough out onto a lightly floured surface and shape it into one flat disc for regular sized scones, or two flat discs for mini scones. The discs should be about one inch thick each. Sprinkle the top of the dough with granulated sugar, if desired. Cut the disc(s) into eight wedge-shaped pieces.', 'Place the dough wedges on a baking sheet covered with parchment paper. Bake the scones in the fully preheated oven for 15-17 minutes or until lightly golden brown on top.'], prep_time=15, cook_time=15, servings=8, cuisine_type=None, difficulty_level=None, image_url='https://www.budgetbytes.com/wp-content/uploads/2013/01/ChaiSconescrumble.jpg', nutrition={'servingSize': '1 Serving', 'calories': '220.29 kcal', 'carbohydrateContent': '29.59 g', 'proteinContent': '5.15 g', 'fatContent': '8.85 g', 'fiberContent': '1.09 g', 'sodiumContent': '316.29 mg'}, macros=MacroNutrition(calories=220.29, protein=5.15, carbohydrates=29.59, fat=8.85, fiber=1.09, sugar=44.7, sodium=316.29, saturated_fat=41.00000000000001, cholesterol=533.0, monounsaturated_fat=None, polyunsaturated_fat=None), tags=[], dietary_restrictions=[], author='Beth Moncel', rating=4.15, provider=None)
[2026-01-08 18:29:30] ERROR [recipes.services.recipe_storage:60] Failed to store recipe 'Chai Spiced Scones': value too long for type character varying(50)

[2026-01-08 18:29:30] ERROR [recipes.management.commands.budget_bytes_recipe_discovery:49] Failed to store recipe data
[2026-01-08 18:29:30] INFO [recipes.management.commands.budget_bytes_recipe_discovery:28] Discovered recipe URL: https://www.budgetbytes.com/budget-byting-principles/
[2026-01-08 18:29:30] INFO [recipes.services.recipe_providers.budgetbytes.budgetbytes:70] Starting recipe scrape from URL: https://www.budgetbytes.com/budget-byting-principles/
[2026-01-08 18:29:32] ERROR [recipes.utils:73] Failed to extract data from method title with default value Unknown Recipe and error recipe-scrapers (15.8.0) exception: No Recipe Schema found at https://www.budgetbytes.com/budget-byting-principles/.
[2026-01-08 18:29:32] ERROR [recipes.services.recipe_providers.budgetbytes.budgetbytes:287] Failed to extract recipe title from https://www.budgetbytes.com/budget-byting-principles/
[2026-01-08 18:29:32] ERROR [recipes.services.recipe_providers.budgetbytes.budgetbytes:368] Failed to normalize recipe data from https://www.budgetbytes.com/budget-byting-principles/ - Error: Failed to extract recipe title, Raw ingredients: N/A
[2026-01-08 18:34:11] INFO [recipes.management.commands.budget_bytes_recipe_discovery:18] Starting budget bytes recipe discovery
[2026-01-08 18:34:11] INFO [recipes.services.recipe_providers.base:240] Recipe provider initialized - Name: BudgetBytes, Domain: budgetbytes.com
[2026-01-08 18:34:11] INFO [recipes.services.macro_analysis.api_ninja:36] Initializing API NINJA Nutrition API
[2026-01-08 18:34:11] INFO [recipes.services.recipe_providers.budgetbytes.budgetbytes:97] Starting sitemap-based recipe URL discovery (limit: 10)
[2026-01-08 18:34:13] INFO [recipes.services.recipe_providers.budgetbytes.budgetbytes:122] Attempting to fetch sitemap: https://www.budgetbytes.com/post-sitemap.xml
[2026-01-08 18:34:18] INFO [recipes.services.recipe_providers.budgetbytes.budgetbytes:132] Successfully fetched sitemap: https://www.budgetbytes.com/post-sitemap.xml
[2026-01-08 18:34:18] INFO [recipes.services.recipe_providers.budgetbytes.budgetbytes:197] Processing regular sitemap
[2026-01-08 18:34:18] INFO [recipes.services.recipe_providers.budgetbytes.budgetbytes:136] Found 958 URLs in sitemap: https://www.budgetbytes.com/post-sitemap.xml
[2026-01-08 18:34:21] INFO [recipes.services.recipe_providers.budgetbytes.budgetbytes:122] Attempting to fetch sitemap: https://www.budgetbytes.com/post-sitemap2.xml
[2026-01-08 18:34:28] INFO [recipes.services.recipe_providers.budgetbytes.budgetbytes:132] Successfully fetched sitemap: https://www.budgetbytes.com/post-sitemap2.xml
[2026-01-08 18:34:28] INFO [recipes.services.recipe_providers.budgetbytes.budgetbytes:197] Processing regular sitemap
[2026-01-08 18:34:28] INFO [recipes.services.recipe_providers.budgetbytes.budgetbytes:136] Found 1906 URLs in sitemap: https://www.budgetbytes.com/post-sitemap2.xml
[2026-01-08 18:34:28] INFO [recipes.services.recipe_providers.budgetbytes.budgetbytes:157] Filtered recipe URLs - Total discovered: 1906, Recipes found: 1871
[2026-01-08 18:34:28] INFO [recipes.services.recipe_providers.budgetbytes.budgetbytes:101] Recipe URL discovery completed from sitemap - Total discovered: 10 (method: sitemap)
[2026-01-08 18:34:28] INFO [recipes.management.commands.budget_bytes_recipe_discovery:28] Discovered recipe URL: https://www.budgetbytes.com/stuffed-poblano-peppers/
[2026-01-08 18:34:28] INFO [recipes.services.recipe_providers.budgetbytes.budgetbytes:70] Starting recipe scrape from URL: https://www.budgetbytes.com/stuffed-poblano-peppers/
[2026-01-08 18:34:31] ERROR [recipes.utils:73] Failed to extract data from method dietary_restrictions with default value None and error recipe-scrapers (15.8.0) exception: No dietary restrictions data in SchemaOrg.
[2026-01-08 18:34:31] INFO [recipes.services.macro_analysis.api_ninja:36] Initializing API NINJA Nutrition API
[2026-01-08 18:34:33] INFO [recipes.services.macro_analysis.api_ninja:336] API Ninja availability check - Available: True, Status code: 200
[2026-01-08 18:34:33] INFO [recipes.services.macro_analysis.base:308] Macro analysis request - Service: ApiNinjaMacroAnalyzer, Food name: Stuffed Poblano Peppers
Ingredients:
1 cup uncooked long grain rice ($0.30)
2 cubes bullion, vegetable, or chicken ($0.24)
1/4 tsp chili powder ($0.05)
1/4 bunch fresh cilantro ($0.17)
6 poblano peppers ($2.98)
4 oz. cheese ($0.99)
3/4 cup divided salsa ($0.52)
1 15oz. can black beans ($0.87)
non-stick spray (if needed) ($0.10), Quantity: 0, Analysis type: recipe
[2026-01-08 18:34:34] INFO [recipes.services.recipe_providers.utils.recipe_scrapers:109] Macros supplemented via macro analysis service.
[2026-01-08 18:34:34] INFO [recipes.services.recipe_providers.budgetbytes.budgetbytes:355] Recipe data normalized successfully - Title: Stuffed Poblano Peppers, Ingredients: 9, Instructions: 6, Has structured ingredients: True
[2026-01-08 18:34:34] INFO [recipes.services.recipe_providers.budgetbytes.budgetbytes:75] Recipe scraped successfully from https://www.budgetbytes.com/stuffed-poblano-peppers/ - Title: Stuffed Poblano Peppers (provider: BudgetBytes)
[2026-01-08 18:34:34] INFO [recipes.management.commands.budget_bytes_recipe_discovery:31] Recipe data: RecipeData(title='Stuffed Poblano Peppers', source_url='https://www.budgetbytes.com/stuffed-poblano-peppers/', description='Stuffed poblano peppers are a fun, filling, and flavorful vegetarian meal. The southwest flavors are vibrant while beans and rice keep you feeling full.', ingredients=[IngredientData(name='long grain rice', quantity=1.0, unit='cup', notes='uncooked', original_text='1 cup uncooked long grain rice ($0.30)'), IngredientData(name='bullion', quantity=2.0, unit='cubes', notes=None, original_text='2 cubes bullion, vegetable, or chicken ($0.24)'), IngredientData(name='chili powder', quantity=0.25, unit='teaspoon', notes=None, original_text='1/4 tsp chili powder ($0.05)'), IngredientData(name='fresh cilantro', quantity=0.25, unit='bunches', notes=None, original_text='1/4 bunch fresh cilantro ($0.17)'), IngredientData(name='poblano peppers', quantity=6.0, unit='', notes=None, original_text='6 poblano peppers ($2.98)'), IngredientData(name='cheese', quantity=4.0, unit='ounce', notes=None, original_text='4 oz. cheese ($0.99)'), IngredientData(name='salsa', quantity=0.75, unit='cup', notes='divided', original_text='3/4 cup divided salsa ($0.52)'), IngredientData(name='black beans', quantity=1.0, unit='can', notes=None, original_text='1 15oz. can black beans ($0.87)'), IngredientData(name='non-stick spray', quantity=None, unit=None, notes=None, original_text='non-stick spray (if needed) ($0.10)')], instructions=['Cook the rice in a medium pot with 1.75 cups of water and two buillion cubes. (instructions for cooking rice here) While the rice is cooking, finely chop the cilantro. Mix the cilantro and chili powder into the rice after it has finished cooking. Set the rice aside until you are ready to use it.', 'While the rice is cooking, roast the poblanos. Preheat the broiler to 400 degrees. Spray a baking sheet and coat all sides of the poblano peppers with non-stick spray (you can rub olive oil all over them but I find spraying is much easier). Place the baking sheet a few inches under the broiler (I use the second rack level) and broil on each side for 5 minutes.', 'After broiling the poblanos, the skin should be blistered and bubbly. Immediately place the peppers into a ziplock bag for about 15 minutes to allow the steam to loosen the skin. Remove them from the bag and peel away as much of the skin as possible (be gentle and it is okay if you can’t get ALL of the skin).', 'Cut a boat shaped piece out of each pepper and then carefully remove the seeds and seed pod. Save the pieces of pepper that are removed to make the openings because it makes a great ingredient for salads, burrito bowls or quesadillas (breakfast quesadilla anyone?).', 'Preheat the oven to 350 degrees (bake, not broil this time). Gently fill the peppers with layers of seasoned rice, salsa, cheese and beans. I began with rice (1/3 to 1/2 cup), then 1 Tbsp of salsa, 1/3 oz. of cheese, beans (as much as I could stuff in), then more salsa and cheese (same amounts as before).', 'Place the peppers back in the oven and bake until they are heated through and the cheese is melted (about 20 minutes). Enjoy!'], prep_time=30, cook_time=90, servings=6, cuisine_type='Southwest', difficulty_level=None, image_url='https://www.budgetbytes.com/wp-content/uploads/2010/02/Stuffed20Poblanos202.jpg', nutrition={'servingSize': '1 Serving', 'calories': '290.52 kcal', 'carbohydrateContent': '47.75 g', 'proteinContent': '13.53 g', 'fatContent': '5.08 g', 'fiberContent': '9.8 g', 'sodiumContent': '921.68 mg'}, macros=MacroNutrition(calories=290.52, protein=13.53, carbohydrates=47.75, fat=5.08, fiber=9.8, sugar=20.4, sodium=921.68, saturated_fat=28.2, cholesterol=268.0, monounsaturated_fat=None, polyunsaturated_fat=None), tags=['Diner,Main Course,Side Dish', 'Southwest'], dietary_restrictions=[], author='Beth Moncel', rating=4.67, provider=None)
[2026-01-08 18:34:35] ERROR [recipes.services.recipe_storage:246] Failed to generate embedding for recipe 'Stuffed Poblano Peppers': The truth value of an array with more than one element is ambiguous. Use a.any() or a.all()
[2026-01-08 18:34:35] INFO [recipes.management.commands.budget_bytes_recipe_discovery:45] Recipe stored: Stuffed Poblano Peppers (e4829817-d211-495c-a352-24d7947c2043)
[2026-01-08 18:34:35] INFO [recipes.management.commands.budget_bytes_recipe_discovery:28] Discovered recipe URL: https://www.budgetbytes.com/grits-n-greens/
[2026-01-08 18:34:35] INFO [recipes.services.recipe_providers.budgetbytes.budgetbytes:70] Starting recipe scrape from URL: https://www.budgetbytes.com/grits-n-greens/
[2026-01-08 18:34:38] ERROR [recipes.utils:73] Failed to extract data from method ratings with default value None and error recipe-scrapers (15.8.0) exception: No ratingValue in SchemaOrg.
[2026-01-08 18:34:38] ERROR [recipes.utils:73] Failed to extract data from method dietary_restrictions with default value None and error recipe-scrapers (15.8.0) exception: No dietary restrictions data in SchemaOrg.
[2026-01-08 18:34:38] INFO [recipes.services.macro_analysis.api_ninja:36] Initializing API NINJA Nutrition API
[2026-01-08 18:34:39] INFO [recipes.services.macro_analysis.api_ninja:336] API Ninja availability check - Available: True, Status code: 200
[2026-01-08 18:34:39] INFO [recipes.services.macro_analysis.base:308] Macro analysis request - Service: ApiNinjaMacroAnalyzer, Food name: Grits 'n Greens
Ingredients:
3 Tbsp quick cooking grits ($0.04)
1/2 Tbsp butter ($0.03)
1/2 cup collard greens ($0.42)
1 large egg ($0.12)
to taste salt and pepper ($0.05), Quantity: 0, Analysis type: recipe
[2026-01-08 18:34:39] INFO [recipes.services.recipe_providers.utils.recipe_scrapers:109] Macros supplemented via macro analysis service.
[2026-01-08 18:34:39] INFO [recipes.services.recipe_providers.budgetbytes.budgetbytes:355] Recipe data normalized successfully - Title: Grits 'n Greens, Ingredients: 5, Instructions: 3, Has structured ingredients: True
[2026-01-08 18:34:39] INFO [recipes.services.recipe_providers.budgetbytes.budgetbytes:75] Recipe scraped successfully from https://www.budgetbytes.com/grits-n-greens/ - Title: Grits 'n Greens (provider: BudgetBytes)
[2026-01-08 18:34:39] INFO [recipes.management.commands.budget_bytes_recipe_discovery:31] Recipe data: RecipeData(title="Grits 'n Greens", source_url='https://www.budgetbytes.com/grits-n-greens/', description='This super hearty breakfast starts with a bed of traditional grits, gets dressed up with some cooked collard greens and then is topped off with an egg.', ingredients=[IngredientData(name='quick cooking grits', quantity=3.0, unit='Tbsps', notes=None, original_text='3 Tbsp quick cooking grits ($0.04)'), IngredientData(name='butter', quantity=0.5, unit='Tbsps', notes=None, original_text='1/2 Tbsp butter ($0.03)'), IngredientData(name='collard greens', quantity=0.5, unit='cup', notes=None, original_text='1/2 cup collard greens ($0.42)'), IngredientData(name='egg', quantity=1.0, unit='', notes=None, original_text='1 large egg ($0.12)'), IngredientData(name='salt', quantity=None, unit=None, notes=None, original_text='to taste salt and pepper ($0.05)')], instructions=['Cook the grits according to the directions on the package (mix with 1 cup of water and microwave on high for 1.5 minutes – watch to make sure it doesn’t boil over). Season the grits with butter, salt and pepper.', 'In a small skillet, cook the egg leaving the yolk runny (if desired).', 'Warm a half cup of collard greens in the microwave. Spoon the greens over the grits then top with the egg. Dig in!'], prep_time=5, cook_time=10, servings=1, cuisine_type='American', difficulty_level=None, image_url='https://www.budgetbytes.com/wp-content/uploads/2010/08/Grits20n20Greens202.jpg', nutrition={'servingSize': '1 Serving', 'calories': '228 kcal', 'carbohydrateContent': '23.6 g', 'proteinContent': '9.3 g', 'fatContent': '11.2 g', 'fiberContent': '2 g', 'sodiumContent': '944 mg'}, macros=MacroNutrition(calories=228.0, protein=9.3, carbohydrates=23.6, fat=11.2, fiber=2.0, sugar=0.8, sodium=944.0, saturated_fat=5.4, cholesterol=201.0, monounsaturated_fat=None, polyunsaturated_fat=None), tags=['Breakfast,Brunch', 'American'], dietary_restrictions=[], author='Beth Moncel', rating=None, provider=None)
[2026-01-08 18:34:39] ERROR [recipes.services.recipe_storage:246] Failed to generate embedding for recipe 'Grits 'n Greens': The truth value of an array with more than one element is ambiguous. Use a.any() or a.all()
[2026-01-08 18:34:39] INFO [recipes.management.commands.budget_bytes_recipe_discovery:45] Recipe stored: Grits 'n Greens (dbfae4eb-4273-49f9-bebd-22368bc68e1e)
[2026-01-08 18:34:40] INFO [recipes.management.commands.budget_bytes_recipe_discovery:28] Discovered recipe URL: https://www.budgetbytes.com/cranberry-walnut-bread/
[2026-01-08 18:34:40] INFO [recipes.services.recipe_providers.budgetbytes.budgetbytes:70] Starting recipe scrape from URL: https://www.budgetbytes.com/cranberry-walnut-bread/
[2026-01-08 18:34:43] ERROR [recipes.utils:73] Failed to extract data from method dietary_restrictions with default value None and error recipe-scrapers (15.8.0) exception: No dietary restrictions data in SchemaOrg.
[2026-01-08 18:34:43] INFO [recipes.services.macro_analysis.api_ninja:36] Initializing API NINJA Nutrition API
[2026-01-08 18:34:44] INFO [recipes.services.macro_analysis.api_ninja:336] API Ninja availability check - Available: True, Status code: 200
[2026-01-08 18:34:44] INFO [recipes.services.macro_analysis.base:308] Macro analysis request - Service: ApiNinjaMacroAnalyzer, Food name: Cranberry Walnut Bread
Ingredients:
1 cup whole wheat flour ($0.16)
2 1/4 cups bread flour ($0.33)
1 1/4 tsp salt ($0.05)
3/4 Tbsp instant yeast ($0.20)
1/4 cup chopped walnuts ($0.42)
1/4 cup dried cranberries ($0.30)
1 1/4 cups water ($0.00)
2 Tbsp cornmeal ($0.03), Quantity: 0, Analysis type: recipe
[2026-01-08 18:34:45] INFO [recipes.services.recipe_providers.utils.recipe_scrapers:109] Macros supplemented via macro analysis service.
[2026-01-08 18:34:45] INFO [recipes.services.recipe_providers.budgetbytes.budgetbytes:355] Recipe data normalized successfully - Title: Cranberry Walnut Bread, Ingredients: 8, Instructions: 4, Has structured ingredients: True
[2026-01-08 18:34:45] INFO [recipes.services.recipe_providers.budgetbytes.budgetbytes:75] Recipe scraped successfully from https://www.budgetbytes.com/cranberry-walnut-bread/ - Title: Cranberry Walnut Bread (provider: BudgetBytes)
[2026-01-08 18:34:45] INFO [recipes.management.commands.budget_bytes_recipe_discovery:31] Recipe data: RecipeData(title='Cranberry Walnut Bread', source_url='https://www.budgetbytes.com/cranberry-walnut-bread/', description='This super easy cranberry walnut bread requites no kneading and bakes up to a nice chewy interior and perfectly crispy crust.', ingredients=[IngredientData(name='whole wheat flour', quantity=1.0, unit='cup', notes=None, original_text='1 cup whole wheat flour ($0.16)'), IngredientData(name='bread flour', quantity=2.25, unit='cup', notes=None, original_text='2 1/4 cups bread flour ($0.33)'), IngredientData(name='salt', quantity=1.25, unit='teaspoon', notes=None, original_text='1 1/4 tsp salt ($0.05)'), IngredientData(name='instant yeast', quantity=0.75, unit='Tbsps', notes=None, original_text='3/4 Tbsp instant yeast ($0.20)'), IngredientData(name='walnuts', quantity=0.25, unit='cup', notes='chopped', original_text='1/4 cup chopped walnuts ($0.42)'), IngredientData(name='dried cranberries', quantity=0.25, unit='cup', notes=None, original_text='1/4 cup dried cranberries ($0.30)'), IngredientData(name='water', quantity=1.25, unit='cup', notes=None, original_text='1 1/4 cups water ($0.00)'), IngredientData(name='cornmeal', quantity=2.0, unit='Tbsps', notes=None, original_text='2 Tbsp cornmeal ($0.03)')], instructions=['In a large bowl or pot, combine the dry ingredients (flours, salt, yeast, cranberries and walnuts. Cornmeal not included). Add the water and stir until a shaggy ball forms.', 'Let the dough sit at room temperature with a loose cover (I use the lid to the pot, slightly cocked so gasses can escape) for two hours. After two hours turn the dough out onto a floured surface and give it 3 or four turns (or kneads) just to make a coherent, smooth ball. Cut into two or leave as one large piece of dough. Shape into a round ball.', 'Place the shaped dough onto a baking sheet covered with parchment paper and sprinkled with cornmeal. Let rise for at least one hour or until double in size. At the end of the rise, preheat the oven to 450 degrees.', 'Using a sharp knife or a serrated bread knife, gently make a few slits across the top of the dough. Brush or spritz the dough with water and bake for about 30 minutes or until the crust is a deep golden brown. Remove from the oven and cool on a wire rack.'], prep_time=190, cook_time=30, servings=12, cuisine_type='American', difficulty_level=None, image_url='https://www.budgetbytes.com/wp-content/uploads/2010/12/720baked.jpg', nutrition={'servingSize': '1 Serving', 'calories': '161.92 kcal', 'carbohydrateContent': '30.55 g', 'proteinContent': '5.21 g', 'fatContent': '2.43 g', 'fiberContent': '2.29 g', 'sodiumContent': '247.27 mg'}, macros=MacroNutrition(calories=161.92, protein=5.21, carbohydrates=30.55, fat=2.43, fiber=2.29, sugar=57.2, sodium=247.27, saturated_fat=12.399999999999999, cholesterol=None, monounsaturated_fat=None, polyunsaturated_fat=None), tags=['Bread,Dinner,Lunch', 'American'], dietary_restrictions=[], author='Beth Moncel', rating=4.64, provider=None)
[2026-01-08 18:34:45] WARNING [recipes.services.recipe_storage:191] Skipping macro nutrition upsert because required macro values are missing.
[2026-01-08 18:34:45] ERROR [recipes.services.recipe_storage:246] Failed to generate embedding for recipe 'Cranberry Walnut Bread': The truth value of an array with more than one element is ambiguous. Use a.any() or a.all()
[2026-01-08 18:34:45] INFO [recipes.management.commands.budget_bytes_recipe_discovery:45] Recipe stored: Cranberry Walnut Bread (7305eb92-d03f-4303-9959-1bef5255731f)
[2026-01-08 18:34:45] INFO [recipes.management.commands.budget_bytes_recipe_discovery:28] Discovered recipe URL: https://www.budgetbytes.com/flour-tortillas/
[2026-01-08 18:34:45] INFO [recipes.services.recipe_providers.budgetbytes.budgetbytes:70] Starting recipe scrape from URL: https://www.budgetbytes.com/flour-tortillas/
[2026-01-08 18:34:48] ERROR [recipes.utils:73] Failed to extract data from method dietary_restrictions with default value None and error recipe-scrapers (15.8.0) exception: No dietary restrictions data in SchemaOrg.
[2026-01-08 18:34:48] INFO [recipes.services.macro_analysis.api_ninja:36] Initializing API NINJA Nutrition API
[2026-01-08 18:34:49] INFO [recipes.services.macro_analysis.api_ninja:336] API Ninja availability check - Available: True, Status code: 200
[2026-01-08 18:34:49] INFO [recipes.services.macro_analysis.base:308] Macro analysis request - Service: ApiNinjaMacroAnalyzer, Food name: Flour Tortillas
Ingredients:
3/4 cup whole wheat flour ($0.12)
2 cups all-purpose flour ($0.29)
5 Tbsp lard ($0.22)
3/4 tsp salt ($0.05)
3/4 cup warm water ($0.00), Quantity: 0, Analysis type: recipe
[2026-01-08 18:34:50] INFO [recipes.services.recipe_providers.utils.recipe_scrapers:109] Macros supplemented via macro analysis service.
[2026-01-08 18:34:50] INFO [recipes.services.recipe_providers.budgetbytes.budgetbytes:355] Recipe data normalized successfully - Title: Flour Tortillas, Ingredients: 5, Instructions: 6, Has structured ingredients: True
[2026-01-08 18:34:50] INFO [recipes.services.recipe_providers.budgetbytes.budgetbytes:75] Recipe scraped successfully from https://www.budgetbytes.com/flour-tortillas/ - Title: Flour Tortillas (provider: BudgetBytes)
[2026-01-08 18:34:50] INFO [recipes.management.commands.budget_bytes_recipe_discovery:31] Recipe data: RecipeData(title='Flour Tortillas', source_url='https://www.budgetbytes.com/flour-tortillas/', description='Classic flour tortillas are easy to make and require just a few ingredients.', ingredients=[IngredientData(name='whole wheat flour', quantity=0.75, unit='cup', notes=None, original_text='3/4 cup whole wheat flour ($0.12)'), IngredientData(name='all-purpose flour', quantity=2.0, unit='cup', notes=None, original_text='2 cups all-purpose flour ($0.29)'), IngredientData(name='lard', quantity=5.0, unit='Tbsps', notes=None, original_text='5 Tbsp lard ($0.22)'), IngredientData(name='salt', quantity=0.75, unit='teaspoon', notes=None, original_text='3/4 tsp salt ($0.05)'), IngredientData(name='warm water', quantity=0.75, unit='cup', notes=None, original_text='3/4 cup warm water ($0.00)')], instructions=['Combine the flours in a large bowl and stir until evenly mixed. Add the lard and work it in with your hands until the flour is coated in lard you have an even, crumbly mixture (looks like coarse sand).', 'Dissolve the salt into the warm water. Add the salt water to the flour/lard a little at a time until a cohesive ball has formed. You may need more or less water depending on the moisture content of your flour.', 'Once you have a rough ball of dough, turn it out onto a lightly floured surface and knead it for a minute or two or just until everything is evenly mixed. The dough will be fairly stiff and quite unlike regular bread dough so don’t worry if it is difficult to knead.', 'Divid the dough into 8 pieces (for large tortillas) or 12 (for smaller, 6-inch tortillas). Do your best to shape them into balls and let them sit for 30 minutes, covered with a damp towel.', 'After the dough has rested it will be much softer and easier to roll out. Roll each ball into a very thin circle (about the thickness of poster board). You can pile the rolled tortillas, one on top of the other until you are finished rolling.', 'Heat a heavy bottomed skillet over a medium flame. Once the pan is fully preheated, place one tortilla in at a time. Wait for it to bubble up and turn slightly golden then flip and cook the second side in the same manner (about 30 seconds each side). As each tortilla comes out of the skillet, pile them on a plate and cover with a damp cloth to keep soft and warm.'], prep_time=15, cook_time=30, servings=8, cuisine_type='Southwest', difficulty_level=None, image_url='https://www.budgetbytes.com/wp-content/uploads/2011/01/Tortillas20lard.jpg', nutrition={'servingSize': '1 Serving', 'calories': '223.88 kcal', 'carbohydrateContent': '31.95 g', 'proteinContent': '4.71 g', 'fatContent': '8.59 g', 'fiberContent': '2.05 g', 'sodiumContent': '222.1 mg'}, macros=MacroNutrition(calories=223.88, protein=4.71, carbohydrates=31.95, fat=8.59, fiber=2.05, sugar=2.5, sodium=222.1, saturated_fat=29.6, cholesterol=68.0, monounsaturated_fat=None, polyunsaturated_fat=None), tags=['Bread,Dinner,Lunch', 'Southwest'], dietary_restrictions=[], author='Beth Moncel', rating=5.0, provider=None)
[2026-01-08 18:34:50] ERROR [recipes.services.recipe_storage:246] Failed to generate embedding for recipe 'Flour Tortillas': The truth value of an array with more than one element is ambiguous. Use a.any() or a.all()
[2026-01-08 18:34:50] INFO [recipes.management.commands.budget_bytes_recipe_discovery:45] Recipe stored: Flour Tortillas (13694c75-c42e-4ad9-b8a7-a28bee3bacc6)
[2026-01-08 18:34:50] INFO [recipes.management.commands.budget_bytes_recipe_discovery:28] Discovered recipe URL: https://www.budgetbytes.com/sriracha-hummus/
[2026-01-08 18:34:50] INFO [recipes.services.recipe_providers.budgetbytes.budgetbytes:70] Starting recipe scrape from URL: https://www.budgetbytes.com/sriracha-hummus/
[2026-01-08 18:34:52] ERROR [recipes.utils:73] Failed to extract data from method cook_time with default value None and error recipe-scrapers (15.8.0) exception: Cooktime information not found in SchemaOrg
[2026-01-08 18:34:52] ERROR [recipes.utils:73] Failed to extract data from method cuisine with default value None and error recipe-scrapers (15.8.0) exception: No cuisine data in SchemaOrg.
[2026-01-08 18:34:52] ERROR [recipes.utils:73] Failed to extract data from method cuisine with default value None and error recipe-scrapers (15.8.0) exception: No cuisine data in SchemaOrg.
[2026-01-08 18:34:52] ERROR [recipes.utils:73] Failed to extract data from method dietary_restrictions with default value None and error recipe-scrapers (15.8.0) exception: No dietary restrictions data in SchemaOrg.
[2026-01-08 18:34:52] INFO [recipes.services.macro_analysis.api_ninja:36] Initializing API NINJA Nutrition API
[2026-01-08 18:34:53] INFO [recipes.services.macro_analysis.api_ninja:336] API Ninja availability check - Available: True, Status code: 200
[2026-01-08 18:34:53] INFO [recipes.services.macro_analysis.base:308] Macro analysis request - Service: ApiNinjaMacroAnalyzer, Food name: Sriracha Hummus
Ingredients:
1 15oz. can chickpeas ($1.29)
2 Tbsp olive oil ($0.28)
1/4 cup lemon juice ($0.22)
1/4 cup tahini ($0.81)
1 clove garlic ($0.08)
1/2 tsp salt ($0.02)
1/8 tsp ground cumin ($0.02)
2 Tbsp Sriracha ($0.24), Quantity: 0, Analysis type: recipe
[2026-01-08 18:34:54] INFO [recipes.services.recipe_providers.utils.recipe_scrapers:109] Macros supplemented via macro analysis service.
[2026-01-08 18:34:54] INFO [recipes.services.recipe_providers.budgetbytes.budgetbytes:355] Recipe data normalized successfully - Title: Sriracha Hummus, Ingredients: 8, Instructions: 2, Has structured ingredients: True
[2026-01-08 18:34:54] INFO [recipes.services.recipe_providers.budgetbytes.budgetbytes:75] Recipe scraped successfully from https://www.budgetbytes.com/sriracha-hummus/ - Title: Sriracha Hummus (provider: BudgetBytes)
[2026-01-08 18:34:54] INFO [recipes.management.commands.budget_bytes_recipe_discovery:31] Recipe data: RecipeData(title='Sriracha Hummus', source_url='https://www.budgetbytes.com/sriracha-hummus/', description='Sriracha hummus is a fun, spicy twist on the creamy traditional chickpea dip.', ingredients=[IngredientData(name='chickpeas', quantity=1.0, unit='can', notes=None, original_text='1 15oz. can chickpeas ($1.29)'), IngredientData(name='olive oil', quantity=2.0, unit='Tbsps', notes=None, original_text='2 Tbsp olive oil ($0.28)'), IngredientData(name='lemon juice', quantity=0.25, unit='cup', notes=None, original_text='1/4 cup lemon juice ($0.22)'), IngredientData(name='tahini', quantity=0.25, unit='cup', notes=None, original_text='1/4 cup tahini ($0.81)'), IngredientData(name='garlic', quantity=1.0, unit='clove', notes=None, original_text='1 clove garlic ($0.08)'), IngredientData(name='salt', quantity=0.5, unit='teaspoon', notes=None, original_text='1/2 tsp salt ($0.02)'), IngredientData(name='ground cumin', quantity=0.125, unit='teaspoon', notes=None, original_text='1/8 tsp ground cumin ($0.02)'), IngredientData(name='Sriracha', quantity=2.0, unit='Tbsps', notes=None, original_text='2 Tbsp Sriracha ($0.24)')], instructions=['Drain the chickpeas and add to a food processor along with the olive oil, tahini, lemon juice, garlic (whole is fine), salt, and cumin. Process until smooth, adding water or more olive oil as needed. I usually add 1/4 – 1/2 cup water, but you can olive oil for a creamier hummus.', 'Start with 1 Tbsp of sriracha and add more to your liking. I like it hot so I added about 2 Tbsp.'], prep_time=10, cook_time=None, servings=5, cuisine_type=None, difficulty_level=None, image_url='https://www.budgetbytes.com/wp-content/uploads/2012/03/SrirachaHummusclose.jpg', nutrition={'servingSize': '1 Serving', 'calories': '254.08 kcal', 'carbohydrateContent': '24.16 g', 'proteinContent': '9.26 g', 'fatContent': '14.72 g', 'fiberContent': '7.56 g', 'sodiumContent': '693.72 mg'}, macros=MacroNutrition(calories=254.08, protein=9.26, carbohydrates=24.16, fat=14.72, fiber=7.56, sugar=28.2, sodium=693.72, saturated_fat=9.0, cholesterol=None, monounsaturated_fat=None, polyunsaturated_fat=None), tags=[], dietary_restrictions=[], author='Beth Moncel', rating=4.8, provider=None)
[2026-01-08 18:34:57] ERROR [recipes.services.recipe_storage:60] Failed to store recipe 'Sriracha Hummus': value too long for type character varying(50)

[2026-01-08 18:34:57] ERROR [recipes.management.commands.budget_bytes_recipe_discovery:49] Failed to store recipe data
[2026-01-08 18:34:57] INFO [recipes.management.commands.budget_bytes_recipe_discovery:28] Discovered recipe URL: https://www.budgetbytes.com/lentil-tacos/
[2026-01-08 18:34:57] INFO [recipes.services.recipe_providers.budgetbytes.budgetbytes:70] Starting recipe scrape from URL: https://www.budgetbytes.com/lentil-tacos/
[2026-01-08 18:35:00] ERROR [recipes.utils:73] Failed to extract data from method cuisine with default value None and error recipe-scrapers (15.8.0) exception: No cuisine data in SchemaOrg.
[2026-01-08 18:35:00] ERROR [recipes.utils:73] Failed to extract data from method cuisine with default value None and error recipe-scrapers (15.8.0) exception: No cuisine data in SchemaOrg.
[2026-01-08 18:35:00] ERROR [recipes.utils:73] Failed to extract data from method dietary_restrictions with default value None and error recipe-scrapers (15.8.0) exception: No dietary restrictions data in SchemaOrg.
[2026-01-08 18:35:00] INFO [recipes.services.macro_analysis.api_ninja:36] Initializing API NINJA Nutrition API
[2026-01-08 18:35:01] INFO [recipes.services.macro_analysis.api_ninja:336] API Ninja availability check - Available: True, Status code: 200
[2026-01-08 18:35:01] INFO [recipes.services.macro_analysis.base:308] Macro analysis request - Service: ApiNinjaMacroAnalyzer, Food name: Lentil Tacos
Ingredients:
2 cups dry brown lentils ($0.61)
1 small yellow onion ($0.51)
2 cloves garlic ($0.16)
2 Tbsp olive oil ($0.24)
1 recipe taco seasoning (with corn starch) ($0.34)
1 tsp salt ($0.05)
16 small corn tortillas ($1.03)
1 recipe pico de gallo ($1.91)
8 oz. sour cream ($1.39)
2 small avocados ($1.19), Quantity: 0, Analysis type: recipe
[2026-01-08 18:35:02] INFO [recipes.services.recipe_providers.utils.recipe_scrapers:109] Macros supplemented via macro analysis service.
[2026-01-08 18:35:02] INFO [recipes.services.recipe_providers.budgetbytes.budgetbytes:355] Recipe data normalized successfully - Title: Lentil Tacos, Ingredients: 10, Instructions: 5, Has structured ingredients: True
[2026-01-08 18:35:02] INFO [recipes.services.recipe_providers.budgetbytes.budgetbytes:75] Recipe scraped successfully from https://www.budgetbytes.com/lentil-tacos/ - Title: Lentil Tacos (provider: BudgetBytes)
[2026-01-08 18:35:02] INFO [recipes.management.commands.budget_bytes_recipe_discovery:31] Recipe data: RecipeData(title='Lentil Tacos', source_url='https://www.budgetbytes.com/lentil-tacos/', description="You'll never know the meat is missing in these incredibly flavorful and filling lentil tacos! Step by step photos.", ingredients=[IngredientData(name='dry brown lentils', quantity=2.0, unit='cup', notes=None, original_text='2 cups dry brown lentils ($0.61)'), IngredientData(name='yellow onion', quantity=1.0, unit='', notes=None, original_text='1 small yellow onion ($0.51)'), IngredientData(name='garlic', quantity=2.0, unit='cloves', notes=None, original_text='2 cloves garlic ($0.16)'), IngredientData(name='olive oil', quantity=2.0, unit='Tbsps', notes=None, original_text='2 Tbsp olive oil ($0.24)'), IngredientData(name='taco seasoning', quantity=1.0, unit='recipe', notes=None, original_text='1 recipe taco seasoning (with corn starch) ($0.34)'), IngredientData(name='salt', quantity=1.0, unit='teaspoon', notes=None, original_text='1 tsp salt ($0.05)'), IngredientData(name='corn tortillas', quantity=16.0, unit='', notes=None, original_text='16 small corn tortillas ($1.03)'), IngredientData(name='pico de gallo', quantity=1.0, unit='recipe', notes=None, original_text='1 recipe pico de gallo ($1.91)'), IngredientData(name='sour cream', quantity=8.0, unit='ounce', notes=None, original_text='8 oz. sour cream ($1.39)'), IngredientData(name='avocados', quantity=2.0, unit='', notes=None, original_text='2 small avocados ($1.19)')], instructions=['In a skillet over medium heat, lightly toast the corn tortillas on both sides. If you are using a non-stick or cast iron pan, no oil is needed. If you are using a stainless steel or other cooking surface, you may need a quick spritz of non-stick spray. The tortillas should be lightly browned in some spots but still pliable.', 'Sort and rinse the lentils. Bring 3 cups of water to a rolling boil in a medium pot. Once it reaches a boil, add the lentils. Let the pot return to a boil, then reduce the heat to low, place a lid on top. Allow the lentils to simmer for 20 minutes. After 20 minutes, taste the lentils to test the texture. They should be tender but not mushy. Drain the lentils in a colander. (For a step by step picture tutorial on how to cook lentils, click here)', 'While the lentils are simmering, prepare the pico de gallo (instructions here). Also mix together the taco seasoning, including the corn starch (instructions here).', 'Dice the onion, mince the garlic and cook them with olive oil in a large skillet over medium heat until tender. Once the onion is tender, add the drained lentils, the taco seasoning, and about a half cup of water. Stir and cook over medium heat until the mixture has thickened (about 3-5 minutes). Season to taste with salt – this will really bring out the flavors (I added one teaspoon).', 'Build the tacos, using about 1/4 cup of seasoned lentils per taco, one slice of avocado, a small amount of pico de gallo, and sour cream. If you have cilantro left over from the pico de gallo, it can also be used to top the tacos.'], prep_time=20, cook_time=30, servings=8, cuisine_type=None, difficulty_level=None, image_url='https://www.budgetbytes.com/wp-content/uploads/2012/04/LentilTacosclose.jpg', nutrition={'servingSize': '1 Serving', 'calories': '391.83 kcal', 'carbohydrateContent': '54.09 g', 'proteinContent': '15.71 g', 'fatContent': '14.31 g', 'fiberContent': '10.13 g', 'sodiumContent': '639.84 mg'}, macros=MacroNutrition(calories=391.83, protein=15.71, carbohydrates=54.09, fat=14.31, fiber=10.13, sugar=30.0, sodium=639.84, saturated_fat=21.8, cholesterol=56.0, monounsaturated_fat=None, polyunsaturated_fat=None), tags=[], dietary_restrictions=[], author='Beth Moncel', rating=4.65, provider=None)
